Property_ID,Price_INR_Lakhs
PROP-009209,100
PROP-053772,100
PROP-001197,100
PROP-043368,100
PROP-058815,100
PROP-038284,100
PROP-007780,100
PROP-050321,100
PROP-050246,100
PROP-025067,100
PROP-033525,100
PROP-012437,100
PROP-086621,100
PROP-034290,100
PROP-092076,100
PROP-022461,100
PROP-084912,100
PROP-015090,100
PROP-034822,100
PROP-058300,100
PROP-062944,100
PROP-099265,100
PROP-012140,100
PROP-038198,100
PROP-078547,100
PROP-042330,100
PROP-071779,100
PROP-035686,100
PROP-044053,100
PROP-060256,100
PROP-048517,100
PROP-001258,100
PROP-028593,100
PROP-077849,100
PROP-018475,100
PROP-092052,100
PROP-073809,100
PROP-011692,100
PROP-005120,100
PROP-049852,100
PROP-008719,100
PROP-089571,100
PROP-013390,100
PROP-097490,100
PROP-035593,100
PROP-084362,100
PROP-061825,100
PROP-050287,100
PROP-026455,100
PROP-046940,100
PROP-019096,100
PROP-081053,100
PROP-080215,100
PROP-035342,100
PROP-058537,100
PROP-063436,100
PROP-095226,100
PROP-019721,100
PROP-055282,100
PROP-007943,100
PROP-094855,100
PROP-082653,100
PROP-068822,100
PROP-091376,100
PROP-051927,100
PROP-092459,100
PROP-055024,100
PROP-097528,100
PROP-060415,100
PROP-014729,100
PROP-065701,100
PROP-041976,100
PROP-041664,100
PROP-004742,100
PROP-097012,100
PROP-012629,100
PROP-001530,100
PROP-019723,100
PROP-025779,100
PROP-084207,100
PROP-095162,100
PROP-064153,100
PROP-061763,100
PROP-058567,100
PROP-099492,100
PROP-078124,100
PROP-034356,100
PROP-082645,100
PROP-052964,100
PROP-048341,100
PROP-039101,100
PROP-000051,100
PROP-035644,100
PROP-028783,100
PROP-040354,100
PROP-086128,100
PROP-021444,100
PROP-039579,100
PROP-025825,100
PROP-035672,100
PROP-065469,100
PROP-010930,100
PROP-065462,100
PROP-091802,100
PROP-038850,100
PROP-038696,100
PROP-007929,100
PROP-000569,100
PROP-075660,100
PROP-028066,100
PROP-052278,100
PROP-095400,100
PROP-027395,100
PROP-000793,100
PROP-056531,100
PROP-076128,100
PROP-080855,100
PROP-088266,100
PROP-049652,100
PROP-095060,100
PROP-095466,100
PROP-043384,100
PROP-080455,100
PROP-012148,100
PROP-095711,100
PROP-098238,100
PROP-074973,100
PROP-093426,100
PROP-047101,100
PROP-096953,100
PROP-030999,100
PROP-038134,100
PROP-086255,100
PROP-058878,100
PROP-031225,100
PROP-026230,100
PROP-065646,100
PROP-019626,100
PROP-099389,100
PROP-066200,100
PROP-068494,100
PROP-016937,100
PROP-029353,100
PROP-032575,100
PROP-070619,100
PROP-000169,100
PROP-058167,100
PROP-047212,100
PROP-021684,100
PROP-038270,100
PROP-008182,100
PROP-047791,100
PROP-077023,100
PROP-062160,100
PROP-095461,100
PROP-036979,100
PROP-020733,100
PROP-085796,100
PROP-006795,100
PROP-020588,100
PROP-054593,100
PROP-069843,100
PROP-087592,100
PROP-040802,100
PROP-056093,100
PROP-093843,100
PROP-044927,100
PROP-012428,100
PROP-054417,100
PROP-006286,100
PROP-051679,100
PROP-003009,100
PROP-096554,100
PROP-059926,100
PROP-054127,100
PROP-026203,100
PROP-021484,100
PROP-028839,100
PROP-015461,100
PROP-000834,100
PROP-037452,100
PROP-019317,100
PROP-031798,100
PROP-077866,100
PROP-038549,100
PROP-075509,100
PROP-059188,100
PROP-013621,100
PROP-095844,100
PROP-078483,100
PROP-016560,100
PROP-050057,100
PROP-047354,100
PROP-027268,100
PROP-095700,100
PROP-089908,100
PROP-072278,100
PROP-075474,100
PROP-066142,100
PROP-025108,100
PROP-049353,100
PROP-036887,100
PROP-073204,100
PROP-020259,100
PROP-019460,100
PROP-036575,100
PROP-065383,100
PROP-046207,100
PROP-033873,100
PROP-025951,100
PROP-086674,100
PROP-087506,100
PROP-072237,100
PROP-035504,100
PROP-011957,100
PROP-009885,100
PROP-081955,100
PROP-079682,100
PROP-013577,100
PROP-036227,100
PROP-008630,100
PROP-076356,100
PROP-001692,100
PROP-050657,100
PROP-059568,100
PROP-039021,100
PROP-033162,100
PROP-080701,100
PROP-069238,100
PROP-035557,100
PROP-005954,100
PROP-041084,100
PROP-009195,100
PROP-025439,100
PROP-059077,100
PROP-000894,100
PROP-041545,100
PROP-008963,100
PROP-007971,100
PROP-076968,100
PROP-007403,100
PROP-048577,100
PROP-052978,100
PROP-054547,100
PROP-020315,100
PROP-024713,100
PROP-084831,100
PROP-090815,100
PROP-037804,100
PROP-014970,100
PROP-053434,100
PROP-047660,100
PROP-092291,100
PROP-092293,100
PROP-056968,100
PROP-043727,100
PROP-066660,100
PROP-018847,100
PROP-049971,100
PROP-054882,100
PROP-096768,100
PROP-084131,100
PROP-074801,100
PROP-098999,100
PROP-092221,100
PROP-091857,100
PROP-039287,100
PROP-061539,100
PROP-085346,100
PROP-067767,100
PROP-090641,100
PROP-021495,100
PROP-007409,100
PROP-022667,100
PROP-024967,100
PROP-044737,100
PROP-037447,100
PROP-092727,100
PROP-008823,100
PROP-095485,100
PROP-018328,100
PROP-017690,100
PROP-021965,100
PROP-085923,100
PROP-021768,100
PROP-070636,100
PROP-016250,100
PROP-049197,100
PROP-010169,100
PROP-056314,100
PROP-063693,100
PROP-024646,100
PROP-057524,100
PROP-084596,100
PROP-086679,100
PROP-072569,100
PROP-059621,100
PROP-018712,100
PROP-095218,100
PROP-061264,100
PROP-064960,100
PROP-044999,100
PROP-037719,100
PROP-019003,100
PROP-054113,100
PROP-049020,100
PROP-091311,100
PROP-034560,100
PROP-032903,100
PROP-065094,100
PROP-016373,100
PROP-071127,100
PROP-095003,100
PROP-094633,100
PROP-059121,100
PROP-041640,100
PROP-051019,100
PROP-005028,100
PROP-026405,100
PROP-037867,100
PROP-005084,100
PROP-020778,100
PROP-033774,100
PROP-012674,100
PROP-021245,100
PROP-027527,100
PROP-073844,100
PROP-075576,100
PROP-068615,100
PROP-099671,100
PROP-048751,100
PROP-047341,100
PROP-063841,100
PROP-032365,100
PROP-055301,100
PROP-063887,100
PROP-008068,100
PROP-027210,100
PROP-006580,100
PROP-033431,100
PROP-046258,100
PROP-087804,100
PROP-058906,100
PROP-033497,100
PROP-017819,100
PROP-084088,100
PROP-032109,100
PROP-087310,100
PROP-013624,100
PROP-093556,100
PROP-005516,100
PROP-022131,100
PROP-027139,100
PROP-026352,100
PROP-049129,100
PROP-059507,100
PROP-022454,100
PROP-024342,100
PROP-040201,100
PROP-049452,100
PROP-092018,100
PROP-090154,100
PROP-094261,100
PROP-007542,100
PROP-017517,100
PROP-028344,100
PROP-062410,100
PROP-097847,100
PROP-067100,100
PROP-089250,100
PROP-002841,100
PROP-027263,100
PROP-064172,100
PROP-092021,100
PROP-023911,100
PROP-094644,100
PROP-086111,100
PROP-098855,100
PROP-097439,100
PROP-068914,100
PROP-092689,100
PROP-093206,100
PROP-026815,100
PROP-080372,100
PROP-032602,100
PROP-065699,100
PROP-098592,100
PROP-022892,100
PROP-033836,100
PROP-006502,100
PROP-060269,100
PROP-075131,100
PROP-088778,100
PROP-097229,100
PROP-031268,100
PROP-028563,100
PROP-076830,100
PROP-063172,100
PROP-098943,100
PROP-078016,100
PROP-058465,100
PROP-098698,100
PROP-008855,100
PROP-090159,100
PROP-033067,100
PROP-034180,100
PROP-076355,100
PROP-029886,100
PROP-013780,100
PROP-077084,100
PROP-089283,100
PROP-060600,100
PROP-037952,100
PROP-046296,100
PROP-087528,100
PROP-011993,100
PROP-068804,100
PROP-043752,100
PROP-074937,100
PROP-087140,100
PROP-033139,100
PROP-089084,100
PROP-006001,100
PROP-051357,100
PROP-016326,100
PROP-009466,100
PROP-016024,100
PROP-080656,100
PROP-021023,100
PROP-097158,100
PROP-047109,100
PROP-033751,100
PROP-005901,100
PROP-092835,100
PROP-043932,100
PROP-062421,100
PROP-086106,100
PROP-099114,100
PROP-094727,100
PROP-038708,100
PROP-064369,100
PROP-097616,100
PROP-051102,100
PROP-067889,100
PROP-032059,100
PROP-007482,100
PROP-088530,100
PROP-084495,100
PROP-088098,100
PROP-061271,100
PROP-028905,100
PROP-053725,100
PROP-050769,100
PROP-094232,100
PROP-088236,100
PROP-042497,100
PROP-059758,100
PROP-093215,100
PROP-093562,100
PROP-079433,100
PROP-089061,100
PROP-021065,100
PROP-056976,100
PROP-047769,100
PROP-095061,100
PROP-036314,100
PROP-067845,100
PROP-058345,100
PROP-004714,100
PROP-034410,100
PROP-005130,100
PROP-035302,100
PROP-000061,100
PROP-079112,100
PROP-054414,100
PROP-092039,100
PROP-069488,100
PROP-093465,100
PROP-074207,100
PROP-048126,100
PROP-040744,100
PROP-067985,100
PROP-084195,100
PROP-035729,100
PROP-027097,100
PROP-007382,100
PROP-037320,100
PROP-065489,100
PROP-046095,100
PROP-061675,100
PROP-017038,100
PROP-069997,100
PROP-089450,100
PROP-002175,100
PROP-006212,100
PROP-027547,100
PROP-037907,100
PROP-058139,100
PROP-076715,100
PROP-092648,100
PROP-091437,100
PROP-026963,100
PROP-063221,100
PROP-035073,100
PROP-098540,100
PROP-031548,100
PROP-045176,100
PROP-006571,100
PROP-058788,100
PROP-018046,100
PROP-025821,100
PROP-054977,100
PROP-034999,100
PROP-063557,100
PROP-013890,100
PROP-023248,100
PROP-052663,100
PROP-041862,100
PROP-001581,100
PROP-011151,100
PROP-087920,100
PROP-097312,100
PROP-080074,100
PROP-066516,100
PROP-075142,100
PROP-025983,100
PROP-009379,100
PROP-029806,100
PROP-057658,100
PROP-040847,100
PROP-070401,100
PROP-012359,100
PROP-046302,100
PROP-071191,100
PROP-037038,100
PROP-040028,100
PROP-016790,100
PROP-012253,100
PROP-065294,100
PROP-027688,100
PROP-043883,100
PROP-097636,100
PROP-035597,100
PROP-044501,100
PROP-003767,100
PROP-058734,100
PROP-084329,100
PROP-082837,100
PROP-008343,100
PROP-057832,100
PROP-028662,100
PROP-013166,100
PROP-024418,100
PROP-036997,100
PROP-097599,100
PROP-050149,100
PROP-013528,100
PROP-038789,100
PROP-091576,100
PROP-052737,100
PROP-059668,100
PROP-044740,100
PROP-020908,100
PROP-089492,100
PROP-055716,100
PROP-046309,100
PROP-056801,100
PROP-027679,100
PROP-076186,100
PROP-096578,100
PROP-088123,100
PROP-080674,100
PROP-064294,100
PROP-089198,100
PROP-048299,100
PROP-058008,100
PROP-009855,100
PROP-024126,100
PROP-064643,100
PROP-058463,100
PROP-024228,100
PROP-022075,100
PROP-042516,100
PROP-084112,100
PROP-090456,100
PROP-062009,100
PROP-027666,100
PROP-071851,100
PROP-065983,100
PROP-017309,100
PROP-099573,100
PROP-042143,100
PROP-057339,100
PROP-073161,100
PROP-070881,100
PROP-036730,100
PROP-056352,100
PROP-015292,100
PROP-080796,100
PROP-068166,100
PROP-065865,100
PROP-002894,100
PROP-083308,100
PROP-013426,100
PROP-074364,100
PROP-000453,100
PROP-074409,100
PROP-043861,100
PROP-023117,100
PROP-006044,100
PROP-097815,100
PROP-087123,100
PROP-059333,100
PROP-001900,100
PROP-046080,100
PROP-096241,100
PROP-016062,100
PROP-029426,100
PROP-084413,100
PROP-067070,100
PROP-049263,100
PROP-064333,100
PROP-066172,100
PROP-001214,100
PROP-085526,100
PROP-044895,100
PROP-000184,100
PROP-012800,100
PROP-074299,100
PROP-061793,100
PROP-068755,100
PROP-021314,100
PROP-069174,100
PROP-047470,100
PROP-096086,100
PROP-077932,100
PROP-055697,100
PROP-076484,100
PROP-086626,100
PROP-078807,100
PROP-051938,100
PROP-016238,100
PROP-043909,100
PROP-055452,100
PROP-059512,100
PROP-007755,100
PROP-045533,100
PROP-006509,100
PROP-031459,100
PROP-042843,100
PROP-063539,100
PROP-002106,100
PROP-054303,100
PROP-016950,100
PROP-097684,100
PROP-062862,100
PROP-024528,100
PROP-012856,100
PROP-085937,100
PROP-067443,100
PROP-066560,100
PROP-099903,100
PROP-093316,100
PROP-045954,100
PROP-022207,100
PROP-032271,100
PROP-069217,100
PROP-057501,100
PROP-083063,100
PROP-069145,100
PROP-058670,100
PROP-057981,100
PROP-057429,100
PROP-051500,100
PROP-044532,100
PROP-091120,100
PROP-008083,100
PROP-069003,100
PROP-034555,100
PROP-093651,100
PROP-042208,100
PROP-015608,100
PROP-057139,100
PROP-067021,100
PROP-058311,100
PROP-042116,100
PROP-082222,100
PROP-079093,100
PROP-049949,100
PROP-042061,100
PROP-055286,100
PROP-026807,100
PROP-098470,100
PROP-085907,100
PROP-046025,100
PROP-087895,100
PROP-058671,100
PROP-016000,100
PROP-033474,100
PROP-016017,100
PROP-095815,100
PROP-020308,100
PROP-084372,100
PROP-048744,100
PROP-079432,100
PROP-009247,100
PROP-014812,100
PROP-007457,100
PROP-001123,100
PROP-054666,100
PROP-087487,100
PROP-083910,100
PROP-095888,100
PROP-041796,100
PROP-046673,100
PROP-030142,100
PROP-021897,100
PROP-026701,100
PROP-089541,100
PROP-072336,100
PROP-090614,100
PROP-087802,100
PROP-083728,100
PROP-049473,100
PROP-088632,100
PROP-047611,100
PROP-022416,100
PROP-079912,100
PROP-014494,100
PROP-042496,100
PROP-039207,100
PROP-008174,100
PROP-095734,100
PROP-087836,100
PROP-012964,100
PROP-027683,100
PROP-021775,100
PROP-082890,100
PROP-087507,100
PROP-050982,100
PROP-035684,100
PROP-009517,100
PROP-087357,100
PROP-060152,100
PROP-042482,100
PROP-038177,100
PROP-026439,100
PROP-071226,100
PROP-067162,100
PROP-058003,100
PROP-051737,100
PROP-024913,100
PROP-065719,100
PROP-047005,100
PROP-096464,100
PROP-035615,100
PROP-061041,100
PROP-040441,100
PROP-023089,100
PROP-002170,100
PROP-033445,100
PROP-077668,100
PROP-086812,100
PROP-048634,100
PROP-068819,100
PROP-068056,100
PROP-004333,100
PROP-095540,100
PROP-036333,100
PROP-046586,100
PROP-047968,100
PROP-068394,100
PROP-079827,100
PROP-054634,100
PROP-047028,100
PROP-076005,100
PROP-027044,100
PROP-056579,100
PROP-098674,100
PROP-022914,100
PROP-073709,100
PROP-042814,100
PROP-033631,100
PROP-096876,100
PROP-035288,100
PROP-027168,100
PROP-003644,100
PROP-070190,100
PROP-075586,100
PROP-016501,100
PROP-076023,100
PROP-076756,100
PROP-098520,100
PROP-063613,100
PROP-030315,100
PROP-034912,100
PROP-029845,100
PROP-013307,100
PROP-062855,100
PROP-088176,100
PROP-021948,100
PROP-026812,100
PROP-068584,100
PROP-010423,100
PROP-028903,100
PROP-077752,100
PROP-072409,100
PROP-026677,100
PROP-011928,100
PROP-080547,100
PROP-055860,100
PROP-015464,100
PROP-088628,100
PROP-091160,100
PROP-090839,100
PROP-023453,100
PROP-013938,100
PROP-007740,100
PROP-057890,100
PROP-096383,100
PROP-032196,100
PROP-093619,100
PROP-030312,100
PROP-063597,100
PROP-091130,100
PROP-066498,100
PROP-010595,100
PROP-060934,100
PROP-070848,100
PROP-027648,100
PROP-009593,100
PROP-057714,100
PROP-031528,100
PROP-050499,100
PROP-093758,100
PROP-028480,100
PROP-059831,100
PROP-057112,100
PROP-086138,100
PROP-048975,100
PROP-017444,100
PROP-079484,100
PROP-029574,100
PROP-062251,100
PROP-056689,100
PROP-017146,100
PROP-016905,100
PROP-097067,100
PROP-045762,100
PROP-075520,100
PROP-033594,100
PROP-096990,100
PROP-022702,100
PROP-015894,100
PROP-077634,100
PROP-087789,100
PROP-040467,100
PROP-087169,100
PROP-072268,100
PROP-079464,100
PROP-042188,100
PROP-066619,100
PROP-018211,100
PROP-062924,100
PROP-048536,100
PROP-065115,100
PROP-092007,100
PROP-029005,100
PROP-013152,100
PROP-088224,100
PROP-062821,100
PROP-015747,100
PROP-020638,100
PROP-045044,100
PROP-005179,100
PROP-020974,100
PROP-083344,100
PROP-098849,100
PROP-024946,100
PROP-000668,100
PROP-009638,100
PROP-036215,100
PROP-055946,100
PROP-013005,100
PROP-033131,100
PROP-048163,100
PROP-052401,100
PROP-094283,100
PROP-014142,100
PROP-020325,100
PROP-034638,100
PROP-055429,100
PROP-003391,100
PROP-048637,100
PROP-094929,100
PROP-047524,100
PROP-095811,100
PROP-065490,100
PROP-007096,100
PROP-036633,100
PROP-072335,100
PROP-076219,100
PROP-066726,100
PROP-070603,100
PROP-079972,100
PROP-038076,100
PROP-069893,100
PROP-021765,100
PROP-014357,100
PROP-083720,100
PROP-080117,100
PROP-055051,100
PROP-009349,100
PROP-082241,100
PROP-001493,100
PROP-025838,100
PROP-009141,100
PROP-052563,100
PROP-029726,100
PROP-048615,100
PROP-072163,100
PROP-013423,100
PROP-036659,100
PROP-083282,100
PROP-009109,100
PROP-034938,100
PROP-010851,100
PROP-024561,100
PROP-032460,100
PROP-075507,100
PROP-031014,100
PROP-075824,100
PROP-090253,100
PROP-009435,100
PROP-088921,100
PROP-074736,100
PROP-035517,100
PROP-099612,100
PROP-097032,100
PROP-067830,100
PROP-028774,100
PROP-038421,100
PROP-007890,100
PROP-062552,100
PROP-064130,100
PROP-058141,100
PROP-040360,100
PROP-012461,100
PROP-029495,100
PROP-091798,100
PROP-028474,100
PROP-066166,100
PROP-056714,100
PROP-008101,100
PROP-075289,100
PROP-034008,100
PROP-062080,100
PROP-022229,100
PROP-083827,100
PROP-046628,100
PROP-061898,100
PROP-035611,100
PROP-011384,100
PROP-028966,100
PROP-026751,100
PROP-083296,100
PROP-026570,100
PROP-057447,100
PROP-029032,100
PROP-093897,100
PROP-073733,100
PROP-076853,100
PROP-091326,100
PROP-046205,100
PROP-076588,100
PROP-051741,100
PROP-054542,100
PROP-014641,100
PROP-063558,100
PROP-046735,100
PROP-017031,100
PROP-040277,100
PROP-071391,100
PROP-028395,100
PROP-029712,100
PROP-044763,100
PROP-041074,100
PROP-038352,100
PROP-017312,100
PROP-094745,100
PROP-067374,100
PROP-029078,100
PROP-009501,100
PROP-069464,100
PROP-060873,100
PROP-041988,100
PROP-004404,100
PROP-044139,100
PROP-029791,100
PROP-003224,100
PROP-012950,100
PROP-018337,100
PROP-094386,100
PROP-073055,100
PROP-017843,100
PROP-018408,100
PROP-083347,100
PROP-044115,100
PROP-045826,100
PROP-004268,100
PROP-018525,100
PROP-090123,100
PROP-069879,100
PROP-028058,100
PROP-049973,100
PROP-038733,100
PROP-082008,100
PROP-091412,100
PROP-074004,100
PROP-069617,100
PROP-040812,100
PROP-070878,100
PROP-049339,100
PROP-006805,100
PROP-084281,100
PROP-004115,100
PROP-057154,100
PROP-022768,100
PROP-032213,100
PROP-049811,100
PROP-030110,100
PROP-030070,100
PROP-078890,100
PROP-027874,100
PROP-045939,100
PROP-045121,100
PROP-064475,100
PROP-001676,100
PROP-017512,100
PROP-010482,100
PROP-057336,100
PROP-038554,100
PROP-028308,100
PROP-043057,100
PROP-080585,100
PROP-078456,100
PROP-096104,100
PROP-033391,100
PROP-065600,100
PROP-078856,100
PROP-054992,100
PROP-048375,100
PROP-065552,100
PROP-017509,100
PROP-011024,100
PROP-086034,100
PROP-037962,100
PROP-034268,100
PROP-058638,100
PROP-075857,100
PROP-055660,100
PROP-092035,100
PROP-081817,100
PROP-085055,100
PROP-056705,100
PROP-099332,100
PROP-007296,100
PROP-039675,100
PROP-068310,100
PROP-078105,100
PROP-047423,100
PROP-068155,100
PROP-031497,100
PROP-032207,100
PROP-041360,100
PROP-004045,100
PROP-024299,100
PROP-064941,100
PROP-010213,100
PROP-045971,100
PROP-082871,100
PROP-017828,100
PROP-083698,100
PROP-093272,100
PROP-064943,100
PROP-019815,100
PROP-078071,100
PROP-022103,100
PROP-061797,100
PROP-042770,100
PROP-087556,100
PROP-084705,100
PROP-099642,100
PROP-073804,100
PROP-025583,100
PROP-018264,100
PROP-097099,100
PROP-044757,100
PROP-014319,100
PROP-005539,100
PROP-092285,100
PROP-093296,100
PROP-096100,100
PROP-025046,100
PROP-081164,100
PROP-096933,100
PROP-042542,100
PROP-043083,100
PROP-079456,100
PROP-055209,100
PROP-015188,100
PROP-099601,100
PROP-092427,100
PROP-013323,100
PROP-081207,100
PROP-061491,100
PROP-003099,100
PROP-048288,100
PROP-037132,100
PROP-055160,100
PROP-080746,100
PROP-076280,100
PROP-054535,100
PROP-016575,100
PROP-099719,100
PROP-064822,100
PROP-030481,100
PROP-078399,100
PROP-013668,100
PROP-073215,100
PROP-006229,100
PROP-088704,100
PROP-094741,100
PROP-081064,100
PROP-045046,100
PROP-040485,100
PROP-004357,100
PROP-026136,100
PROP-090476,100
PROP-025610,100
PROP-016715,100
PROP-085735,100
PROP-090701,100
PROP-035205,100
PROP-020513,100
PROP-018266,100
PROP-069365,100
PROP-030619,100
PROP-087221,100
PROP-049554,100
PROP-085491,100
PROP-025190,100
PROP-045676,100
PROP-067662,100
PROP-006164,100
PROP-067437,100
PROP-087236,100
PROP-065152,100
PROP-076673,100
PROP-041675,100
PROP-047027,100
PROP-047328,100
PROP-011487,100
PROP-044676,100
PROP-050085,100
PROP-089715,100
PROP-048394,100
PROP-011202,100
PROP-036343,100
PROP-053233,100
PROP-054939,100
PROP-096694,100
PROP-054626,100
PROP-093940,100
PROP-043742,100
PROP-004750,100
PROP-050537,100
PROP-044604,100
PROP-037044,100
PROP-048114,100
PROP-043557,100
PROP-000272,100
PROP-005411,100
PROP-016351,100
PROP-086630,100
PROP-029642,100
PROP-053474,100
PROP-006140,100
PROP-015820,100
PROP-052907,100
PROP-012613,100
PROP-010995,100
PROP-000941,100
PROP-003717,100
PROP-093378,100
PROP-035788,100
PROP-083557,100
PROP-087797,100
PROP-072274,100
PROP-074534,100
PROP-084260,100
PROP-008463,100
PROP-099738,100
PROP-013644,100
PROP-019189,100
PROP-093578,100
PROP-065132,100
PROP-062562,100
PROP-053080,100
PROP-035141,100
PROP-011146,100
PROP-015709,100
PROP-013571,100
PROP-060678,100
PROP-046564,100
PROP-007301,100
PROP-087695,100
PROP-079188,100
PROP-005397,100
PROP-092656,100
PROP-039916,100
PROP-089046,100
PROP-034140,100
PROP-097611,100
PROP-036461,100
PROP-083099,100
PROP-065579,100
PROP-071280,100
PROP-060606,100
PROP-067030,100
PROP-096303,100
PROP-044054,100
PROP-079455,100
PROP-059438,100
PROP-095043,100
PROP-069104,100
PROP-035229,100
PROP-056465,100
PROP-006299,100
PROP-041995,100
PROP-076316,100
PROP-056458,100
PROP-074031,100
PROP-054226,100
PROP-000005,100
PROP-082244,100
PROP-025353,100
PROP-017439,100
PROP-043022,100
PROP-090248,100
PROP-049549,100
PROP-047222,100
PROP-051353,100
PROP-090562,100
PROP-059029,100
PROP-000378,100
PROP-092969,100
PROP-070813,100
PROP-001326,100
PROP-017402,100
PROP-071345,100
PROP-006723,100
PROP-067750,100
PROP-078172,100
PROP-080461,100
PROP-096497,100
PROP-029776,100
PROP-086964,100
PROP-062661,100
PROP-035026,100
PROP-032999,100
PROP-067280,100
PROP-003500,100
PROP-073114,100
PROP-050043,100
PROP-001169,100
PROP-074607,100
PROP-040853,100
PROP-032994,100
PROP-065306,100
PROP-075492,100
PROP-078154,100
PROP-041354,100
PROP-029153,100
PROP-057160,100
PROP-028658,100
PROP-033610,100
PROP-066231,100
PROP-031875,100
PROP-090564,100
PROP-052383,100
PROP-011870,100
PROP-036425,100
PROP-049635,100
PROP-059183,100
PROP-095480,100
PROP-087626,100
PROP-022849,100
PROP-072833,100
PROP-026454,100
PROP-033591,100
PROP-078472,100
PROP-050084,100
PROP-069065,100
PROP-078056,100
PROP-000597,100
PROP-064207,100
PROP-046060,100
PROP-030846,100
PROP-049444,100
PROP-028423,100
PROP-045883,100
PROP-076329,100
PROP-014972,100
PROP-063606,100
PROP-055312,100
PROP-082148,100
PROP-067168,100
PROP-090784,100
PROP-035019,100
PROP-042078,100
PROP-004684,100
PROP-097802,100
PROP-068217,100
PROP-000331,100
PROP-021050,100
PROP-093016,100
PROP-084858,100
PROP-095977,100
PROP-047980,100
PROP-084070,100
PROP-010048,100
PROP-047878,100
PROP-046406,100
PROP-084624,100
PROP-026756,100
PROP-076032,100
PROP-020110,100
PROP-051027,100
PROP-019643,100
PROP-073551,100
PROP-051812,100
PROP-071223,100
PROP-031713,100
PROP-053258,100
PROP-082724,100
PROP-094155,100
PROP-015676,100
PROP-049036,100
PROP-006080,100
PROP-059713,100
PROP-086811,100
PROP-009451,100
PROP-012532,100
PROP-033852,100
PROP-086698,100
PROP-097626,100
PROP-054041,100
PROP-092232,100
PROP-053796,100
PROP-073531,100
PROP-062253,100
PROP-017141,100
PROP-058735,100
PROP-061914,100
PROP-014697,100
PROP-033498,100
PROP-062339,100
PROP-057886,100
PROP-025334,100
PROP-084604,100
PROP-004158,100
PROP-031299,100
PROP-041920,100
PROP-050485,100
PROP-047451,100
PROP-057627,100
PROP-065241,100
PROP-081528,100
PROP-004081,100
PROP-016019,100
PROP-060493,100
PROP-000074,100
PROP-090010,100
PROP-030120,100
PROP-043095,100
PROP-083284,100
PROP-098914,100
PROP-005435,100
PROP-001818,100
PROP-094692,100
PROP-074650,100
PROP-066300,100
PROP-091115,100
PROP-085944,100
PROP-053589,100
PROP-077608,100
PROP-017040,100
PROP-092157,100
PROP-076762,100
PROP-029883,100
PROP-056943,100
PROP-020146,100
PROP-050365,100
PROP-052834,100
PROP-040836,100
PROP-047774,100
PROP-014219,100
PROP-099978,100
PROP-091729,100
PROP-016822,100
PROP-008009,100
PROP-028941,100
PROP-051510,100
PROP-021363,100
PROP-003064,100
PROP-024262,100
PROP-024597,100
PROP-073473,100
PROP-018323,100
PROP-061589,100
PROP-022883,100
PROP-091048,100
PROP-062487,100
PROP-067562,100
PROP-066144,100
PROP-061989,100
PROP-050042,100
PROP-053024,100
PROP-055777,100
PROP-019391,100
PROP-090081,100
PROP-006739,100
PROP-065622,100
PROP-034668,100
PROP-067996,100
PROP-060521,100
PROP-047592,100
PROP-042825,100
PROP-075695,100
PROP-059405,100
PROP-061467,100
PROP-006633,100
PROP-054036,100
PROP-063251,100
PROP-065485,100
PROP-011365,100
PROP-060608,100
PROP-014634,100
PROP-007231,100
PROP-002410,100
PROP-035534,100
PROP-043639,100
PROP-008879,100
PROP-093660,100
PROP-046789,100
PROP-037163,100
PROP-070543,100
PROP-097348,100
PROP-072820,100
PROP-087227,100
PROP-040146,100
PROP-053621,100
PROP-079223,100
PROP-014066,100
PROP-031785,100
PROP-035486,100
PROP-024757,100
PROP-027248,100
PROP-045612,100
PROP-019333,100
PROP-025255,100
PROP-005237,100
PROP-095956,100
PROP-087694,100
PROP-028158,100
PROP-093750,100
PROP-018822,100
PROP-096025,100
PROP-099137,100
PROP-000944,100
PROP-033298,100
PROP-083544,100
PROP-057538,100
PROP-078199,100
PROP-055885,100
PROP-048193,100
PROP-075194,100
PROP-017274,100
PROP-047698,100
PROP-016734,100
PROP-069691,100
PROP-064573,100
PROP-017235,100
PROP-086364,100
PROP-042171,100
PROP-059025,100
PROP-055432,100
PROP-022790,100
PROP-004244,100
PROP-032812,100
PROP-043680,100
PROP-041473,100
PROP-031706,100
PROP-011452,100
PROP-070831,100
PROP-032101,100
PROP-014640,100
PROP-085318,100
PROP-047919,100
PROP-096357,100
PROP-004048,100
PROP-085282,100
PROP-027170,100
PROP-050930,100
PROP-026669,100
PROP-067981,100
PROP-063737,100
PROP-072455,100
PROP-074835,100
PROP-069484,100
PROP-084515,100
PROP-010956,100
PROP-069492,100
PROP-021721,100
PROP-060959,100
PROP-085893,100
PROP-003526,100
PROP-052384,100
PROP-023296,100
PROP-021396,100
PROP-008042,100
PROP-098118,100
PROP-089889,100
PROP-014227,100
PROP-088491,100
PROP-030679,100
PROP-081285,100
PROP-067260,100
PROP-031133,100
PROP-074883,100
PROP-012184,100
PROP-079789,100
PROP-038279,100
PROP-068093,100
PROP-056067,100
PROP-056350,100
PROP-055678,100
PROP-055876,100
PROP-030205,100
PROP-018892,100
PROP-082800,100
PROP-096854,100
PROP-001265,100
PROP-017709,100
PROP-099345,100
PROP-048576,100
PROP-051046,100
PROP-030598,100
PROP-077017,100
PROP-051767,100
PROP-074920,100
PROP-002097,100
PROP-011204,100
PROP-059601,100
PROP-014488,100
PROP-057802,100
PROP-003455,100
PROP-034313,100
PROP-098931,100
PROP-023760,100
PROP-099851,100
PROP-000438,100
PROP-066664,100
PROP-090249,100
PROP-076059,100
PROP-003352,100
PROP-001788,100
PROP-078828,100
PROP-083385,100
PROP-049387,100
PROP-024201,100
PROP-024732,100
PROP-029716,100
PROP-033978,100
PROP-036301,100
PROP-067226,100
PROP-066723,100
PROP-015661,100
PROP-020224,100
PROP-037900,100
PROP-020121,100
PROP-009774,100
PROP-026553,100
PROP-067664,100
PROP-069408,100
PROP-099165,100
PROP-008776,100
PROP-062148,100
PROP-052007,100
PROP-060299,100
PROP-063308,100
PROP-026694,100
PROP-037567,100
PROP-026718,100
PROP-024557,100
PROP-007815,100
PROP-040330,100
PROP-027213,100
PROP-081784,100
PROP-086771,100
PROP-004144,100
PROP-075178,100
PROP-062163,100
PROP-085713,100
PROP-040747,100
PROP-057649,100
PROP-000857,100
PROP-070152,100
PROP-013036,100
PROP-092116,100
PROP-039849,100
PROP-064932,100
PROP-057035,100
PROP-055806,100
PROP-040630,100
PROP-047298,100
PROP-089325,100
PROP-032254,100
PROP-024942,100
PROP-024934,100
PROP-042818,100
PROP-082857,100
PROP-017372,100
PROP-055646,100
PROP-007379,100
PROP-068999,100
PROP-040404,100
PROP-007091,100
PROP-019926,100
PROP-070899,100
PROP-056806,100
PROP-068756,100
PROP-009711,100
PROP-068292,100
PROP-023104,100
PROP-089567,100
PROP-052113,100
PROP-081852,100
PROP-099724,100
PROP-006568,100
PROP-023265,100
PROP-071673,100
PROP-081350,100
PROP-091088,100
PROP-028279,100
PROP-081224,100
PROP-033983,100
PROP-010181,100
PROP-060522,100
PROP-012441,100
PROP-051404,100
PROP-073312,100
PROP-047900,100
PROP-065299,100
PROP-058182,100
PROP-088852,100
PROP-008829,100
PROP-012076,100
PROP-016465,100
PROP-019128,100
PROP-095646,100
PROP-023815,100
PROP-098987,100
PROP-072611,100
PROP-079317,100
PROP-015047,100
PROP-064449,100
PROP-012934,100
PROP-091296,100
PROP-061134,100
PROP-039864,100
PROP-063765,100
PROP-041342,100
PROP-000844,100
PROP-034153,100
PROP-077424,100
PROP-054872,100
PROP-056291,100
PROP-061673,100
PROP-067504,100
PROP-011440,100
PROP-007671,100
PROP-085987,100
PROP-085695,100
PROP-048080,100
PROP-065550,100
PROP-033609,100
PROP-042020,100
PROP-095638,100
PROP-075995,100
PROP-025507,100
PROP-050694,100
PROP-082418,100
PROP-095409,100
PROP-008492,100
PROP-078937,100
PROP-053273,100
PROP-038348,100
PROP-069962,100
PROP-042934,100
PROP-066030,100
PROP-079151,100
PROP-099689,100
PROP-056982,100
PROP-039855,100
PROP-015852,100
PROP-001851,100
PROP-045197,100
PROP-069015,100
PROP-043613,100
PROP-028199,100
PROP-074007,100
PROP-074427,100
PROP-084987,100
PROP-047567,100
PROP-025787,100
PROP-083102,100
PROP-029286,100
PROP-027949,100
PROP-062119,100
PROP-079411,100
PROP-072584,100
PROP-029111,100
PROP-095921,100
PROP-020291,100
PROP-013068,100
PROP-004626,100
PROP-071268,100
PROP-022627,100
PROP-085015,100
PROP-020728,100
PROP-098779,100
PROP-016815,100
PROP-088534,100
PROP-062320,100
PROP-026434,100
PROP-065581,100
PROP-010260,100
PROP-063082,100
PROP-080732,100
PROP-056266,100
PROP-061563,100
PROP-019501,100
PROP-002774,100
PROP-016720,100
PROP-026321,100
PROP-039682,100
PROP-000589,100
PROP-000256,100
PROP-011946,100
PROP-046227,100
PROP-011988,100
PROP-054296,100
PROP-000820,100
PROP-047681,100
PROP-080860,100
PROP-010946,100
PROP-097121,100
PROP-033029,100
PROP-065099,100
PROP-078640,100
PROP-025090,100
PROP-049110,100
PROP-028625,100
PROP-060315,100
PROP-061040,100
PROP-050607,100
PROP-036022,100
PROP-097899,100
PROP-019155,100
PROP-012650,100
PROP-029891,100
PROP-027292,100
PROP-039690,100
PROP-014509,100
PROP-094535,100
PROP-001736,100
PROP-041832,100
PROP-007115,100
PROP-010452,100
PROP-063688,100
PROP-073266,100
PROP-046882,100
PROP-084141,100
PROP-000706,100
PROP-096813,100
PROP-055707,100
PROP-012955,100
PROP-015400,100
PROP-077713,100
PROP-098826,100
PROP-077472,100
PROP-036776,100
PROP-038292,100
PROP-046888,100
PROP-068025,100
PROP-087788,100
PROP-047836,100
PROP-025497,100
PROP-075199,100
PROP-093243,100
PROP-070048,100
PROP-092723,100
PROP-056170,100
PROP-057195,100
PROP-082550,100
PROP-078833,100
PROP-079820,100
PROP-042052,100
PROP-085780,100
PROP-057297,100
PROP-057597,100
PROP-049494,100
PROP-016807,100
PROP-055380,100
PROP-091089,100
PROP-074078,100
PROP-081026,100
PROP-061977,100
PROP-012641,100
PROP-091433,100
PROP-032473,100
PROP-095396,100
PROP-063047,100
PROP-082018,100
PROP-076083,100
PROP-020064,100
PROP-085338,100
PROP-043997,100
PROP-093915,100
PROP-077827,100
PROP-019463,100
PROP-042333,100
PROP-018464,100
PROP-097118,100
PROP-077515,100
PROP-058241,100
PROP-054703,100
PROP-065510,100
PROP-002860,100
PROP-046846,100
PROP-005162,100
PROP-001387,100
PROP-069578,100
PROP-069360,100
PROP-041129,100
PROP-079311,100
PROP-032272,100
PROP-097191,100
PROP-004259,100
PROP-045782,100
PROP-087344,100
PROP-062381,100
PROP-048486,100
PROP-095738,100
PROP-000563,100
PROP-084032,100
PROP-036188,100
PROP-017649,100
PROP-085371,100
PROP-078589,100
PROP-027071,100
PROP-085755,100
PROP-006995,100
PROP-090595,100
PROP-056767,100
PROP-020933,100
PROP-004886,100
PROP-000533,100
PROP-086069,100
PROP-071956,100
PROP-035014,100
PROP-097468,100
PROP-049340,100
PROP-082160,100
PROP-061391,100
PROP-059744,100
PROP-056837,100
PROP-050759,100
PROP-032191,100
PROP-011311,100
PROP-033564,100
PROP-000598,100
PROP-087259,100
PROP-021505,100
PROP-096677,100
PROP-002366,100
PROP-058025,100
PROP-080188,100
PROP-068833,100
PROP-063245,100
PROP-036783,100
PROP-064884,100
PROP-083104,100
PROP-003810,100
PROP-068326,100
PROP-054758,100
PROP-015699,100
PROP-096343,100
PROP-014040,100
PROP-002337,100
PROP-087143,100
PROP-098074,100
PROP-047586,100
PROP-094169,100
PROP-035651,100
PROP-084304,100
PROP-024665,100
PROP-025399,100
PROP-012920,100
PROP-011371,100
PROP-067469,100
PROP-038242,100
PROP-031040,100
PROP-059481,100
PROP-020033,100
PROP-019708,100
PROP-058858,100
PROP-026258,100
PROP-091523,100
PROP-026104,100
PROP-027643,100
PROP-035714,100
PROP-035941,100
PROP-057488,100
PROP-028371,100
PROP-034891,100
PROP-086187,100
PROP-052281,100
PROP-025086,100
PROP-073979,100
PROP-046005,100
PROP-060400,100
PROP-064050,100
PROP-044008,100
PROP-063611,100
PROP-080972,100
PROP-062513,100
PROP-008723,100
PROP-002678,100
PROP-054720,100
PROP-092140,100
PROP-055202,100
PROP-076630,100
PROP-007392,100
PROP-032782,100
PROP-027365,100
PROP-056357,100
PROP-030406,100
PROP-058926,100
PROP-034220,100
PROP-057170,100
PROP-089288,100
PROP-037445,100
PROP-072529,100
PROP-088548,100
PROP-061930,100
PROP-038803,100
PROP-030713,100
PROP-013167,100
PROP-003966,100
PROP-048266,100
PROP-052680,100
PROP-058316,100
PROP-095579,100
PROP-019192,100
PROP-041365,100
PROP-090017,100
PROP-023919,100
PROP-021641,100
PROP-064566,100
PROP-008415,100
PROP-003342,100
PROP-082297,100
PROP-057817,100
PROP-014251,100
PROP-099085,100
PROP-025878,100
PROP-057323,100
PROP-077159,100
PROP-058862,100
PROP-088248,100
PROP-089966,100
PROP-023501,100
PROP-066703,100
PROP-066013,100
PROP-049362,100
PROP-023478,100
PROP-069924,100
PROP-096627,100
PROP-008344,100
PROP-079419,100
PROP-030905,100
PROP-088370,100
PROP-050189,100
PROP-012028,100
PROP-053398,100
PROP-069985,100
PROP-027588,100
PROP-093846,100
PROP-096387,100
PROP-009579,100
PROP-033003,100
PROP-095870,100
PROP-030597,100
PROP-019381,100
PROP-006914,100
PROP-049021,100
PROP-002296,100
PROP-024171,100
PROP-053607,100
PROP-086784,100
PROP-080104,100
PROP-093219,100
PROP-087742,100
PROP-081323,100
PROP-078327,100
PROP-096796,100
PROP-081421,100
PROP-030914,100
PROP-024294,100
PROP-064435,100
PROP-083603,100
PROP-051769,100
PROP-070872,100
PROP-038202,100
PROP-074276,100
PROP-084164,100
PROP-002024,100
PROP-055325,100
PROP-036768,100
PROP-064885,100
PROP-041502,100
PROP-067430,100
PROP-046756,100
PROP-054428,100
PROP-054664,100
PROP-026324,100
PROP-062078,100
PROP-016909,100
PROP-087977,100
PROP-066165,100
PROP-015678,100
PROP-021621,100
PROP-038972,100
PROP-062169,100
PROP-007075,100
PROP-085335,100
PROP-002192,100
PROP-079285,100
PROP-085035,100
PROP-001695,100
PROP-017537,100
PROP-018834,100
PROP-095116,100
PROP-091033,100
PROP-062728,100
PROP-056771,100
PROP-061700,100
PROP-027753,100
PROP-045222,100
PROP-069154,100
PROP-067733,100
PROP-025832,100
PROP-026215,100
PROP-034536,100
PROP-091728,100
PROP-030211,100
PROP-050619,100
PROP-065852,100
PROP-055268,100
PROP-062957,100
PROP-042602,100
PROP-053145,100
PROP-073552,100
PROP-061032,100
PROP-060018,100
PROP-016668,100
PROP-034508,100
PROP-045695,100
PROP-040571,100
PROP-084875,100
PROP-003989,100
PROP-062240,100
PROP-001246,100
PROP-068459,100
PROP-093196,100
PROP-083683,100
PROP-016841,100
PROP-049398,100
PROP-045333,100
PROP-085274,100
PROP-064606,100
PROP-054477,100
PROP-010352,100
PROP-017603,100
PROP-051543,100
PROP-087827,100
PROP-057847,100
PROP-088744,100
PROP-014189,100
PROP-080516,100
PROP-077143,100
PROP-035896,100
PROP-068916,100
PROP-095498,100
PROP-055595,100
PROP-008448,100
PROP-023060,100
PROP-042399,100
PROP-011385,100
PROP-007866,100
PROP-093002,100
PROP-082076,100
PROP-078043,100
PROP-099320,100
PROP-077862,100
PROP-091095,100
PROP-056998,100
PROP-085162,100
PROP-025173,100
PROP-001965,100
PROP-030568,100
PROP-043736,100
PROP-013622,100
PROP-011612,100
PROP-081023,100
PROP-074610,100
PROP-065969,100
PROP-010554,100
PROP-015831,100
PROP-075426,100
PROP-027729,100
PROP-070348,100
PROP-005182,100
PROP-051050,100
PROP-000345,100
PROP-027600,100
PROP-091605,100
PROP-036101,100
PROP-006954,100
PROP-087083,100
PROP-098145,100
PROP-033798,100
PROP-018090,100
PROP-053537,100
PROP-002511,100
PROP-074865,100
PROP-058424,100
PROP-074774,100
PROP-008597,100
PROP-048109,100
PROP-033005,100
PROP-048413,100
PROP-075253,100
PROP-061864,100
PROP-077027,100
PROP-051526,100
PROP-010441,100
PROP-011488,100
PROP-003355,100
PROP-071914,100
PROP-004653,100
PROP-075222,100
PROP-001506,100
PROP-073484,100
PROP-077398,100
PROP-050868,100
PROP-054092,100
PROP-052115,100
PROP-047939,100
PROP-018581,100
PROP-014402,100
PROP-033195,100
PROP-051910,100
PROP-074623,100
PROP-065700,100
PROP-063888,100
PROP-072226,100
PROP-073772,100
PROP-032430,100
PROP-079733,100
PROP-063299,100
PROP-032621,100
PROP-046987,100
PROP-099124,100
PROP-019390,100
PROP-081895,100
PROP-046214,100
PROP-035086,100
PROP-089893,100
PROP-086189,100
PROP-030676,100
PROP-058371,100
PROP-035712,100
PROP-097491,100
PROP-067965,100
PROP-088748,100
PROP-027189,100
PROP-035011,100
PROP-045700,100
PROP-010668,100
PROP-093980,100
PROP-042272,100
PROP-057604,100
PROP-031146,100
PROP-028399,100
PROP-053455,100
PROP-077577,100
PROP-005635,100
PROP-035847,100
PROP-038222,100
PROP-094150,100
PROP-002467,100
PROP-036952,100
PROP-003713,100
PROP-064574,100
PROP-078404,100
PROP-098846,100
PROP-004187,100
PROP-025078,100
PROP-000080,100
PROP-045297,100
PROP-081730,100
PROP-065749,100
PROP-028986,100
PROP-029198,100
PROP-039295,100
PROP-098959,100
PROP-099797,100
PROP-020120,100
PROP-016591,100
PROP-094738,100
PROP-004183,100
PROP-008149,100
PROP-074171,100
PROP-076031,100
PROP-027137,100
PROP-054164,100
PROP-025156,100
PROP-051886,100
PROP-066344,100
PROP-002195,100
PROP-084245,100
PROP-031910,100
PROP-087420,100
PROP-084168,100
PROP-085943,100
PROP-026340,100
PROP-029984,100
PROP-025929,100
PROP-002751,100
PROP-050466,100
PROP-053307,100
PROP-061038,100
PROP-016576,100
PROP-073295,100
PROP-019378,100
PROP-079859,100
PROP-012070,100
PROP-059455,100
PROP-046991,100
PROP-076192,100
PROP-052430,100
PROP-034179,100
PROP-018029,100
PROP-085736,100
PROP-099600,100
PROP-062790,100
PROP-099668,100
PROP-053778,100
PROP-098133,100
PROP-071691,100
PROP-081007,100
PROP-067906,100
PROP-085550,100
PROP-079077,100
PROP-080063,100
PROP-034835,100
PROP-053626,100
PROP-082533,100
PROP-009016,100
PROP-052993,100
PROP-094385,100
PROP-085607,100
PROP-057747,100
PROP-046215,100
PROP-007577,100
PROP-056863,100
PROP-074873,100
PROP-023340,100
PROP-035244,100
PROP-080858,100
PROP-066048,100
PROP-075001,100
PROP-076652,100
PROP-000896,100
PROP-053324,100
PROP-004146,100
PROP-055611,100
PROP-008474,100
PROP-067031,100
PROP-035137,100
PROP-040340,100
PROP-092262,100
PROP-041758,100
PROP-066693,100
PROP-062044,100
PROP-018418,100
PROP-024932,100
PROP-021545,100
PROP-065122,100
PROP-055003,100
PROP-090737,100
PROP-097837,100
PROP-048319,100
PROP-073679,100
PROP-007962,100
PROP-094175,100
PROP-005131,100
PROP-008552,100
PROP-079219,100
PROP-063101,100
PROP-066783,100
PROP-045032,100
PROP-009826,100
PROP-098504,100
PROP-012305,100
PROP-095086,100
PROP-013953,100
PROP-090796,100
PROP-042528,100
PROP-024265,100
PROP-064732,100
PROP-067916,100
PROP-081298,100
PROP-058018,100
PROP-012284,100
PROP-059771,100
PROP-039510,100
PROP-066262,100
PROP-033863,100
PROP-079274,100
PROP-091520,100
PROP-007860,100
PROP-060669,100
PROP-074856,100
PROP-084964,100
PROP-054319,100
PROP-090979,100
PROP-089083,100
PROP-028668,100
PROP-082794,100
PROP-074647,100
PROP-054387,100
PROP-025343,100
PROP-029882,100
PROP-029753,100
PROP-016288,100
PROP-007772,100
PROP-081188,100
PROP-094271,100
PROP-084353,100
PROP-006174,100
PROP-050197,100
PROP-042411,100
PROP-057553,100
PROP-005975,100
PROP-044119,100
PROP-098864,100
PROP-028233,100
PROP-068004,100
PROP-016825,100
PROP-009361,100
PROP-018377,100
PROP-084445,100
PROP-091328,100
PROP-057778,100
PROP-019901,100
PROP-058216,100
PROP-051140,100
PROP-065687,100
PROP-057231,100
PROP-002672,100
PROP-026575,100
PROP-077776,100
PROP-017246,100
PROP-044561,100
PROP-011030,100
PROP-026943,100
PROP-084855,100
PROP-080926,100
PROP-046647,100
PROP-039276,100
PROP-099070,100
PROP-095895,100
PROP-047189,100
PROP-096148,100
PROP-049400,100
PROP-068526,100
PROP-068384,100
PROP-084670,100
PROP-052107,100
PROP-012799,100
PROP-039070,100
PROP-029862,100
PROP-054810,100
PROP-063951,100
PROP-014648,100
PROP-048447,100
PROP-038575,100
PROP-001017,100
PROP-066219,100
PROP-022425,100
PROP-048297,100
PROP-047214,100
PROP-039082,100
PROP-018855,100
PROP-083948,100
PROP-080961,100
PROP-082894,100
PROP-003426,100
PROP-097135,100
PROP-047047,100
PROP-034652,100
PROP-035426,100
PROP-022289,100
PROP-027520,100
PROP-066826,100
PROP-089405,100
PROP-071309,100
PROP-082096,100
PROP-018039,100
PROP-038887,100
PROP-008274,100
PROP-030007,100
PROP-034795,100
PROP-019599,100
PROP-099955,100
PROP-029040,100
PROP-075246,100
PROP-054867,100
PROP-050609,100
PROP-070321,100
PROP-099298,100
PROP-077099,100
PROP-028010,100
PROP-093906,100
PROP-039053,100
PROP-056841,100
PROP-090732,100
PROP-016195,100
PROP-004147,100
PROP-094643,100
PROP-007429,100
PROP-038971,100
PROP-044279,100
PROP-019698,100
PROP-082716,100
PROP-047184,100
PROP-072888,100
PROP-014563,100
PROP-006856,100
PROP-055387,100
PROP-030149,100
PROP-007318,100
PROP-093564,100
PROP-029341,100
PROP-001161,100
PROP-099589,100
PROP-077804,100
PROP-071557,100
PROP-045139,100
PROP-005126,100
PROP-094661,100
PROP-035522,100
PROP-088864,100
PROP-020054,100
PROP-056812,100
PROP-053950,100
PROP-022065,100
PROP-027312,100
PROP-029295,100
PROP-058180,100
PROP-098932,100
PROP-047431,100
PROP-085585,100
PROP-063230,100
PROP-068114,100
PROP-045625,100
PROP-082340,100
PROP-015982,100
PROP-085266,100
PROP-025643,100
PROP-024610,100
PROP-096010,100
PROP-042594,100
PROP-059145,100
PROP-001378,100
PROP-049166,100
PROP-024296,100
PROP-068748,100
PROP-070641,100
PROP-098603,100
PROP-050774,100
PROP-030811,100
PROP-031641,100
PROP-078717,100
PROP-073912,100
PROP-094868,100
PROP-086351,100
PROP-092921,100
PROP-078389,100
PROP-024827,100
PROP-005079,100
PROP-043827,100
PROP-033653,100
PROP-029326,100
PROP-055699,100
PROP-099842,100
PROP-087304,100
PROP-090710,100
PROP-070986,100
PROP-015665,100
PROP-017205,100
PROP-078339,100
PROP-026214,100
PROP-036817,100
PROP-090301,100
PROP-023381,100
PROP-053130,100
PROP-072060,100
PROP-085383,100
PROP-012992,100
PROP-003998,100
PROP-019129,100
PROP-075494,100
PROP-046236,100
PROP-067860,100
PROP-090046,100
PROP-044950,100
PROP-004131,100
PROP-010635,100
PROP-003089,100
PROP-015891,100
PROP-080023,100
PROP-080667,100
PROP-007712,100
PROP-064095,100
PROP-048928,100
PROP-057275,100
PROP-035313,100
PROP-099881,100
PROP-073321,100
PROP-081465,100
PROP-006216,100
PROP-050863,100
PROP-037509,100
PROP-093286,100
PROP-068604,100
PROP-021840,100
PROP-036646,100
PROP-008538,100
PROP-023320,100
PROP-073187,100
PROP-005917,100
PROP-010829,100
PROP-072286,100
PROP-035536,100
PROP-099459,100
PROP-063994,100
PROP-028244,100
PROP-005324,100
PROP-074914,100
PROP-059806,100
PROP-060597,100
PROP-077485,100
PROP-058013,100
PROP-034296,100
PROP-099828,100
PROP-031612,100
PROP-051802,100
PROP-050758,100
PROP-077136,100
PROP-026184,100
PROP-087757,100
PROP-046695,100
PROP-058656,100
PROP-076978,100
PROP-063556,100
PROP-098195,100
PROP-007176,100
PROP-097588,100
PROP-006579,100
PROP-027911,100
PROP-086534,100
PROP-001806,100
PROP-057322,100
PROP-028326,100
PROP-030021,100
PROP-092207,100
PROP-069714,100
PROP-098378,100
PROP-070847,100
PROP-000713,100
PROP-041380,100
PROP-020009,100
PROP-096908,100
PROP-064880,100
PROP-012553,100
PROP-096764,100
PROP-045088,100
PROP-024498,100
PROP-028182,100
PROP-061959,100
PROP-055711,100
PROP-084401,100
PROP-025027,100
PROP-054679,100
PROP-033384,100
PROP-018397,100
PROP-054995,100
PROP-044915,100
PROP-007923,100
PROP-099670,100
PROP-036147,100
PROP-052264,100
PROP-084178,100
PROP-013099,100
PROP-087265,100
PROP-009734,100
PROP-018785,100
PROP-047317,100
PROP-077279,100
PROP-014002,100
PROP-088942,100
PROP-047604,100
PROP-060989,100
PROP-035383,100
PROP-033274,100
PROP-013654,100
PROP-099377,100
PROP-018050,100
PROP-042432,100
PROP-000888,100
PROP-003806,100
PROP-079244,100
PROP-004868,100
PROP-095250,100
PROP-056001,100
PROP-031127,100
PROP-090044,100
PROP-056580,100
PROP-099561,100
PROP-048364,100
PROP-024758,100
PROP-091106,100
PROP-079422,100
PROP-044759,100
PROP-048211,100
PROP-084003,100
PROP-020349,100
PROP-062022,100
PROP-085958,100
PROP-023574,100
PROP-017263,100
PROP-052213,100
PROP-057334,100
PROP-076483,100
PROP-001636,100
PROP-011264,100
PROP-087421,100
PROP-052256,100
PROP-037409,100
PROP-013842,100
PROP-098186,100
PROP-076792,100
PROP-097567,100
PROP-063574,100
PROP-054603,100
PROP-021471,100
PROP-013412,100
PROP-015239,100
PROP-084896,100
PROP-087670,100
PROP-048243,100
PROP-069769,100
PROP-026572,100
PROP-090644,100
PROP-059376,100
PROP-045036,100
PROP-024703,100
PROP-004778,100
PROP-094083,100
PROP-020426,100
PROP-007969,100
PROP-033979,100
PROP-098009,100
PROP-058472,100
PROP-051217,100
PROP-060180,100
PROP-089146,100
PROP-063517,100
PROP-011640,100
PROP-082660,100
PROP-000118,100
PROP-079764,100
PROP-087492,100
PROP-093677,100
PROP-034226,100
PROP-096384,100
PROP-020652,100
PROP-087257,100
PROP-027089,100
PROP-044972,100
PROP-023571,100
PROP-087155,100
PROP-027712,100
PROP-096424,100
PROP-012313,100
PROP-075849,100
PROP-021750,100
PROP-018729,100
PROP-091373,100
PROP-051007,100
PROP-055467,100
PROP-023029,100
PROP-075956,100
PROP-023558,100
PROP-006719,100
PROP-013478,100
PROP-022605,100
PROP-038753,100
PROP-017098,100
PROP-035040,100
PROP-078311,100
PROP-096771,100
PROP-092579,100
PROP-089473,100
PROP-015702,100
PROP-052025,100
PROP-096711,100
PROP-041881,100
PROP-058298,100
PROP-052509,100
PROP-038530,100
PROP-042263,100
PROP-061738,100
PROP-005786,100
PROP-096050,100
PROP-085648,100
PROP-048079,100
PROP-062981,100
PROP-033817,100
PROP-011719,100
PROP-060773,100
PROP-022823,100
PROP-014856,100
PROP-037252,100
PROP-088235,100
PROP-002321,100
PROP-008420,100
PROP-066824,100
PROP-016819,100
PROP-004504,100
PROP-026256,100
PROP-045109,100
PROP-096178,100
PROP-032343,100
PROP-012042,100
PROP-000619,100
PROP-056297,100
PROP-004865,100
PROP-064342,100
PROP-076742,100
PROP-098874,100
PROP-076041,100
PROP-007055,100
PROP-096637,100
PROP-094102,100
PROP-006807,100
PROP-092472,100
PROP-070774,100
PROP-081956,100
PROP-086209,100
PROP-087069,100
PROP-058070,100
PROP-045175,100
PROP-077406,100
PROP-013202,100
PROP-060496,100
PROP-096778,100
PROP-045323,100
PROP-059269,100
PROP-069220,100
PROP-071915,100
PROP-090683,100
PROP-067629,100
PROP-093615,100
PROP-015141,100
PROP-083558,100
PROP-077629,100
PROP-062193,100
PROP-040663,100
PROP-060517,100
PROP-057946,100
PROP-023464,100
PROP-006493,100
PROP-085009,100
PROP-051851,100
PROP-034184,100
PROP-002499,100
PROP-002870,100
PROP-084822,100
PROP-021997,100
PROP-071149,100
PROP-059953,100
PROP-006767,100
PROP-054508,100
PROP-023271,100
PROP-092171,100
PROP-018047,100
PROP-066644,100
PROP-070417,100
PROP-024235,100
PROP-076975,100
PROP-097022,100
PROP-083842,100
PROP-095842,100
PROP-030798,100
PROP-044635,100
PROP-026476,100
PROP-014875,100
PROP-021436,100
PROP-069891,100
PROP-096205,100
PROP-039316,100
PROP-007291,100
PROP-014883,100
PROP-065972,100
PROP-045089,100
PROP-020362,100
PROP-060445,100
PROP-005882,100
PROP-072607,100
PROP-000064,100
PROP-045597,100
PROP-034859,100
PROP-034215,100
PROP-069166,100
PROP-059647,100
PROP-025101,100
PROP-038217,100
PROP-057269,100
PROP-070307,100
PROP-050761,100
PROP-060712,100
PROP-010980,100
PROP-012195,100
PROP-015680,100
PROP-004127,100
PROP-057844,100
PROP-051145,100
PROP-085770,100
PROP-066999,100
PROP-075060,100
PROP-098744,100
PROP-098865,100
PROP-040871,100
PROP-070488,100
PROP-008015,100
PROP-026774,100
PROP-062369,100
PROP-015051,100
PROP-029650,100
PROP-043189,100
PROP-043175,100
PROP-098044,100
PROP-093713,100
PROP-017407,100
PROP-045455,100
PROP-021356,100
PROP-085501,100
PROP-063942,100
PROP-003281,100
PROP-078839,100
PROP-008326,100
PROP-016111,100
PROP-074796,100
PROP-051809,100
PROP-064561,100
PROP-008901,100
PROP-047420,100
PROP-026043,100
PROP-033381,100
PROP-072141,100
PROP-026421,100
PROP-079962,100
PROP-041671,100
PROP-039593,100
PROP-059354,100
PROP-036627,100
PROP-010234,100
PROP-054335,100
PROP-063257,100
PROP-048894,100
PROP-005447,100
PROP-068492,100
PROP-009142,100
PROP-001481,100
PROP-086466,100
PROP-031361,100
PROP-011017,100
PROP-002867,100
PROP-023723,100
PROP-021277,100
PROP-011162,100
PROP-024144,100
PROP-062337,100
PROP-050316,100
PROP-081821,100
PROP-031209,100
PROP-075488,100
PROP-017086,100
PROP-060409,100
PROP-034765,100
PROP-064056,100
PROP-015655,100
PROP-022078,100
PROP-026235,100
PROP-068005,100
PROP-009366,100
PROP-099521,100
PROP-055138,100
PROP-087767,100
PROP-001852,100
PROP-093159,100
PROP-028880,100
PROP-079010,100
PROP-043444,100
PROP-068460,100
PROP-052196,100
PROP-055899,100
PROP-088020,100
PROP-054911,100
PROP-080542,100
PROP-059407,100
PROP-021757,100
PROP-051705,100
PROP-052370,100
PROP-061658,100
PROP-068714,100
PROP-007438,100
PROP-070917,100
PROP-031791,100
PROP-052046,100
PROP-090927,100
PROP-064457,100
PROP-047764,100
PROP-022991,100
PROP-073600,100
PROP-086465,100
PROP-097283,100
PROP-075526,100
PROP-034545,100
PROP-017931,100
PROP-029881,100
PROP-075156,100
PROP-082137,100
PROP-093082,100
PROP-041955,100
PROP-091012,100
PROP-024606,100
PROP-002598,100
PROP-074230,100
PROP-039861,100
PROP-015860,100
PROP-070001,100
PROP-008968,100
PROP-045128,100
PROP-068351,100
PROP-005188,100
PROP-038476,100
PROP-015171,100
PROP-039990,100
PROP-020261,100
PROP-009174,100
PROP-043612,100
PROP-043702,100
PROP-074524,100
PROP-023417,100
PROP-043858,100
PROP-019755,100
PROP-053840,100
PROP-032572,100
PROP-023743,100
PROP-072978,100
PROP-060059,100
PROP-090171,100
PROP-099779,100
PROP-079887,100
PROP-034796,100
PROP-072213,100
PROP-029956,100
PROP-072462,100
PROP-022692,100
PROP-023995,100
PROP-096231,100
PROP-094135,100
PROP-045067,100
PROP-094011,100
PROP-054826,100
PROP-023115,100
PROP-024340,100
PROP-032112,100
PROP-081176,100
PROP-088912,100
PROP-093558,100
PROP-079787,100
PROP-046617,100
PROP-017310,100
PROP-000069,100
PROP-026276,100
PROP-069039,100
PROP-047636,100
PROP-097479,100
PROP-078459,100
PROP-017233,100
PROP-062585,100
PROP-011319,100
PROP-048477,100
PROP-093830,100
PROP-064626,100
PROP-042140,100
PROP-014471,100
PROP-051568,100
PROP-021928,100
PROP-074868,100
PROP-039431,100
PROP-052411,100
PROP-031363,100
PROP-001170,100
PROP-085347,100
PROP-075264,100
PROP-024069,100
PROP-073483,100
PROP-037614,100
PROP-097788,100
PROP-013268,100
PROP-050615,100
PROP-095257,100
PROP-098775,100
PROP-048483,100
PROP-064842,100
PROP-077245,100
PROP-073833,100
PROP-081749,100
PROP-088128,100
PROP-070249,100
PROP-017212,100
PROP-055473,100
PROP-051952,100
PROP-072234,100
PROP-030964,100
PROP-041939,100
PROP-093481,100
PROP-079388,100
PROP-065311,100
PROP-083748,100
PROP-067081,100
PROP-089225,100
PROP-091483,100
PROP-095048,100
PROP-078289,100
PROP-030155,100
PROP-069967,100
PROP-090810,100
PROP-019536,100
PROP-047683,100
PROP-027750,100
PROP-085873,100
PROP-023740,100
PROP-071909,100
PROP-091015,100
PROP-091202,100
PROP-065515,100
PROP-045503,100
PROP-097569,100
PROP-015157,100
PROP-055911,100
PROP-006952,100
PROP-061951,100
PROP-012246,100
PROP-033622,100
PROP-063054,100
PROP-044498,100
PROP-077139,100
PROP-098580,100
PROP-039568,100
PROP-052845,100
PROP-015791,100
PROP-092534,100
PROP-053540,100
PROP-035456,100
PROP-094098,100
PROP-047253,100
PROP-048939,100
PROP-086684,100
PROP-081890,100
PROP-077505,100
PROP-066480,100
PROP-044224,100
PROP-030041,100
PROP-016672,100
PROP-033461,100
PROP-091068,100
PROP-052631,100
PROP-057870,100
PROP-079402,100
PROP-042705,100
PROP-074926,100
PROP-057207,100
PROP-091943,100
PROP-049815,100
PROP-083750,100
PROP-033947,100
PROP-005545,100
PROP-042543,100
PROP-020909,100
PROP-064269,100
PROP-058997,100
PROP-035391,100
PROP-000085,100
PROP-020839,100
PROP-007909,100
PROP-088668,100
PROP-098084,100
PROP-055355,100
PROP-020683,100
PROP-095265,100
PROP-039790,100
PROP-067306,100
PROP-022689,100
PROP-013395,100
PROP-086184,100
PROP-051146,100
PROP-060420,100
PROP-091264,100
PROP-019395,100
PROP-000779,100
PROP-062995,100
PROP-006507,100
PROP-042565,100
PROP-046610,100
PROP-039433,100
PROP-014597,100
PROP-027482,100
PROP-046644,100
PROP-096483,100
PROP-058705,100
PROP-055787,100
PROP-097183,100
PROP-009570,100
PROP-075626,100
PROP-096411,100
PROP-076755,100
PROP-098770,100
PROP-036045,100
PROP-085747,100
PROP-038081,100
PROP-075879,100
PROP-027763,100
PROP-095380,100
PROP-008889,100
PROP-036512,100
PROP-035354,100
PROP-098581,100
PROP-071081,100
PROP-035027,100
PROP-018774,100
PROP-026548,100
PROP-052654,100
PROP-017383,100
PROP-079721,100
PROP-071669,100
PROP-052555,100
PROP-032141,100
PROP-081649,100
PROP-026933,100
PROP-025393,100
PROP-006978,100
PROP-077952,100
PROP-054957,100
PROP-075969,100
PROP-005799,100
PROP-041286,100
PROP-096090,100
PROP-045013,100
PROP-072617,100
PROP-088192,100
PROP-001819,100
PROP-060452,100
PROP-021114,100
PROP-094085,100
PROP-059043,100
PROP-007658,100
PROP-005015,100
PROP-039807,100
PROP-040885,100
PROP-038460,100
PROP-006747,100
PROP-060296,100
PROP-087748,100
PROP-031470,100
PROP-019393,100
PROP-070860,100
PROP-011532,100
PROP-085503,100
PROP-038053,100
PROP-078880,100
PROP-064867,100
PROP-079344,100
PROP-042041,100
PROP-034696,100
PROP-081824,100
PROP-010885,100
PROP-040233,100
PROP-022069,100
PROP-015664,100
PROP-045822,100
PROP-036012,100
PROP-044177,100
PROP-033771,100
PROP-024430,100
PROP-096704,100
PROP-073591,100
PROP-040875,100
PROP-092101,100
PROP-081906,100
PROP-036367,100
PROP-034805,100
PROP-015970,100
PROP-094943,100
PROP-030400,100
PROP-031690,100
PROP-063202,100
PROP-023414,100
PROP-068967,100
PROP-039226,100
PROP-002420,100
PROP-076696,100
PROP-091112,100
PROP-094165,100
PROP-049626,100
PROP-009840,100
PROP-021361,100
PROP-057559,100
PROP-087356,100
PROP-026208,100
PROP-081915,100
PROP-037502,100
PROP-092653,100
PROP-098840,100
PROP-037314,100
PROP-043237,100
PROP-089998,100
PROP-059264,100
PROP-060342,100
PROP-093543,100
PROP-033317,100
PROP-091901,100
PROP-035030,100
PROP-069664,100
PROP-004580,100
PROP-001893,100
PROP-097687,100
PROP-030294,100
PROP-086056,100
PROP-056383,100
PROP-095744,100
PROP-054509,100
PROP-005663,100
PROP-087226,100
PROP-096686,100
PROP-067406,100
PROP-078579,100
PROP-022456,100
PROP-038200,100
PROP-002953,100
PROP-038072,100
PROP-039214,100
PROP-001501,100
PROP-088104,100
PROP-075880,100
PROP-059237,100
PROP-019150,100
PROP-017622,100
PROP-065035,100
PROP-004907,100
PROP-056534,100
PROP-044606,100
PROP-090063,100
PROP-079748,100
PROP-044156,100
PROP-055654,100
PROP-027177,100
PROP-085294,100
PROP-068801,100
PROP-001150,100
PROP-039312,100
PROP-040970,100
PROP-037402,100
PROP-030293,100
PROP-035064,100
PROP-044333,100
PROP-038534,100
PROP-031846,100
PROP-053227,100
PROP-038280,100
PROP-078853,100
PROP-013324,100
PROP-088705,100
PROP-027566,100
PROP-002505,100
PROP-062464,100
PROP-011912,100
PROP-073205,100
PROP-020044,100
PROP-031861,100
PROP-086966,100
PROP-097651,100
PROP-082196,100
PROP-057212,100
PROP-073134,100
PROP-097337,100
PROP-096887,100
PROP-053026,100
PROP-040924,100
PROP-098982,100
PROP-089105,100
PROP-025709,100
PROP-035717,100
PROP-042392,100
PROP-015074,100
PROP-018460,100
PROP-039843,100
PROP-042823,100
PROP-091789,100
PROP-073406,100
PROP-039676,100
PROP-036264,100
PROP-065634,100
PROP-017767,100
PROP-071066,100
PROP-071286,100
PROP-051785,100
PROP-067517,100
PROP-034514,100
PROP-010372,100
PROP-093888,100
PROP-069930,100
PROP-094408,100
PROP-027942,100
PROP-025713,100
PROP-000881,100
PROP-029849,100
PROP-030150,100
PROP-044510,100
PROP-055682,100
PROP-001955,100
PROP-025588,100
PROP-044306,100
PROP-063649,100
PROP-084932,100
PROP-052906,100
PROP-024163,100
PROP-060015,100
PROP-089910,100
PROP-000357,100
PROP-038865,100
PROP-013117,100
PROP-077681,100
PROP-077949,100
PROP-052489,100
PROP-056660,100
PROP-018319,100
PROP-011201,100
PROP-035612,100
PROP-091780,100
PROP-032564,100
PROP-021222,100
PROP-032037,100
PROP-024381,100
PROP-014311,100
PROP-000406,100
PROP-042881,100
PROP-039694,100
PROP-064112,100
PROP-013151,100
PROP-060714,100
PROP-008896,100
PROP-013377,100
PROP-084519,100
PROP-068620,100
PROP-058692,100
PROP-096409,100
PROP-095558,100
PROP-090726,100
PROP-030413,100
PROP-008383,100
PROP-043181,100
PROP-025978,100
PROP-083265,100
PROP-020416,100
PROP-056287,100
PROP-018244,100
PROP-057403,100
PROP-059546,100
PROP-012931,100
PROP-005613,100
PROP-086555,100
PROP-040795,100
PROP-020335,100
PROP-054224,100
PROP-092705,100
PROP-079601,100
PROP-003721,100
PROP-042278,100
PROP-019021,100
PROP-079439,100
PROP-010405,100
PROP-000116,100
PROP-037453,100
PROP-056013,100
PROP-091194,100
PROP-086081,100
PROP-022077,100
PROP-000762,100
PROP-025042,100
PROP-001884,100
PROP-081710,100
PROP-082209,100
PROP-081085,100
PROP-036256,100
PROP-099011,100
PROP-000413,100
PROP-027798,100
PROP-043581,100
PROP-079154,100
PROP-007402,100
PROP-078600,100
PROP-048298,100
PROP-094835,100
PROP-002699,100
PROP-010600,100
PROP-021629,100
PROP-078866,100
PROP-059359,100
PROP-000876,100
PROP-006368,100
PROP-053807,100
PROP-094928,100
PROP-061327,100
PROP-056880,100
PROP-028160,100
PROP-055494,100
PROP-066035,100
PROP-015258,100
PROP-064100,100
PROP-087925,100
PROP-056566,100
PROP-047854,100
PROP-029672,100
PROP-035760,100
PROP-052423,100
PROP-090083,100
PROP-047917,100
PROP-069209,100
PROP-000237,100
PROP-023929,100
PROP-079943,100
PROP-075684,100
PROP-012520,100
PROP-040968,100
PROP-099214,100
PROP-001802,100
PROP-010720,100
PROP-092078,100
PROP-083559,100
PROP-032054,100
PROP-037193,100
PROP-010109,100
PROP-000646,100
PROP-008084,100
PROP-003771,100
PROP-097991,100
PROP-025906,100
PROP-043354,100
PROP-036902,100
PROP-079836,100
PROP-021454,100
PROP-090236,100
PROP-059058,100
PROP-061689,100
PROP-027145,100
PROP-031008,100
PROP-012557,100
PROP-072362,100
PROP-000895,100
PROP-065930,100
PROP-006781,100
PROP-066085,100
PROP-043771,100
PROP-079700,100
PROP-052983,100
PROP-019825,100
PROP-092965,100
PROP-088151,100
PROP-073511,100
PROP-081983,100
PROP-001014,100
PROP-013662,100
PROP-049469,100
PROP-003407,100
PROP-026859,100
PROP-012226,100
PROP-007077,100
PROP-040552,100
PROP-073624,100
PROP-017361,100
PROP-074815,100
PROP-072953,100
PROP-092777,100
PROP-094771,100
PROP-022026,100
PROP-091382,100
PROP-037605,100
PROP-064407,100
PROP-071954,100
PROP-001657,100
PROP-004701,100
PROP-019387,100
PROP-087771,100
PROP-094659,100
PROP-069515,100
PROP-053822,100
PROP-003011,100
PROP-037755,100
PROP-014529,100
PROP-092010,100
PROP-062427,100
PROP-049964,100
PROP-053489,100
PROP-039542,100
PROP-071133,100
PROP-087539,100
PROP-037775,100
PROP-069993,100
PROP-082773,100
PROP-036518,100
PROP-014707,100
PROP-046867,100
PROP-005253,100
PROP-068453,100
PROP-039657,100
PROP-068781,100
PROP-087135,100
PROP-024726,100
PROP-037433,100
PROP-068834,100
PROP-010737,100
PROP-027871,100
PROP-038248,100
PROP-046631,100
PROP-086726,100
PROP-019905,100
PROP-041717,100
PROP-082216,100
PROP-036285,100
PROP-021575,100
PROP-027407,100
PROP-048253,100
PROP-082813,100
PROP-017250,100
PROP-088666,100
PROP-038567,100
PROP-095991,100
PROP-046916,100
PROP-016907,100
PROP-094499,100
PROP-066185,100
PROP-015356,100
PROP-032080,100
PROP-076580,100
PROP-058411,100
PROP-092853,100
PROP-092496,100
PROP-094123,100
PROP-089821,100
PROP-005900,100
PROP-068455,100
PROP-071641,100
PROP-057511,100
PROP-038669,100
PROP-042523,100
PROP-051654,100
PROP-034007,100
PROP-019787,100
PROP-082933,100
PROP-033420,100
PROP-061642,100
PROP-083370,100
PROP-037566,100
PROP-043191,100
PROP-097965,100
PROP-089058,100
PROP-046927,100
PROP-095419,100
PROP-066143,100
PROP-041658,100
PROP-032979,100
PROP-056470,100
PROP-017430,100
PROP-042039,100
PROP-064663,100
PROP-011605,100
PROP-089173,100
PROP-005242,100
PROP-029083,100
PROP-051653,100
PROP-049035,100
PROP-007285,100
PROP-005903,100
PROP-082314,100
PROP-020143,100
PROP-085698,100
PROP-005431,100
PROP-086909,100
PROP-039835,100
PROP-062965,100
PROP-033569,100
PROP-086742,100
PROP-055488,100
PROP-094718,100
PROP-042021,100
PROP-027748,100
PROP-047375,100
PROP-067379,100
PROP-095839,100
PROP-009427,100
PROP-008950,100
PROP-053548,100
PROP-094948,100
PROP-006990,100
PROP-039808,100
PROP-016631,100
PROP-039537,100
PROP-014853,100
PROP-029758,100
PROP-077871,100
PROP-082203,100
PROP-021837,100
PROP-074645,100
PROP-019248,100
PROP-019117,100
PROP-029448,100
PROP-034328,100
PROP-068863,100
PROP-097720,100
PROP-048234,100
PROP-098970,100
PROP-084246,100
PROP-030782,100
PROP-032492,100
PROP-095536,100
PROP-054243,100
PROP-031847,100
PROP-066318,100
PROP-074970,100
PROP-086240,100
PROP-033826,100
PROP-012311,100
PROP-060390,100
PROP-035929,100
PROP-044268,100
PROP-037839,100
PROP-035347,100
PROP-073828,100
PROP-010189,100
PROP-006603,100
PROP-038791,100
PROP-080390,100
PROP-015355,100
PROP-078753,100
PROP-068517,100
PROP-002573,100
PROP-061056,100
PROP-056415,100
PROP-037443,100
PROP-018604,100
PROP-077387,100
PROP-093057,100
PROP-017885,100
PROP-032843,100
PROP-010124,100
PROP-085786,100
PROP-041617,100
PROP-035469,100
PROP-074290,100
PROP-014813,100
PROP-075610,100
PROP-071454,100
PROP-033088,100
PROP-090854,100
PROP-063971,100
PROP-059790,100
PROP-053012,100
PROP-069226,100
PROP-035781,100
PROP-029813,100
PROP-078117,100
PROP-043474,100
PROP-088085,100
PROP-077470,100
PROP-084524,100
PROP-068917,100
PROP-013416,100
PROP-006741,100
PROP-080894,100
PROP-022609,100
PROP-072728,100
PROP-054098,100
PROP-058162,100
PROP-002717,100
PROP-005260,100
PROP-006472,100
PROP-095245,100
PROP-056285,100
PROP-023625,100
PROP-016765,100
PROP-037882,100
PROP-092583,100
PROP-001239,100
PROP-064328,100
PROP-002169,100
PROP-023343,100
PROP-088022,100
PROP-025756,100
PROP-098850,100
PROP-052333,100
PROP-099823,100
PROP-081276,100
PROP-043161,100
PROP-094388,100
PROP-048454,100
PROP-090364,100
PROP-013551,100
PROP-024113,100
PROP-011638,100
PROP-098708,100
PROP-058237,100
PROP-093724,100
PROP-005597,100
PROP-008750,100
PROP-068309,100
PROP-042339,100
PROP-072102,100
PROP-052591,100
PROP-065913,100
PROP-086483,100
PROP-023550,100
PROP-042072,100
PROP-064101,100
PROP-031502,100
PROP-039884,100
PROP-057826,100
PROP-036548,100
PROP-083071,100
PROP-070978,100
PROP-021199,100
PROP-028857,100
PROP-073517,100
PROP-099716,100
PROP-007801,100
PROP-023561,100
PROP-036105,100
PROP-001176,100
PROP-080632,100
PROP-028226,100
PROP-016847,100
PROP-015900,100
PROP-035449,100
PROP-031748,100
PROP-054022,100
PROP-080185,100
PROP-021929,100
PROP-005763,100
PROP-066931,100
PROP-067010,100
PROP-012994,100
PROP-044080,100
PROP-051366,100
PROP-042364,100
PROP-081047,100
PROP-016274,100
PROP-031103,100
PROP-019578,100
PROP-050652,100
PROP-059734,100
PROP-076931,100
PROP-022253,100
PROP-097977,100
PROP-017760,100
PROP-038856,100
PROP-061035,100
PROP-064788,100
PROP-048551,100
PROP-008774,100
PROP-043569,100
PROP-069582,100
PROP-007323,100
PROP-016871,100
PROP-071239,100
PROP-037051,100
PROP-014876,100
PROP-099225,100
PROP-006256,100
PROP-043324,100
PROP-048801,100
PROP-018611,100
PROP-003353,100
PROP-054031,100
PROP-009583,100
PROP-041648,100
PROP-036821,100
PROP-041529,100
PROP-015827,100
PROP-024496,100
PROP-028318,100
PROP-097394,100
PROP-073785,100
PROP-096788,100
PROP-091713,100
PROP-086195,100
PROP-050065,100
PROP-031543,100
PROP-089418,100
PROP-051607,100
PROP-052211,100
PROP-067114,100
PROP-009415,100
PROP-058658,100
PROP-002412,100
PROP-084865,100
PROP-025166,100
PROP-013139,100
PROP-041579,100
PROP-012207,100
PROP-083640,100
PROP-095280,100
PROP-049245,100
PROP-089339,100
PROP-007376,100
PROP-012712,100
PROP-091931,100
PROP-048362,100
PROP-090352,100
PROP-054630,100
PROP-008988,100
PROP-083762,100
PROP-090742,100
PROP-081003,100
PROP-059480,100
PROP-057541,100
PROP-023335,100
PROP-088566,100
PROP-056728,100
PROP-081190,100
PROP-053318,100
PROP-051534,100
PROP-039717,100
PROP-018003,100
PROP-088997,100
PROP-061182,100
PROP-021247,100
PROP-075019,100
PROP-018230,100
PROP-004910,100
PROP-088549,100
PROP-086246,100
PROP-085788,100
PROP-096523,100
PROP-036890,100
PROP-075093,100
PROP-075109,100
PROP-036589,100
PROP-020596,100
PROP-084467,100
PROP-018312,100
PROP-069481,100
PROP-035196,100
PROP-088586,100
PROP-025479,100
PROP-050823,100
PROP-016705,100
PROP-077815,100
PROP-051066,100
PROP-098929,100
PROP-078857,100
PROP-067942,100
PROP-035658,100
PROP-055534,100
PROP-093656,100
PROP-039825,100
PROP-091744,100
PROP-042813,100
PROP-024894,100
PROP-083761,100
PROP-003622,100
PROP-085751,100
PROP-025063,100
PROP-096127,100
PROP-018939,100
PROP-071098,100
PROP-083627,100
PROP-015284,100
PROP-096218,100
PROP-046877,100
PROP-072875,100
PROP-016619,100
PROP-081267,100
PROP-071649,100
PROP-008086,100
PROP-015514,100
PROP-079903,100
PROP-019828,100
PROP-002859,100
PROP-044027,100
PROP-098033,100
PROP-053620,100
PROP-048683,100
PROP-058653,100
PROP-058895,100
PROP-006005,100
PROP-084941,100
PROP-089946,100
PROP-083346,100
PROP-062083,100
PROP-031079,100
PROP-099580,100
PROP-021446,100
PROP-093870,100
PROP-088251,100
PROP-021618,100
PROP-045233,100
PROP-002075,100
PROP-048435,100
PROP-055385,100
PROP-080764,100
PROP-030454,100
PROP-032635,100
PROP-051271,100
PROP-040517,100
PROP-066450,100
PROP-068754,100
PROP-038636,100
PROP-035413,100
PROP-013974,100
PROP-046804,100
PROP-095948,100
PROP-041450,100
PROP-085333,100
PROP-076430,100
PROP-021345,100
PROP-023214,100
PROP-027745,100
PROP-054091,100
PROP-031725,100
PROP-008447,100
PROP-082686,100
PROP-056038,100
PROP-068145,100
PROP-030863,100
PROP-056725,100
PROP-091916,100
PROP-055213,100
PROP-093370,100
PROP-012381,100
PROP-045475,100
PROP-011805,100
PROP-056922,100
PROP-069381,100
PROP-091633,100
PROP-090473,100
PROP-077975,100
PROP-045251,100
PROP-045759,100
PROP-039447,100
PROP-064052,100
PROP-046980,100
PROP-084669,100
PROP-014504,100
PROP-004973,100
PROP-042241,100
PROP-035995,100
PROP-023230,100
PROP-030550,100
PROP-098206,100
PROP-058556,100
PROP-058627,100
PROP-006304,100
PROP-058983,100
PROP-087502,100
PROP-017256,100
PROP-060290,100
PROP-017673,100
PROP-076026,100
PROP-015686,100
PROP-042736,100
PROP-084031,100
PROP-048391,100
PROP-089432,100
PROP-048056,100
PROP-054835,100
PROP-092533,100
PROP-048888,100
PROP-051791,100
PROP-057196,100
PROP-079905,100
PROP-044280,100
PROP-050238,100
PROP-082086,100
PROP-034807,100
PROP-022510,100
PROP-048694,100
PROP-034699,100
PROP-014810,100
PROP-092404,100
PROP-095747,100
PROP-079355,100
PROP-092215,100
PROP-058806,100
PROP-043137,100
PROP-021497,100
PROP-039058,100
PROP-024405,100
PROP-013764,100
PROP-086031,100
PROP-003408,100
PROP-097577,100
PROP-076325,100
PROP-005057,100
PROP-080029,100
PROP-078892,100
PROP-026750,100
PROP-014329,100
PROP-030861,100
PROP-074355,100
PROP-024149,100
PROP-088318,100
PROP-002205,100
PROP-036472,100
PROP-003940,100
PROP-051857,100
PROP-091532,100
PROP-093069,100
PROP-037047,100
PROP-086687,100
PROP-008605,100
PROP-024435,100
PROP-075238,100
PROP-070198,100
PROP-061743,100
PROP-070148,100
PROP-053501,100
PROP-039746,100
PROP-041432,100
PROP-029015,100
PROP-043730,100
PROP-005501,100
PROP-083291,100
PROP-097496,100
PROP-074807,100
PROP-078784,100
PROP-007737,100
PROP-019373,100
PROP-083625,100
PROP-061240,100
PROP-036774,100
PROP-044208,100
PROP-040557,100
PROP-098814,100
PROP-092476,100
PROP-035966,100
PROP-007052,100
PROP-031279,100
PROP-069669,100
PROP-052518,100
PROP-044026,100
PROP-099097,100
PROP-030601,100
PROP-095583,100
PROP-062660,100
PROP-046504,100
PROP-035757,100
PROP-090382,100
PROP-076814,100
PROP-033271,100
PROP-099987,100
PROP-009631,100
PROP-015177,100
PROP-030054,100
PROP-023100,100
PROP-026382,100
PROP-062395,100
PROP-003508,100
PROP-093983,100
PROP-072624,100
PROP-044069,100
PROP-013743,100
PROP-018454,100
PROP-086736,100
PROP-045723,100
PROP-084953,100
PROP-005829,100
PROP-026563,100
PROP-022746,100
PROP-096361,100
PROP-076125,100
PROP-031179,100
PROP-077112,100
PROP-096142,100
PROP-059280,100
PROP-084272,100
PROP-025113,100
PROP-067223,100
PROP-052558,100
PROP-094129,100
PROP-042472,100
PROP-010152,100
PROP-000530,100
PROP-029571,100
PROP-055439,100
PROP-049120,100
PROP-097043,100
PROP-039009,100
PROP-082034,100
PROP-080623,100
PROP-085259,100
PROP-049765,100
PROP-080780,100
PROP-058077,100
PROP-066831,100
PROP-002747,100
PROP-088077,100
PROP-020333,100
PROP-092108,100
PROP-018935,100
PROP-000486,100
PROP-092987,100
PROP-030339,100
PROP-038339,100
PROP-052811,100
PROP-069446,100
PROP-029342,100
PROP-009973,100
PROP-026692,100
PROP-040150,100
PROP-041203,100
PROP-007670,100
PROP-036506,100
PROP-032811,100
PROP-017419,100
PROP-046875,100
PROP-010119,100
PROP-036963,100
PROP-013812,100
PROP-066291,100
PROP-097335,100
PROP-098691,100
PROP-080947,100
PROP-066342,100
PROP-094177,100
PROP-051700,100
PROP-091509,100
PROP-006958,100
PROP-095397,100
PROP-058348,100
PROP-053907,100
PROP-065666,100
PROP-055631,100
PROP-010962,100
PROP-000520,100
PROP-051747,100
PROP-074964,100
PROP-095453,100
PROP-011693,100
PROP-023191,100
PROP-061157,100
PROP-092706,100
PROP-091874,100
PROP-089865,100
PROP-035838,100
PROP-075550,100
PROP-057894,100
PROP-032807,100
PROP-028475,100
PROP-037197,100
PROP-052622,100
PROP-000679,100
PROP-077015,100
PROP-040177,100
PROP-013664,100
PROP-088802,100
PROP-066297,100
PROP-089762,100
PROP-082051,100
PROP-044114,100
PROP-057596,100
PROP-016063,100
PROP-025149,100
PROP-016446,100
PROP-096255,100
PROP-011607,100
PROP-073454,100
PROP-057713,100
PROP-055410,100
PROP-026905,100
PROP-029710,100
PROP-084977,100
PROP-057026,100
PROP-034980,100
PROP-062706,100
PROP-021036,100
PROP-014102,100
PROP-097714,100
PROP-057953,100
PROP-046494,100
PROP-006602,100
PROP-090970,100
PROP-082366,100
PROP-099100,100
PROP-085676,100
PROP-071927,100
PROP-058786,100
PROP-047809,100
PROP-007505,100
PROP-010746,100
PROP-017729,100
PROP-098610,100
PROP-006065,100
PROP-044293,100
PROP-096975,100
PROP-084689,100
PROP-067569,100
PROP-044474,100
PROP-056789,100
PROP-002382,100
PROP-024075,100
PROP-081245,100
PROP-055483,100
PROP-068006,100
PROP-080184,100
PROP-090765,100
PROP-048011,100
PROP-048009,100
PROP-023637,100
PROP-038229,100
PROP-040543,100
PROP-056535,100
PROP-058669,100
PROP-018949,100
PROP-025232,100
PROP-020080,100
PROP-044397,100
PROP-004206,100
PROP-009208,100
PROP-035384,100
PROP-037210,100
PROP-088306,100
PROP-034901,100
PROP-020301,100
PROP-055176,100
PROP-053728,100
PROP-015742,100
PROP-070162,100
PROP-050351,100
PROP-024784,100
PROP-018484,100
PROP-048177,100
PROP-093255,100
PROP-015438,100
PROP-097784,100
PROP-066502,100
PROP-064505,100
PROP-008071,100
PROP-056659,100
PROP-000968,100
PROP-081768,100
PROP-054468,100
PROP-078123,100
PROP-070815,100
PROP-097848,100
PROP-011346,100
PROP-087232,100
PROP-019334,100
PROP-017706,100
PROP-093825,100
PROP-031973,100
PROP-048829,100
PROP-077785,100
PROP-041049,100
PROP-023914,100
PROP-066363,100
PROP-084752,100
PROP-054894,100
PROP-064993,100
PROP-038462,100
PROP-032647,100
PROP-004992,100
PROP-099627,100
PROP-013023,100
PROP-038311,100
PROP-001432,100
PROP-045320,100
PROP-013652,100
PROP-028922,100
PROP-070109,100
PROP-058903,100
PROP-041974,100
PROP-025331,100
PROP-046788,100
PROP-014796,100
PROP-067217,100
PROP-009110,100
PROP-096179,100
PROP-031982,100
PROP-070572,100
PROP-027781,100
PROP-051256,100
PROP-026942,100
PROP-056842,100
PROP-050135,100
PROP-083643,100
PROP-085072,100
PROP-032022,100
PROP-001073,100
PROP-046052,100
PROP-057225,100
PROP-032958,100
PROP-042935,100
PROP-008684,100
PROP-001049,100
PROP-040748,100
PROP-042218,100
PROP-066470,100
PROP-045449,100
PROP-003780,100
PROP-010567,100
PROP-074119,100
PROP-033281,100
PROP-085177,100
PROP-063199,100
PROP-017330,100
PROP-079099,100
PROP-044521,100
PROP-090457,100
PROP-000978,100
PROP-078243,100
PROP-022088,100
PROP-080670,100
PROP-058296,100
PROP-046268,100
PROP-090280,100
PROP-056917,100
PROP-001682,100
PROP-003126,100
PROP-016426,100
PROP-024935,100
PROP-057427,100
PROP-034770,100
PROP-001232,100
PROP-062869,100
PROP-076955,100
PROP-088805,100
PROP-013015,100
PROP-075378,100
PROP-013345,100
PROP-018995,100
PROP-001768,100
PROP-040407,100
PROP-003107,100
PROP-000963,100
PROP-015897,100
PROP-045566,100
PROP-002036,100
PROP-076671,100
PROP-095816,100
PROP-016826,100
PROP-009927,100
PROP-089271,100
PROP-048350,100
PROP-038560,100
PROP-055248,100
PROP-045957,100
PROP-078261,100
PROP-081012,100
PROP-016523,100
PROP-026292,100
PROP-000840,100
PROP-024384,100
PROP-073112,100
PROP-013581,100
PROP-009759,100
PROP-002825,100
PROP-051612,100
PROP-058432,100
PROP-096380,100
PROP-019149,100
PROP-099931,100
PROP-028649,100
PROP-096561,100
PROP-015823,100
PROP-022215,100
PROP-035640,100
PROP-023249,100
PROP-025388,100
PROP-090871,100
PROP-033758,100
PROP-068144,100
PROP-017032,100
PROP-002748,100
PROP-006773,100
PROP-017903,100
PROP-014199,100
PROP-041512,100
PROP-054965,100
PROP-044998,100
PROP-024407,100
PROP-066666,100
PROP-092164,100
PROP-075433,100
PROP-029020,100
PROP-059982,100
PROP-052810,100
PROP-079001,100
PROP-057784,100
PROP-052379,100
PROP-065519,100
PROP-056991,100
PROP-026232,100
PROP-078874,100
PROP-064148,100
PROP-009465,100
PROP-026012,100
PROP-052320,100
PROP-031069,100
PROP-066751,100
PROP-055302,100
PROP-007807,100
PROP-012308,100
PROP-023055,100
PROP-037992,100
PROP-090495,100
PROP-055932,100
PROP-074860,100
PROP-005601,100
PROP-037991,100
PROP-091966,100
PROP-008039,100
PROP-078963,100
PROP-049824,100
PROP-064718,100
PROP-038046,100
PROP-063935,100
PROP-041929,100
PROP-088329,100
PROP-081504,100
PROP-041166,100
PROP-089037,100
PROP-013256,100
PROP-085844,100
PROP-097990,100
PROP-033904,100
PROP-079920,100
PROP-078938,100
PROP-044982,100
PROP-042837,100
PROP-087832,100
PROP-016320,100
PROP-060359,100
PROP-098384,100
PROP-050240,100
PROP-017993,100
PROP-096350,100
PROP-061209,100
PROP-053893,100
PROP-002343,100
PROP-083112,100
PROP-066527,100
PROP-074783,100
PROP-010217,100
PROP-011985,100
PROP-043818,100
PROP-066014,100
PROP-027049,100
PROP-025778,100
PROP-064308,100
PROP-009011,100
PROP-089689,100
PROP-026518,100
PROP-095089,100
PROP-011796,100
PROP-078499,100
PROP-004464,100
PROP-000107,100
PROP-034794,100
PROP-028656,100
PROP-062107,100
PROP-003231,100
PROP-046895,100
PROP-027392,100
PROP-072055,100
PROP-013472,100
PROP-022300,100
PROP-047996,100
PROP-016666,100
PROP-090946,100
PROP-012764,100
PROP-049115,100
PROP-098215,100
PROP-005935,100
PROP-082633,100
PROP-055530,100
PROP-066137,100
PROP-029661,100
PROP-012801,100
PROP-073024,100
PROP-049865,100
PROP-043826,100
PROP-082968,100
PROP-076767,100
PROP-052727,100
PROP-060437,100
PROP-016535,100
PROP-028004,100
PROP-028935,100
PROP-079406,100
PROP-034854,100
PROP-020154,100
PROP-077441,100
PROP-004110,100
PROP-041841,100
PROP-043762,100
PROP-029976,100
PROP-043205,100
PROP-015816,100
PROP-077656,100
PROP-080146,100
PROP-079258,100
PROP-055861,100
PROP-013137,100
PROP-086359,100
PROP-068559,100
PROP-046568,100
PROP-067655,100
PROP-041314,100
PROP-066681,100
PROP-032050,100
PROP-091711,100
PROP-020363,100
PROP-065293,100
PROP-096645,100
PROP-010259,100
PROP-079864,100
PROP-001810,100
PROP-057110,100
PROP-094581,100
PROP-048433,100
PROP-011760,100
PROP-075787,100
PROP-012066,100
PROP-035440,100
PROP-073133,100
PROP-009237,100
PROP-019921,100
PROP-021753,100
PROP-025360,100
PROP-083310,100
PROP-041355,100
PROP-089220,100
PROP-046013,100
PROP-090714,100
PROP-077991,100
PROP-072645,100
PROP-083741,100
PROP-062686,100
PROP-077610,100
PROP-081715,100
PROP-083609,100
PROP-007391,100
PROP-055539,100
PROP-053470,100
PROP-094069,100
PROP-033586,100
PROP-003561,100
PROP-072610,100
PROP-096056,100
PROP-087550,100
PROP-079597,100
PROP-038021,100
PROP-012841,100
PROP-065877,100
PROP-020819,100
PROP-062551,100
PROP-078337,100
PROP-029920,100
PROP-061630,100
PROP-087639,100
PROP-084751,100
PROP-055602,100
PROP-044789,100
PROP-011747,100
PROP-032122,100
PROP-020781,100
PROP-036351,100
PROP-022275,100
PROP-027094,100
PROP-066956,100
PROP-020466,100
PROP-068148,100
PROP-053052,100
PROP-001209,100
PROP-033782,100
PROP-024869,100
PROP-057002,100
PROP-037985,100
PROP-052400,100
PROP-093471,100
PROP-099651,100
PROP-033115,100
PROP-063655,100
PROP-078446,100
PROP-061893,100
PROP-097239,100
PROP-072204,100
PROP-089166,100
PROP-090496,100
PROP-064339,100
PROP-038577,100
PROP-024818,100
PROP-042492,100
PROP-089096,100
PROP-036403,100
PROP-041503,100
PROP-029867,100
PROP-078458,100
PROP-073970,100
PROP-063079,100
PROP-004794,100
PROP-079016,100
PROP-038537,100
PROP-092722,100
PROP-098934,100
PROP-018505,100
PROP-095630,100
PROP-033071,100
PROP-029201,100
PROP-002504,100
PROP-054425,100
PROP-046443,100
PROP-081473,100
PROP-036896,100
PROP-045525,100
PROP-085846,100
PROP-089987,100
PROP-051667,100
PROP-056693,100
PROP-029147,100
PROP-055346,100
PROP-065090,100
PROP-024482,100
PROP-071726,100
PROP-073759,100
PROP-090385,100
PROP-097987,100
PROP-047248,100
PROP-065011,100
PROP-079442,100
PROP-098335,100
PROP-023559,100
PROP-087711,100
PROP-081466,100
PROP-099557,100
PROP-022255,100
PROP-056713,100
PROP-054473,100
PROP-011153,100
PROP-097932,100
PROP-055444,100
PROP-073553,100
PROP-098112,100
PROP-072489,100
PROP-003337,100
PROP-081550,100
PROP-037191,100
PROP-034181,100
PROP-026956,100
PROP-075835,100
PROP-067368,100
PROP-027619,100
PROP-066321,100
PROP-085910,100
PROP-006882,100
PROP-080322,100
PROP-074733,100
PROP-053849,100
PROP-075449,100
PROP-059555,100
PROP-064653,100
PROP-030636,100
PROP-089753,100
PROP-085502,100
PROP-053188,100
PROP-043846,100
PROP-070030,100
PROP-077483,100
PROP-063439,100
PROP-042798,100
PROP-071647,100
PROP-059032,100
PROP-011695,100
PROP-099339,100
PROP-081711,100
PROP-048216,100
PROP-047343,100
PROP-036088,100
PROP-087139,100
PROP-084915,100
PROP-058217,100
PROP-095198,100
PROP-027009,100
PROP-074280,100
PROP-033665,100
PROP-089385,100
PROP-046096,100
PROP-008037,100
PROP-019532,100
PROP-048496,100
PROP-068772,100
PROP-038562,100
PROP-042438,100
PROP-046350,100
PROP-081557,100
PROP-094679,100
PROP-076709,100
PROP-043853,100
PROP-066299,100
PROP-076677,100
PROP-029251,100
PROP-091852,100
PROP-009494,100
PROP-065587,100
PROP-049703,100
PROP-025441,100
PROP-039961,100
PROP-079216,100
PROP-080771,100
PROP-022308,100
PROP-046247,100
PROP-012985,100
PROP-052418,100
PROP-032592,100
PROP-030973,100
PROP-082609,100
PROP-025435,100
PROP-081752,100
PROP-023394,100
PROP-060937,100
PROP-021617,100
PROP-007094,100
PROP-093126,100
PROP-056016,100
PROP-037785,100
PROP-012607,100
PROP-032032,100
PROP-046488,100
PROP-086265,100
PROP-005867,100
PROP-054057,100
PROP-064286,100
PROP-045760,100
PROP-049695,100
PROP-004296,100
PROP-035356,100
PROP-065386,100
PROP-059457,100
PROP-074011,100
PROP-054570,100
PROP-006455,100
PROP-001117,100
PROP-058720,100
PROP-097979,100
PROP-003142,100
PROP-084254,100
PROP-035603,100
PROP-061251,100
PROP-096712,100
PROP-060083,100
PROP-073350,100
PROP-030890,100
PROP-067564,100
PROP-015784,100
PROP-084183,100
PROP-085067,100
PROP-036110,100
PROP-033323,100
PROP-001887,100
PROP-088409,100
PROP-063190,100
PROP-020790,100
PROP-020702,100
PROP-045692,100
PROP-071584,100
PROP-095213,100
PROP-090073,100
PROP-072516,100
PROP-016330,100
PROP-035331,100
PROP-021161,100
PROP-010913,100
PROP-097999,100
PROP-075259,100
PROP-044309,100
PROP-045178,100
PROP-050820,100
PROP-082405,100
PROP-074727,100
PROP-021385,100
PROP-059068,100
PROP-071302,100
PROP-057008,100
PROP-019836,100
PROP-030082,100
PROP-017019,100
PROP-098964,100
PROP-093907,100
PROP-098086,100
PROP-059608,100
PROP-021533,100
PROP-014690,100
PROP-079372,100
PROP-092560,100
PROP-007792,100
PROP-018928,100
PROP-065860,100
PROP-083908,100
PROP-044216,100
PROP-038233,100
PROP-078129,100
PROP-065761,100
PROP-014125,100
PROP-099375,100
PROP-071410,100
PROP-051720,100
PROP-092346,100
PROP-089834,100
PROP-042004,100
PROP-060640,100
PROP-011216,100
PROP-025356,100
PROP-041060,100
PROP-034558,100
PROP-033218,100
PROP-024493,100
PROP-000029,100
PROP-003122,100
PROP-021473,100
PROP-025563,100
PROP-080904,100
PROP-031235,100
PROP-037309,100
PROP-057872,100
PROP-049447,100
PROP-031496,100
PROP-069168,100
PROP-043079,100
PROP-085458,100
PROP-024783,100
PROP-000828,100
PROP-068737,100
PROP-098109,100
PROP-067650,100
PROP-014850,100
PROP-064543,100
PROP-086067,100
PROP-041234,100
PROP-071588,100
PROP-052432,100
PROP-039741,100
PROP-018116,100
PROP-075581,100
PROP-037114,100
PROP-068573,100
PROP-028089,100
PROP-011984,100
PROP-078011,100
PROP-018704,100
PROP-079934,100
PROP-040469,100
PROP-020407,100
PROP-060138,100
PROP-062574,100
PROP-079408,100
PROP-008374,100
PROP-084435,100
PROP-052989,100
PROP-035737,100
PROP-004956,100
PROP-088106,100
PROP-078940,100
PROP-067508,100
PROP-003370,100
PROP-076442,100
PROP-018416,100
PROP-067071,100
PROP-089221,100
PROP-089428,100
PROP-022172,100
PROP-038303,100
PROP-051426,100
PROP-030477,100
PROP-034627,100
PROP-079139,100
PROP-018466,100
PROP-088597,100
PROP-061322,100
PROP-010244,100
PROP-049566,100
PROP-007655,100
PROP-050510,100
PROP-002470,100
PROP-035253,100
PROP-089180,100
PROP-035098,100
PROP-087064,100
PROP-063668,100
PROP-065192,100
PROP-092495,100
PROP-032251,100
PROP-055672,100
PROP-099254,100
PROP-079565,100
PROP-025551,100
PROP-058328,100
PROP-037069,100
PROP-053134,100
PROP-020631,100
PROP-006452,100
PROP-068558,100
PROP-006828,100
PROP-004323,100
PROP-069854,100
PROP-080622,100
PROP-083203,100
PROP-068591,100
PROP-002706,100
PROP-053368,100
PROP-090020,100
PROP-046131,100
PROP-091534,100
PROP-003708,100
PROP-059927,100
PROP-045395,100
PROP-003553,100
PROP-099074,100
PROP-041815,100
PROP-080663,100
PROP-070319,100
PROP-016849,100
PROP-046861,100
PROP-090153,100
PROP-001648,100
PROP-030552,100
PROP-041996,100
PROP-089593,100
PROP-066316,100
PROP-080327,100
PROP-033008,100
PROP-057217,100
PROP-061718,100
PROP-063707,100
PROP-071458,100
PROP-008151,100
PROP-075359,100
PROP-007308,100
PROP-000192,100
PROP-042777,100
PROP-065516,100
PROP-053486,100
PROP-062794,100
PROP-030502,100
PROP-066885,100
PROP-019256,100
PROP-046074,100
PROP-013043,100
PROP-004212,100
PROP-023838,100
PROP-072641,100
PROP-081588,100
PROP-080588,100
PROP-019469,100
PROP-025098,100
PROP-064402,100
PROP-003000,100
PROP-047933,100
PROP-019263,100
PROP-064392,100
PROP-057659,100
PROP-010283,100
PROP-086503,100
PROP-075334,100
PROP-005263,100
PROP-072998,100
PROP-035500,100
PROP-038067,100
PROP-068449,100
PROP-069340,100
PROP-039280,100
PROP-052859,100
PROP-001146,100
PROP-061159,100
PROP-038900,100
PROP-094814,100
PROP-051013,100
PROP-009605,100
PROP-082416,100
PROP-027746,100
PROP-038748,100
PROP-007465,100
PROP-042347,100
PROP-058033,100
PROP-026543,100
PROP-037167,100
PROP-043473,100
PROP-019330,100
PROP-031954,100
PROP-025394,100
PROP-082586,100
PROP-079527,100
PROP-039471,100
PROP-004933,100
PROP-078698,100
PROP-061466,100
PROP-083062,100
PROP-037292,100
PROP-070014,100
PROP-003729,100
PROP-053749,100
PROP-058719,100
PROP-072318,100
PROP-025550,100
PROP-041778,100
PROP-059136,100
PROP-044421,100
PROP-040714,100
PROP-039553,100
PROP-072196,100
PROP-030140,100
PROP-086599,100
PROP-095809,100
PROP-068848,100
PROP-035892,100
PROP-087215,100
PROP-074581,100
PROP-000613,100
PROP-015223,100
PROP-097546,100
PROP-096088,100
PROP-071409,100
PROP-067108,100
PROP-035458,100
PROP-057086,100
PROP-028693,100
PROP-012508,100
PROP-080355,100
PROP-050080,100
PROP-006953,100
PROP-040930,100
PROP-064919,100
PROP-017268,100
PROP-003977,100
PROP-002237,100
PROP-006227,100
PROP-076561,100
PROP-031141,100
PROP-082739,100
PROP-092415,100
PROP-097144,100
PROP-021273,100
PROP-070103,100
PROP-084488,100
PROP-027577,100
PROP-018335,100
PROP-069269,100
PROP-062836,100
PROP-030416,100
PROP-030714,100
PROP-048091,100
PROP-082896,100
PROP-001072,100
PROP-039075,100
PROP-065897,100
PROP-065001,100
PROP-008845,100
PROP-002421,100
PROP-019867,100
PROP-073955,100
PROP-011064,100
PROP-017005,100
PROP-095201,100
PROP-000347,100
PROP-065096,100
PROP-045083,100
PROP-020970,100
PROP-044935,100
PROP-068959,100
PROP-052315,100
PROP-014280,100
PROP-068040,100
PROP-049887,100
PROP-090553,100
PROP-086039,100
PROP-040362,100
PROP-090172,100
PROP-029755,100
PROP-094517,100
PROP-084033,100
PROP-089837,100
PROP-081366,100
PROP-042416,100
PROP-020597,100
PROP-071887,100
PROP-070100,100
PROP-028559,100
PROP-027253,100
PROP-054240,100
PROP-087880,100
PROP-006735,100
PROP-067422,100
PROP-053835,100
PROP-045002,100
PROP-078035,100
PROP-019563,100
PROP-043881,100
PROP-072401,100
PROP-037332,100
PROP-000105,100
PROP-007494,100
PROP-075918,100
PROP-000516,100
PROP-078954,100
PROP-065767,100
PROP-023350,100
PROP-091151,100
PROP-077322,100
PROP-004904,100
PROP-038799,100
PROP-044704,100
PROP-057497,100
PROP-067460,100
PROP-049552,100
PROP-024429,100
PROP-072897,100
PROP-002518,100
PROP-006243,100
PROP-034375,100
PROP-013281,100
PROP-088323,100
PROP-018876,100
PROP-070970,100
PROP-097671,100
PROP-018964,100
PROP-097838,100
PROP-021756,100
PROP-096316,100
PROP-004275,100
PROP-050854,100
PROP-075713,100
PROP-022096,100
PROP-089872,100
PROP-059689,100
PROP-057186,100
PROP-054487,100
PROP-050980,100
PROP-020295,100
PROP-027899,100
PROP-020942,100
PROP-000595,100
PROP-011171,100
PROP-056244,100
PROP-084719,100
PROP-082640,100
PROP-052491,100
PROP-088039,100
PROP-061623,100
PROP-015374,100
PROP-063687,100
PROP-088488,100
PROP-038256,100
PROP-067040,100
PROP-005206,100
PROP-030353,100
PROP-014334,100
PROP-014100,100
PROP-069572,100
PROP-056384,100
PROP-072200,100
PROP-010612,100
PROP-072769,100
PROP-074452,100
PROP-096501,100
PROP-013321,100
PROP-024612,100
PROP-096541,100
PROP-027999,100
PROP-056920,100
PROP-086190,100
PROP-066827,100
PROP-070977,100
PROP-082482,100
PROP-090698,100
PROP-087641,100
PROP-033566,100
PROP-013359,100
PROP-050474,100
PROP-005345,100
PROP-068765,100
PROP-016080,100
PROP-098879,100
PROP-053363,100
PROP-000560,100
PROP-081261,100
PROP-057343,100
PROP-096594,100
PROP-039296,100
PROP-023166,100
PROP-002394,100
PROP-049212,100
PROP-087422,100
PROP-030724,100
PROP-024409,100
PROP-053847,100
PROP-000031,100
PROP-062235,100
PROP-066606,100
PROP-001839,100
PROP-044355,100
PROP-040952,100
PROP-084887,100
PROP-051481,100
PROP-047833,100
PROP-076861,100
PROP-060656,100
PROP-005454,100
PROP-021862,100
PROP-093788,100
PROP-043483,100
PROP-069116,100
PROP-011394,100
PROP-082662,100
PROP-079114,100
PROP-097524,100
PROP-025462,100
PROP-027476,100
PROP-028169,100
PROP-015010,100
PROP-019108,100
PROP-018833,100
PROP-068952,100
PROP-070213,100
PROP-026873,100
PROP-016538,100
PROP-010977,100
PROP-016582,100
PROP-052683,100
PROP-051133,100
PROP-020532,100
PROP-082663,100
PROP-026473,100
PROP-051298,100
PROP-095268,100
PROP-012013,100
PROP-070514,100
PROP-024276,100
PROP-060922,100
PROP-031129,100
PROP-085203,100
PROP-084937,100
PROP-098821,100
PROP-040024,100
PROP-094887,100
PROP-042111,100
PROP-062897,100
PROP-068301,100
PROP-094243,100
PROP-050093,100
PROP-074545,100
PROP-025411,100
PROP-038288,100
PROP-046860,100
PROP-021402,100
PROP-003063,100
PROP-064209,100
PROP-063892,100
PROP-048574,100
PROP-074254,100
PROP-056282,100
PROP-017421,100
PROP-089202,100
PROP-024654,100
PROP-020515,100
PROP-092283,100
PROP-033044,100
PROP-052376,100
PROP-087554,100
PROP-002261,100
PROP-029194,100
PROP-042417,100
PROP-031441,100
PROP-042670,100
PROP-038262,100
PROP-083839,100
PROP-060672,100
PROP-028843,100
PROP-028209,100
PROP-018276,100
PROP-040969,100
PROP-083520,100
PROP-055329,100
PROP-036041,100
PROP-032038,100
PROP-023010,100
PROP-050124,100
PROP-087193,100
PROP-061746,100
PROP-017632,100
PROP-015112,100
PROP-033655,100
PROP-014120,100
PROP-060354,100
PROP-080997,100
PROP-073057,100
PROP-056126,100
PROP-096772,100
PROP-029679,100
PROP-055299,100
PROP-012100,100
PROP-061772,100
PROP-079553,100
PROP-029057,100
PROP-044991,100
PROP-052760,100
PROP-057769,100
PROP-065378,100
PROP-049936,100
PROP-008856,100
PROP-025672,100
PROP-048635,100
PROP-014550,100
PROP-005893,100
PROP-039915,100
PROP-008423,100
PROP-056267,100
PROP-062723,100
PROP-016610,100
PROP-056432,100
PROP-096754,100
PROP-020310,100
PROP-048347,100
PROP-050928,100
PROP-022322,100
PROP-064451,100
PROP-053995,100
PROP-022002,100
PROP-040456,100
PROP-087823,100
PROP-058350,100
PROP-004843,100
PROP-070585,100
PROP-013643,100
PROP-085500,100
PROP-003461,100
PROP-064970,100
PROP-039195,100
PROP-018354,100
PROP-026415,100
PROP-031076,100
PROP-039330,100
PROP-075533,100
PROP-037807,100
PROP-045342,100
PROP-079272,100
PROP-005486,100
PROP-076591,100
PROP-082809,100
PROP-044804,100
PROP-023512,100
PROP-025049,100
PROP-007928,100
PROP-026550,100
PROP-034602,100
PROP-031389,100
PROP-037858,100
PROP-016169,100
PROP-032533,100
PROP-027613,100
PROP-087230,100
PROP-002904,100
PROP-055953,100
PROP-056452,100
PROP-025036,100
PROP-052271,100
PROP-082711,100
PROP-030354,100
PROP-085602,100
PROP-074300,100
PROP-094189,100
PROP-080553,100
PROP-076545,100
PROP-031365,100
PROP-010019,100
PROP-026797,100
PROP-070969,100
PROP-047498,100
PROP-042899,100
PROP-009397,100
PROP-040499,100
PROP-049439,100
PROP-099883,100
PROP-050897,100
PROP-058578,100
PROP-068073,100
PROP-073857,100
PROP-048378,100
PROP-084443,100
PROP-097062,100
PROP-060241,100
PROP-010993,100
PROP-030527,100
PROP-064763,100
PROP-038455,100
PROP-055571,100
PROP-091690,100
PROP-050174,100
PROP-081837,100
PROP-061014,100
PROP-080450,100
PROP-022621,100
PROP-016011,100
PROP-074326,100
PROP-047950,100
PROP-060382,100
PROP-014015,100
PROP-087731,100
PROP-032126,100
PROP-050285,100
PROP-037323,100
PROP-064628,100
PROP-034292,100
PROP-080151,100
PROP-071379,100
PROP-043195,100
PROP-000761,100
PROP-063932,100
PROP-022231,100
PROP-029966,100
PROP-095907,100
PROP-001236,100
PROP-047706,100
PROP-050488,100
PROP-036872,100
PROP-018716,100
PROP-054462,100
PROP-006260,100
PROP-091339,100
PROP-075641,100
PROP-078362,100
PROP-093433,100
PROP-029911,100
PROP-022630,100
PROP-030650,100
PROP-005488,100
PROP-072008,100
PROP-019694,100
PROP-050676,100
PROP-049072,100
PROP-092055,100
PROP-016818,100
PROP-075803,100
PROP-079083,100
PROP-081317,100
PROP-006644,100
PROP-060964,100
PROP-046960,100
PROP-028483,100
PROP-036430,100
PROP-052925,100
PROP-054745,100
PROP-045595,100
PROP-008962,100
PROP-058089,100
PROP-056454,100
PROP-046077,100
PROP-024578,100
PROP-030462,100
PROP-034970,100
PROP-031234,100
PROP-093951,100
PROP-099665,100
PROP-012152,100
PROP-014493,100
PROP-098039,100
PROP-024115,100
PROP-047107,100
PROP-028446,100
PROP-087599,100
PROP-011952,100
PROP-045124,100
PROP-019937,100
PROP-005883,100
PROP-099415,100
PROP-042936,100
PROP-044291,100
PROP-006387,100
PROP-024239,100
PROP-015921,100
PROP-077249,100
PROP-041713,100
PROP-010229,100
PROP-032166,100
PROP-090576,100
PROP-044953,100
PROP-036918,100
PROP-083757,100
PROP-060839,100
PROP-064192,100
PROP-025233,100
PROP-093310,100
PROP-038083,100
PROP-096852,100
PROP-068565,100
PROP-003888,100
PROP-074855,100
PROP-063913,100
PROP-066436,100
PROP-015450,100
PROP-076014,100
PROP-087403,100
PROP-000891,100
PROP-042928,100
PROP-009811,100
PROP-095417,100
PROP-047988,100
PROP-072398,100
PROP-009511,100
PROP-041108,100
PROP-087181,100
PROP-096455,100
PROP-041663,100
PROP-043934,100
PROP-095926,100
PROP-087517,100
PROP-065303,100
PROP-074583,100
PROP-003012,100
PROP-007113,100
PROP-058420,100
PROP-045666,100
PROP-093420,100
PROP-024130,100
PROP-054667,100
PROP-060754,100
PROP-003979,100
PROP-029090,100
PROP-011921,100
PROP-057688,100
PROP-029253,100
PROP-061266,100
PROP-054887,100
PROP-054577,100
PROP-045811,100
PROP-063293,100
PROP-014912,100
PROP-083896,100
PROP-029283,100
PROP-055040,100
PROP-098571,100
PROP-009721,100
PROP-043944,100
PROP-018019,100
PROP-057249,100
PROP-019370,100
PROP-040894,100
PROP-008746,100
PROP-075514,100
PROP-075475,100
PROP-088150,100
PROP-081748,100
PROP-065991,100
PROP-050557,100
PROP-039019,100
PROP-057241,100
PROP-029139,100
PROP-008975,100
PROP-058565,100
PROP-078932,100
PROP-078363,100
PROP-095456,100
PROP-013346,100
PROP-009610,100
PROP-052179,100
PROP-004698,100
PROP-014441,100
PROP-065696,100
PROP-011898,100
PROP-046725,100
PROP-003988,100
PROP-068690,100
PROP-035894,100
PROP-086404,100
PROP-033338,100
PROP-083664,100
PROP-015211,100
PROP-020739,100
PROP-004630,100
PROP-038960,100
PROP-064012,100
PROP-092615,100
PROP-011345,100
PROP-027186,100
PROP-010186,100
PROP-077981,100
PROP-024714,100
PROP-035800,100
PROP-092823,100
PROP-062322,100
PROP-038730,100
PROP-074367,100
PROP-096789,100
PROP-052361,100
PROP-028183,100
PROP-014480,100
PROP-025518,100
PROP-023785,100
PROP-041799,100
PROP-049145,100
PROP-008036,100
PROP-060527,100
PROP-022301,100
PROP-022398,100
PROP-027849,100
PROP-094863,100
PROP-061865,100
PROP-086419,100
PROP-026820,100
PROP-065915,100
PROP-028302,100
PROP-010570,100
PROP-063412,100
PROP-037036,100
PROP-009484,100
PROP-072417,100
PROP-073390,100
PROP-071277,100
PROP-038193,100
PROP-005584,100
PROP-087779,100
PROP-023179,100
PROP-041755,100
PROP-048427,100
PROP-000055,100
PROP-009587,100
PROP-028900,100
PROP-074609,100
PROP-089139,100
PROP-060681,100
PROP-067804,100
PROP-012302,100
PROP-024591,100
PROP-018009,100
PROP-072996,100
PROP-095088,100
PROP-061370,100
PROP-039421,100
PROP-007562,100
PROP-057601,100
PROP-044932,100
PROP-075912,100
PROP-053797,100
PROP-048145,100
PROP-092480,100
PROP-042534,100
PROP-056640,100
PROP-043714,100
PROP-014009,100
PROP-059624,100
PROP-055090,100
PROP-049092,100
PROP-067360,100
PROP-080841,100
PROP-007703,100
PROP-008331,100
PROP-006127,100
PROP-039198,100
PROP-064498,100
PROP-070064,100
PROP-056003,100
PROP-044088,100
PROP-080133,100
PROP-073620,100
PROP-088634,100
PROP-031242,100
PROP-074025,100
PROP-099756,100
PROP-002990,100
PROP-050483,100
PROP-031966,100
PROP-096723,100
PROP-016368,100
PROP-089145,100
PROP-046520,100
PROP-083682,100
PROP-055438,100
PROP-055628,100
PROP-006462,100
PROP-009050,100
PROP-047781,100
PROP-080085,100
PROP-093132,100
PROP-049714,100
PROP-023614,100
PROP-035744,100
PROP-071006,100
PROP-079539,100
PROP-090504,100
PROP-092494,100
PROP-078386,100
PROP-024856,100
PROP-093342,100
PROP-097139,100
PROP-087490,100
PROP-010013,100
PROP-084801,100
PROP-033355,100
PROP-011435,100
PROP-030907,100
PROP-088286,100
PROP-081951,100
PROP-024161,100
PROP-003945,100
PROP-073068,100
PROP-011414,100
PROP-057773,100
PROP-059483,100
PROP-097328,100
PROP-034382,100
PROP-025746,100
PROP-001928,100
PROP-026621,100
PROP-027696,100
PROP-098213,100
PROP-074557,100
PROP-076438,100
PROP-006721,100
PROP-058140,100
PROP-049160,100
PROP-040040,100
PROP-067537,100
PROP-035853,100
PROP-038349,100
PROP-015658,100
PROP-074219,100
PROP-037124,100
PROP-070378,100
PROP-072377,100
PROP-080768,100
PROP-098667,100
PROP-061277,100
PROP-080485,100
PROP-072605,100
PROP-055662,100
PROP-062892,100
PROP-015868,100
PROP-047812,100
PROP-051664,100
PROP-007632,100
PROP-022080,100
PROP-052421,100
PROP-087228,100
PROP-060344,100
PROP-002037,100
PROP-077293,100
PROP-001247,100
PROP-018033,100
PROP-073858,100
PROP-042887,100
PROP-033373,100
PROP-099546,100
PROP-087368,100
PROP-084591,100
PROP-044103,100
PROP-087030,100
PROP-003720,100
PROP-084182,100
PROP-060868,100
PROP-079304,100
PROP-083180,100
PROP-025597,100
PROP-071908,100
PROP-009782,100
PROP-014465,100
PROP-005748,100
PROP-099272,100
PROP-056156,100
PROP-011033,100
PROP-090925,100
PROP-051887,100
PROP-025391,100
PROP-038927,100
PROP-038998,100
PROP-079725,100
PROP-042250,100
PROP-077092,100
PROP-076667,100
PROP-024940,100
PROP-056919,100
PROP-023247,100
PROP-050165,100
PROP-034138,100
PROP-031802,100
PROP-022934,100
PROP-058219,100
PROP-040299,100
PROP-005208,100
PROP-062856,100
PROP-040046,100
PROP-076063,100
PROP-044297,100
PROP-058320,100
PROP-003459,100
PROP-068656,100
PROP-035268,100
PROP-073293,100
PROP-017468,100
PROP-071635,100
PROP-032508,100
PROP-085183,100
PROP-061783,100
PROP-036031,100
PROP-082450,100
PROP-097547,100
PROP-082283,100
PROP-060063,100
PROP-054685,100
PROP-031686,100
PROP-035688,100
PROP-035667,100
PROP-068122,100
PROP-050798,100
PROP-070877,100
PROP-050932,100
PROP-063314,100
PROP-017481,100
PROP-075203,100
PROP-062645,100
PROP-039617,100
PROP-027704,100
PROP-037169,100
PROP-006503,100
PROP-041276,100
PROP-031786,100
PROP-047983,100
PROP-033786,100
PROP-012512,100
PROP-088275,100
PROP-065237,100
PROP-063621,100
PROP-062033,100
PROP-061800,100
PROP-010610,100
PROP-061371,100
PROP-088261,100
PROP-012153,100
PROP-078700,100
PROP-001711,100
PROP-029946,100
PROP-051558,100
PROP-052747,100
PROP-090776,100
PROP-039777,100
PROP-006614,100
PROP-086636,100
PROP-041480,100
PROP-086177,100
PROP-051128,100
PROP-008010,100
PROP-021099,100
PROP-031184,100
PROP-097963,100
PROP-011443,100
PROP-036187,100
PROP-028571,100
PROP-077437,100
PROP-011182,100
PROP-022556,100
PROP-038715,100
PROP-099667,100
PROP-062741,100
PROP-062332,100
PROP-020982,100
PROP-052169,100
PROP-009556,100
PROP-028634,100
PROP-089282,100
PROP-045869,100
PROP-031513,100
PROP-054645,100
PROP-096273,100
PROP-048600,100
PROP-023377,100
PROP-012669,100
PROP-037001,100
PROP-061661,100
PROP-073832,100
PROP-079802,100
PROP-061833,100
PROP-023811,100
PROP-055880,100
PROP-033592,100
PROP-047540,100
PROP-020478,100
PROP-041683,100
PROP-068701,100
PROP-087284,100
PROP-018907,100
PROP-031537,100
PROP-022020,100
PROP-078745,100
PROP-087569,100
PROP-027045,100
PROP-098177,100
PROP-056528,100
PROP-036795,100
PROP-008106,100
PROP-012514,100
PROP-092501,100
PROP-059467,100
PROP-071433,100
PROP-019958,100
PROP-028298,100
PROP-056892,100
PROP-019589,100
PROP-061221,100
PROP-080630,100
PROP-089029,100
PROP-084554,100
PROP-071743,100
PROP-042762,100
PROP-084428,100
PROP-017536,100
PROP-026655,100
PROP-051371,100
PROP-056638,100
PROP-061489,100
PROP-026802,100
PROP-020118,100
PROP-033914,100
PROP-024479,100
PROP-066394,100
PROP-078174,100
PROP-068116,100
PROP-009801,100
PROP-076234,100
PROP-049950,100
PROP-047457,100
PROP-081905,100
PROP-013680,100
PROP-097271,100
PROP-003891,100
PROP-043740,100
PROP-071076,100
PROP-070611,100
PROP-037665,100
PROP-006540,100
PROP-035031,100
PROP-024028,100
PROP-021041,100
PROP-057295,100
PROP-091844,100
PROP-037860,100
PROP-061750,100
PROP-059434,100
PROP-006392,100
PROP-057414,100
PROP-059834,100
PROP-091037,100
PROP-071192,100
PROP-057562,100
PROP-033349,100
PROP-080647,100
PROP-046374,100
PROP-045741,100
PROP-085181,100
PROP-036463,100
PROP-092224,100
PROP-002927,100
PROP-061022,100
PROP-085036,100
PROP-059011,100
PROP-062768,100
PROP-032822,100
PROP-017184,100
PROP-029127,100
PROP-050405,100
PROP-027589,100
PROP-047619,100
PROP-058121,100
PROP-086439,100
PROP-046651,100
PROP-079472,100
PROP-055649,100
PROP-039988,100
PROP-066302,100
PROP-077813,100
PROP-062718,100
PROP-072763,100
PROP-015841,100
PROP-058871,100
PROP-032727,100
PROP-037637,100
PROP-000423,100
PROP-027212,100
PROP-097092,100
PROP-025447,100
PROP-066092,100
PROP-013816,100
PROP-053775,100
PROP-026460,100
PROP-073765,100
PROP-039018,100
PROP-061868,100
PROP-086608,100
PROP-054816,100
PROP-036844,100
PROP-052184,100
PROP-065778,100
PROP-051673,100
PROP-029846,100
PROP-004064,100
PROP-045421,100
PROP-016945,100
PROP-096051,100
PROP-036388,100
PROP-051637,100
PROP-083712,100
PROP-017156,100
PROP-069510,100
PROP-064229,100
PROP-070777,100
PROP-056671,100
PROP-035157,100
PROP-023580,100
PROP-071453,100
PROP-060246,100
PROP-067035,100
PROP-043820,100
PROP-033619,100
PROP-083101,100
PROP-094617,100
PROP-011336,100
PROP-098202,100
PROP-016201,100
PROP-096995,100
PROP-098323,100
PROP-045326,100
PROP-029122,100
PROP-019841,100
PROP-026427,100
PROP-004998,100
PROP-077667,100
PROP-099470,100
PROP-042922,100
PROP-019571,100
PROP-069337,100
PROP-080171,100
PROP-070444,100
PROP-067117,100
PROP-039267,100
PROP-046206,100
PROP-076426,100
PROP-082900,100
PROP-015829,100
PROP-073590,100
PROP-037064,100
PROP-010901,100
PROP-029411,100
PROP-085467,100
PROP-057776,100
PROP-022501,100
PROP-088850,100
PROP-085659,100
PROP-009382,100
PROP-086495,100
PROP-027741,100
PROP-028973,100
PROP-050048,100
PROP-064230,100
PROP-057920,100
PROP-030158,100
PROP-047370,100
PROP-027864,100
PROP-035748,100
PROP-096623,100
PROP-021752,100
PROP-062118,100
PROP-028252,100
PROP-037172,100
PROP-034117,100
PROP-085258,100
PROP-096991,100
PROP-062895,100
PROP-062351,100
PROP-091305,100
PROP-092810,100
PROP-028791,100
PROP-062630,100
PROP-057493,100
PROP-087636,100
PROP-046832,100
PROP-063189,100
PROP-028767,100
PROP-014404,100
PROP-020181,100
PROP-096889,100
PROP-047333,100
PROP-094124,100
PROP-089771,100
PROP-056089,100
PROP-054707,100
PROP-035862,100
PROP-093351,100
PROP-092330,100
PROP-025318,100
PROP-079087,100
PROP-054351,100
PROP-090490,100
PROP-034591,100
PROP-085821,100
PROP-000121,100
PROP-069964,100
PROP-073184,100
PROP-002220,100
PROP-000528,100
PROP-001780,100
PROP-035283,100
PROP-061962,100
PROP-046053,100
PROP-022679,100
PROP-084539,100
PROP-038569,100
PROP-075182,100
PROP-073163,100
PROP-039610,100
PROP-022327,100
PROP-021176,100
PROP-039134,100
PROP-076427,100
PROP-028034,100
PROP-069812,100
PROP-098305,100
PROP-044788,100
PROP-013300,100
PROP-084927,100
PROP-009152,100
PROP-026020,100
PROP-071054,100
PROP-038969,100
PROP-066139,100
PROP-010551,100
PROP-087795,100
PROP-093372,100
PROP-049392,100
PROP-011170,100
PROP-097179,100
PROP-072500,100
PROP-050924,100
PROP-043732,100
PROP-094311,100
PROP-053082,100
PROP-012355,100
PROP-043229,100
PROP-014138,100
PROP-058706,100
PROP-049370,100
PROP-091244,100
PROP-046885,100
PROP-048210,100
PROP-015693,100
PROP-094949,100
PROP-075639,100
PROP-035481,100
PROP-026795,100
PROP-039652,100
PROP-080853,100
PROP-033735,100
PROP-074370,100
PROP-011157,100
PROP-093145,100
PROP-093313,100
PROP-080409,100
PROP-079970,100
PROP-093664,100
PROP-037909,100
PROP-075663,100
PROP-045805,100
PROP-085857,100
PROP-015459,100
PROP-064007,100
PROP-072012,100
PROP-082531,100
PROP-064481,100
PROP-096196,100
PROP-056716,100
PROP-047054,100
PROP-084432,100
PROP-050841,100
PROP-037585,100
PROP-054173,100
PROP-063029,100
PROP-047398,100
PROP-073717,100
PROP-046457,100
PROP-052659,100
PROP-080759,100
PROP-058061,100
PROP-095276,100
PROP-061433,100
PROP-078403,100
PROP-032574,100
PROP-011663,100
PROP-001845,100
PROP-097128,100
PROP-057602,100
PROP-022877,100
PROP-094136,100
PROP-010476,100
PROP-090942,100
PROP-020750,100
PROP-086059,100
PROP-055985,100
PROP-034656,100
PROP-099895,100
PROP-029400,100
PROP-039023,100
PROP-044851,100
PROP-001628,100
PROP-002032,100
PROP-024357,100
PROP-028364,100
PROP-009348,100
PROP-015243,100
PROP-093018,100
PROP-056414,100
PROP-084404,100
PROP-041153,100
PROP-062704,100
PROP-025075,100
PROP-009013,100
PROP-065483,100
PROP-053210,100
PROP-084188,100
PROP-087547,100
PROP-014084,100
PROP-021817,100
PROP-058161,100
PROP-096609,100
PROP-011546,100
PROP-045852,100
PROP-061135,100
PROP-012059,100
PROP-073178,100
PROP-039899,100
PROP-007599,100
PROP-037646,100
PROP-028331,100
PROP-014213,100
PROP-070602,100
PROP-097702,100
PROP-093033,100
PROP-041680,100
PROP-064586,100
PROP-027066,100
PROP-026934,100
PROP-044766,100
PROP-081297,100
PROP-079961,100
PROP-047488,100
PROP-001864,100
PROP-013731,100
PROP-035480,100
PROP-086831,100
PROP-091439,100
PROP-091870,100
PROP-025994,100
PROP-063968,100
PROP-029254,100
PROP-013623,100
PROP-038568,100
PROP-093539,100
PROP-065656,100
PROP-042773,100
PROP-062008,100
PROP-006222,100
PROP-036065,100
PROP-036098,100
PROP-052471,100
PROP-081801,100
PROP-065540,100
PROP-053671,100
PROP-009582,100
PROP-018625,100
PROP-075886,100
PROP-048264,100
PROP-010641,100
PROP-045141,100
PROP-012380,100
PROP-055111,100
PROP-022323,100
PROP-089513,100
PROP-005173,100
PROP-024966,100
PROP-060094,100
PROP-080221,100
PROP-024347,100
PROP-007223,100
PROP-093600,100
PROP-052956,100
PROP-022930,100
PROP-040792,100
PROP-008027,100
PROP-013207,100
PROP-025385,100
PROP-098463,100
PROP-061181,100
PROP-003768,100
PROP-018797,100
PROP-068955,100
PROP-025524,100
PROP-035702,100
PROP-088620,100
PROP-075892,100
PROP-046955,100
PROP-042081,100
PROP-033227,100
PROP-009337,100
PROP-047842,100
PROP-027882,100
PROP-079572,100
PROP-088267,100
PROP-096615,100
PROP-037299,100
PROP-097354,100
PROP-061169,100
PROP-090126,100
PROP-057483,100
PROP-038937,100
PROP-030176,100
PROP-016580,100
PROP-006451,100
PROP-052723,100
PROP-060498,100
PROP-014698,100
PROP-087296,100
PROP-011689,100
PROP-058644,100
PROP-017855,100
PROP-034475,100
PROP-027285,100
PROP-056106,100
PROP-061982,100
PROP-013413,100
PROP-040282,100
PROP-061692,100
PROP-036942,100
PROP-017302,100
PROP-052802,100
PROP-006197,100
PROP-000205,100
PROP-031006,100
PROP-030949,100
PROP-044907,100
PROP-011685,100
PROP-071055,100
PROP-073077,100
PROP-037681,100
PROP-021131,100
PROP-047531,100
PROP-098801,100
PROP-091596,100
PROP-045847,100
PROP-013905,100
PROP-092960,100
PROP-019001,100
PROP-036941,100
PROP-000658,100
PROP-072501,100
PROP-079195,100
PROP-082883,100
PROP-001915,100
PROP-010887,100
PROP-023380,100
PROP-004781,100
PROP-038107,100
PROP-088342,100
PROP-041636,100
PROP-072710,100
PROP-052100,100
PROP-089965,100
PROP-031520,100
PROP-054290,100
PROP-018396,100
PROP-058135,100
PROP-005653,100
PROP-082091,100
PROP-001110,100
PROP-014975,100
PROP-092371,100
PROP-089454,100
PROP-089721,100
PROP-068081,100
PROP-018055,100
PROP-021406,100
PROP-034057,100
PROP-070775,100
PROP-062075,100
PROP-087203,100
PROP-082581,100
PROP-049376,100
PROP-073631,100
PROP-080203,100
PROP-047958,100
PROP-025888,100
PROP-007283,100
PROP-056331,100
PROP-087990,100
PROP-088863,100
PROP-009165,100
PROP-024888,100
PROP-043087,100
PROP-030921,100
PROP-061976,100
PROP-027443,100
PROP-066379,100
PROP-002784,100
PROP-085734,100
PROP-026122,100
PROP-071603,100
PROP-081130,100
PROP-059004,100
PROP-023170,100
PROP-035471,100
PROP-041016,100
PROP-083535,100
PROP-010228,100
PROP-047376,100
PROP-024185,100
PROP-074392,100
PROP-058277,100
PROP-050003,100
PROP-054975,100
PROP-024331,100
PROP-090809,100
PROP-045223,100
PROP-006893,100
PROP-020373,100
PROP-084784,100
PROP-023053,100
PROP-016186,100
PROP-006592,100
PROP-060545,100
PROP-033806,100
PROP-077146,100
PROP-021579,100
PROP-032495,100
PROP-039129,100
PROP-005871,100
PROP-009453,100
PROP-009084,100
PROP-030123,100
PROP-011744,100
PROP-096573,100
PROP-077648,100
PROP-035511,100
PROP-016542,100
PROP-018764,100
PROP-092938,100
PROP-008568,100
PROP-057155,100
PROP-059703,100
PROP-057291,100
PROP-063998,100
PROP-071176,100
PROP-047269,100
PROP-088091,100
PROP-080766,100
PROP-041403,100
PROP-088765,100
PROP-099384,100
PROP-001765,100
PROP-098590,100
PROP-024780,100
PROP-025329,100
PROP-017557,100
PROP-047073,100
PROP-008506,100
PROP-096575,100
PROP-008100,100
PROP-042114,100
PROP-062383,100
PROP-020606,100
PROP-020861,100
PROP-040240,100
PROP-060953,100
PROP-023361,100
PROP-041552,100
PROP-026605,100
PROP-094578,100
PROP-073920,100
PROP-027872,100
PROP-014278,100
PROP-083984,100
PROP-063588,100
PROP-035799,100
PROP-075061,100
PROP-094371,100
PROP-049137,100
PROP-014845,100
PROP-011299,100
PROP-064940,100
PROP-093394,100
PROP-036219,100
PROP-015153,100
PROP-056342,100
PROP-045257,100
PROP-093457,100
PROP-078711,100
PROP-037845,100
PROP-018824,100
PROP-000685,100
PROP-061011,100
PROP-090371,100
PROP-020802,100
PROP-061764,100
PROP-034867,100
PROP-099825,100
PROP-069361,100
PROP-061913,100
PROP-054557,100
PROP-051011,100
PROP-076163,100
PROP-059200,100
PROP-042579,100
PROP-048203,100
PROP-072478,100
PROP-008880,100
PROP-034109,100
PROP-036576,100
PROP-058450,100
PROP-043398,100
PROP-091222,100
PROP-067356,100
PROP-081277,100
PROP-027717,100
PROP-033589,100
PROP-032279,100
PROP-084790,100
PROP-033697,100
PROP-061344,100
PROP-096835,100
PROP-084910,100
PROP-049413,100
PROP-008682,100
PROP-054366,100
PROP-063770,100
PROP-046263,100
PROP-034551,100
PROP-026163,100
PROP-020425,100
PROP-055206,100
PROP-011584,100
PROP-001424,100
PROP-059153,100
PROP-042753,100
PROP-040433,100
PROP-024388,100
PROP-094806,100
PROP-043144,100
PROP-013590,100
PROP-090688,100
PROP-084242,100
PROP-068888,100
PROP-065466,100
PROP-071666,100
PROP-084469,100
PROP-024120,100
PROP-065605,100
PROP-015965,100
PROP-027985,100
PROP-072150,100
PROP-025808,100
PROP-098780,100
PROP-074863,100
PROP-021010,100
PROP-071839,100
PROP-047439,100
PROP-077496,100
PROP-029333,100
PROP-085715,100
PROP-087537,100
PROP-028079,100
PROP-077001,100
PROP-007512,100
PROP-090122,100
PROP-001549,100
PROP-052161,100
PROP-084253,100
PROP-026016,100
PROP-011639,100
PROP-023178,100
PROP-041224,100
PROP-068110,100
PROP-063002,100
PROP-078590,100
PROP-051309,100
PROP-097995,100
PROP-082271,100
PROP-011091,100
PROP-041781,100
PROP-056448,100
PROP-038667,100
PROP-090295,100
PROP-025853,100
PROP-055692,100
PROP-036052,100
PROP-025097,100
PROP-019191,100
PROP-044154,100
PROP-036748,100
PROP-010461,100
PROP-017842,100
PROP-048905,100
PROP-068320,100
PROP-083155,100
PROP-080957,100
PROP-035909,100
PROP-068769,100
PROP-048173,100
PROP-080757,100
PROP-057502,100
PROP-063386,100
PROP-031562,100
PROP-009881,100
PROP-068767,100
PROP-084185,100
PROP-095756,100
PROP-082001,100
PROP-073445,100
PROP-027230,100
PROP-030885,100
PROP-078977,100
PROP-008661,100
PROP-077104,100
PROP-084296,100
PROP-052771,100
PROP-091124,100
PROP-001011,100
PROP-035911,100
PROP-054937,100
PROP-044911,100
PROP-010619,100
PROP-028153,100
PROP-022393,100
PROP-025223,100
PROP-076613,100
PROP-064384,100
PROP-010811,100
PROP-012559,100
PROP-094034,100
PROP-097504,100
PROP-063053,100
PROP-054663,100
PROP-017638,100
PROP-090526,100
PROP-008305,100
PROP-011408,100
PROP-084948,100
PROP-006748,100
PROP-050278,100
PROP-010866,100
PROP-013895,100
PROP-094415,100
PROP-069401,100
PROP-092909,100
PROP-013721,100
PROP-004319,100
PROP-080229,100
PROP-042499,100
PROP-092954,100
PROP-003757,100
PROP-097994,100
PROP-075822,100
PROP-022021,100
PROP-035234,100
PROP-015363,100
PROP-078683,100
PROP-048677,100
PROP-095000,100
PROP-063901,100
PROP-011423,100
PROP-002653,100
PROP-004336,100
PROP-061776,100
PROP-009616,100
PROP-034305,100
PROP-009960,100
PROP-039574,100
PROP-047126,100
PROP-011611,100
PROP-021156,100
PROP-006911,100
PROP-027037,100
PROP-089959,100
PROP-007641,100
PROP-083743,100
PROP-066301,100
PROP-079530,100
PROP-022682,100
PROP-017539,100
PROP-008537,100
PROP-070354,100
PROP-060512,100
PROP-070921,100
PROP-051516,100
PROP-052142,100
PROP-088078,100
PROP-090296,100
PROP-003284,100
PROP-003282,100
PROP-036539,100
PROP-013860,100
PROP-064987,100
PROP-033925,100
PROP-011787,100
PROP-024822,100
PROP-010287,100
PROP-023679,100
PROP-041428,100
PROP-058662,100
PROP-017371,100
PROP-006404,100
PROP-052143,100
PROP-035446,100
PROP-086910,100
PROP-026467,100
PROP-085368,100
PROP-068037,100
PROP-076369,100
PROP-044872,100
PROP-078793,100
PROP-008986,100
PROP-024087,100
PROP-041283,100
PROP-042927,100
PROP-036944,100
PROP-068285,100
PROP-024558,100
PROP-095083,100
PROP-019689,100
PROP-056191,100
PROP-013062,100
PROP-014271,100
PROP-035368,100
PROP-056240,100
PROP-052633,100
PROP-093025,100
PROP-042988,100
PROP-099927,100
PROP-024560,100
PROP-085650,100
PROP-054324,100
PROP-086794,100
PROP-081400,100
PROP-005669,100
PROP-006283,100
PROP-028052,100
PROP-041761,100
PROP-006587,100
PROP-037188,100
PROP-011534,100
PROP-004249,100
PROP-087137,100
PROP-035179,100
PROP-085929,100
PROP-024702,100
PROP-023551,100
PROP-014584,100
PROP-088799,100
PROP-053028,100
PROP-088697,100
PROP-067959,100
PROP-062159,100
PROP-078712,100
PROP-027313,100
PROP-063319,100
PROP-080105,100
PROP-036144,100
PROP-092561,100
PROP-040104,100
PROP-056433,100
PROP-072178,100
PROP-077846,100
PROP-003807,100
PROP-071642,100
PROP-034427,100
PROP-014292,100
PROP-021820,100
PROP-059660,100
PROP-010705,100
PROP-091348,100
PROP-097984,100
PROP-027917,100
PROP-056764,100
PROP-078141,100
PROP-017797,100
PROP-047844,100
PROP-018406,100
PROP-072721,100
PROP-096779,100
PROP-057136,100
PROP-056537,100
PROP-039366,100
PROP-044157,100
PROP-077852,100
PROP-034677,100
PROP-043948,100
PROP-086389,100
PROP-012747,100
PROP-055291,100
PROP-008791,100
PROP-051901,100
PROP-004890,100
PROP-001385,100
PROP-051439,100
PROP-095096,100
PROP-092265,100
PROP-027945,100
PROP-023662,100
PROP-087108,100
PROP-031011,100
PROP-067978,100
PROP-000334,100
PROP-063093,100
PROP-012742,100
PROP-098247,100
PROP-065167,100
PROP-078390,100
PROP-015657,100
PROP-009333,100
PROP-039342,100
PROP-041481,100
PROP-025915,100
PROP-067491,100
PROP-010764,100
PROP-006421,100
PROP-023235,100
PROP-091820,100
PROP-081025,100
PROP-075736,100
PROP-013232,100
PROP-002367,100
PROP-091221,100
PROP-082842,100
PROP-007129,100
PROP-095928,100
PROP-021044,100
PROP-084042,100
PROP-027502,100
PROP-018371,100
PROP-087585,100
PROP-000371,100
PROP-097706,100
PROP-055501,100
PROP-094154,100
PROP-092322,100
PROP-088321,100
PROP-077883,100
PROP-044248,100
PROP-054701,100
PROP-058621,100
PROP-078372,100
PROP-082393,100
PROP-038010,100
PROP-051504,100
PROP-045144,100
PROP-036120,100
PROP-057838,100
PROP-007715,100
PROP-052233,100
PROP-034018,100
PROP-072712,100
PROP-006999,100
PROP-083554,100
PROP-094748,100
PROP-049876,100
PROP-071586,100
PROP-070331,100
PROP-073269,100
PROP-064685,100
PROP-064043,100
PROP-051251,100
PROP-000676,100
PROP-094693,100
PROP-044617,100
PROP-045532,100
PROP-059105,100
PROP-001807,100
PROP-003411,100
PROP-073830,100
PROP-094503,100
PROP-078084,100
PROP-058809,100
PROP-013929,100
PROP-036692,100
PROP-097175,100
PROP-074292,100
PROP-050177,100
PROP-032637,100
PROP-041643,100
PROP-065272,100
PROP-000432,100
PROP-047651,100
PROP-071831,100
PROP-057438,100
PROP-050871,100
PROP-006269,100
PROP-092528,100
PROP-058700,100
PROP-020049,100
PROP-093035,100
PROP-095755,100
PROP-040064,100
PROP-038812,100
PROP-029677,100
PROP-015573,100
PROP-085209,100
PROP-047104,100
PROP-065688,100
PROP-058122,100
PROP-043075,100
PROP-023526,100
PROP-060572,100
PROP-059091,100
PROP-062016,100
PROP-085730,100
PROP-040133,100
PROP-025601,100
PROP-021087,100
PROP-052950,100
PROP-031196,100
PROP-062368,100
PROP-028921,100
PROP-065434,100
PROP-043452,100
PROP-066979,100
PROP-017401,100
PROP-030063,100
PROP-032631,100
PROP-046723,100
PROP-028338,100
PROP-013777,100
PROP-033890,100
PROP-063496,100
PROP-027972,100
PROP-061158,100
PROP-085932,100
PROP-009226,100
PROP-050743,100
PROP-035336,100
PROP-002657,100
PROP-061421,100
PROP-060935,100
PROP-019066,100
PROP-094588,100
PROP-090369,100
PROP-037781,100
PROP-004878,100
PROP-047489,100
PROP-037684,100
PROP-032532,100
PROP-041340,100
PROP-053964,100
PROP-029008,100
PROP-083018,100
PROP-080135,100
PROP-009126,100
PROP-019987,100
PROP-047893,100
PROP-029572,100
PROP-022664,100
PROP-019420,100
PROP-017301,100
PROP-060212,100
PROP-040387,100
PROP-049804,100
PROP-087330,100
PROP-061597,100
PROP-035071,100
PROP-048366,100
PROP-097973,100
PROP-072067,100
PROP-073506,100
PROP-032928,100
PROP-038326,100
PROP-043766,100
PROP-020205,100
PROP-074423,100
PROP-000087,100
PROP-095566,100
PROP-049235,100
PROP-038859,100
PROP-047589,100
PROP-051572,100
PROP-089590,100
PROP-008060,100
PROP-053041,100
PROP-039258,100
PROP-022152,100
PROP-058739,100
PROP-080168,100
PROP-099621,100
PROP-025350,100
PROP-032600,100
PROP-067553,100
PROP-046548,100
PROP-072823,100
PROP-014623,100
PROP-003738,100
PROP-045641,100
PROP-011840,100
PROP-094464,100
PROP-024945,100
PROP-041173,100
PROP-070114,100
PROP-084776,100
PROP-090158,100
PROP-042979,100
PROP-016505,100
PROP-065252,100
PROP-016088,100
PROP-094687,100
PROP-004031,100
PROP-023143,100
PROP-004667,100
PROP-041429,100
PROP-093397,100
PROP-059795,100
PROP-076959,100
PROP-096172,100
PROP-081292,100
PROP-089990,100
PROP-064821,100
PROP-014902,100
PROP-063523,100
PROP-089938,100
PROP-074085,100
PROP-066890,100
PROP-096548,100
PROP-022904,100
PROP-054962,100
PROP-079407,100
PROP-085212,100
PROP-030457,100
PROP-046173,100
PROP-088953,100
PROP-015295,100
PROP-011918,100
PROP-061866,100
PROP-049771,100
PROP-015273,100
PROP-091292,100
PROP-054421,100
PROP-054534,100
PROP-028547,100
PROP-006660,100
PROP-076828,100
PROP-060258,100
PROP-046765,100
PROP-062887,100
PROP-053487,100
PROP-030207,100
PROP-040586,100
PROP-032683,100
PROP-076129,100
PROP-002519,100
PROP-066863,100
PROP-019656,100
PROP-081625,100
PROP-038029,100
PROP-017501,100
PROP-044987,100
PROP-055263,100
PROP-095637,100
PROP-074239,100
PROP-056378,100
PROP-068960,100
PROP-024796,100
PROP-015194,100
PROP-087061,100
PROP-009092,100
PROP-096932,100
PROP-023489,100
PROP-090671,100
PROP-075478,100
PROP-075600,100
PROP-046106,100
PROP-037413,100
PROP-034487,100
PROP-056167,100
PROP-043684,100
PROP-024685,100
PROP-078991,100
PROP-010579,100
PROP-051262,100
PROP-025379,100
PROP-065450,100
PROP-093270,100
PROP-021291,100
PROP-065888,100
PROP-027309,100
PROP-021141,100
PROP-093741,100
PROP-059742,100
PROP-079537,100
PROP-038710,100
PROP-030398,100
PROP-025461,100
PROP-038088,100
PROP-011221,100
PROP-080541,100
PROP-021219,100
PROP-089421,100
PROP-036971,100
PROP-068007,100
PROP-046321,100
PROP-024466,100
PROP-096210,100
PROP-033392,100
PROP-056969,100
PROP-031311,100
PROP-060805,100
PROP-075210,100
PROP-088694,100
PROP-032818,100
PROP-038227,100
PROP-013252,100
PROP-088964,100
PROP-094601,100
PROP-001950,100
PROP-096238,100
PROP-005311,100
PROP-038121,100
PROP-047766,100
PROP-062674,100
PROP-049141,100
PROP-089813,100
PROP-027497,100
PROP-000937,100
PROP-060332,100
PROP-088713,100
PROP-044238,100
PROP-075097,100
PROP-008353,100
PROP-077581,100
PROP-058297,100
PROP-056255,100
PROP-022524,100
PROP-014285,100
PROP-027584,100
PROP-060739,100
PROP-055126,100
PROP-050956,100
PROP-064332,100
PROP-040322,100
PROP-035779,100
PROP-045849,100
PROP-023645,100
PROP-012114,100
PROP-099972,100
PROP-021092,100
PROP-082102,100
PROP-015180,100
PROP-049573,100
PROP-015386,100
PROP-020884,100
PROP-002122,100
PROP-069478,100
PROP-083790,100
PROP-062245,100
PROP-017424,100
PROP-049043,100
PROP-005784,100
PROP-019271,100
PROP-033368,100
PROP-027462,100
PROP-036249,100
PROP-080346,100
PROP-024476,100
PROP-098650,100
PROP-094815,100
PROP-019528,100
PROP-007683,100
PROP-027257,100
PROP-084762,100
PROP-034533,100
PROP-081218,100
PROP-099530,100
PROP-060137,100
PROP-022805,100
PROP-020534,100
PROP-056099,100
PROP-093732,100
PROP-040212,100
PROP-060139,100
PROP-077892,100
PROP-057389,100
PROP-020694,100
PROP-036836,100
PROP-062707,100
PROP-084407,100
PROP-002828,100
PROP-001836,100
PROP-003262,100
PROP-040197,100
PROP-069037,100
PROP-094263,100
PROP-031097,100
PROP-072789,100
PROP-000314,100
PROP-039670,100
PROP-076459,100
PROP-022095,100
PROP-086174,100
PROP-003479,100
PROP-026342,100
PROP-006189,100
PROP-060614,100
PROP-093818,100
PROP-030392,100
PROP-058367,100
PROP-032052,100
PROP-019488,100
PROP-099894,100
PROP-066773,100
PROP-080561,100
PROP-020254,100
PROP-029769,100
PROP-063473,100
PROP-083916,100
PROP-014515,100
PROP-081520,100
PROP-084423,100
PROP-023806,100
PROP-036196,100
PROP-039112,100
PROP-047250,100
PROP-091271,100
PROP-017794,100
PROP-096326,100
PROP-084295,100
PROP-043565,100
PROP-062812,100
PROP-022775,100
PROP-055901,100
PROP-006426,100
PROP-071628,100
PROP-050790,100
PROP-061722,100
PROP-027063,100
PROP-086735,100
PROP-090607,100
PROP-038411,100
PROP-020045,100
PROP-051620,100
PROP-061205,100
PROP-056469,100
PROP-029109,100
PROP-008740,100
PROP-026457,100
PROP-001097,100
PROP-098329,100
PROP-063658,100
PROP-064500,100
PROP-053511,100
PROP-063815,100
PROP-053755,100
PROP-019036,100
PROP-037537,100
PROP-084017,100
PROP-036446,100
PROP-090282,100
PROP-080942,100
PROP-080543,100
PROP-030195,100
PROP-068137,100
PROP-075000,100
PROP-070447,100
PROP-058109,100
PROP-091657,100
PROP-017548,100
PROP-059191,100
PROP-083169,100
PROP-000999,100
PROP-063865,100
PROP-068348,100
PROP-054504,100
PROP-032550,100
PROP-086888,100
PROP-040805,100
PROP-062925,100
PROP-059332,100
PROP-059665,100
PROP-075998,100
PROP-075999,100
PROP-081269,100
PROP-068589,100
PROP-006883,100
PROP-051647,100
PROP-089242,100
PROP-067743,100
PROP-013702,100
PROP-097181,100
PROP-081193,100
PROP-054457,100
PROP-018277,100
PROP-081107,100
PROP-082585,100
PROP-024721,100
PROP-058389,100
PROP-035767,100
PROP-094808,100
PROP-022951,100
PROP-091621,100
PROP-071087,100
PROP-094993,100
PROP-081412,100
PROP-090355,100
PROP-085068,100
PROP-071377,100
PROP-032530,100
PROP-092121,100
PROP-006033,100
PROP-063561,100
PROP-019161,100
PROP-017113,100
PROP-003844,100
PROP-060588,100
PROP-067609,100
PROP-086892,100
PROP-091478,100
PROP-025911,100
PROP-046387,100
PROP-062602,100
PROP-004641,100
PROP-051694,100
PROP-075602,100
PROP-028744,100
PROP-063796,100
PROP-027377,100
PROP-035884,100
PROP-083702,100
PROP-051788,100
PROP-051636,100
PROP-028224,100
PROP-009042,100
PROP-017463,100
PROP-041211,100
PROP-049294,100
PROP-019235,100
PROP-057757,100
PROP-076270,100
PROP-027832,100
PROP-024718,100
PROP-026070,100
PROP-075204,100
PROP-020345,100
PROP-000435,100
PROP-092032,100
PROP-070095,100
PROP-052036,100
PROP-032703,100
PROP-045637,100
PROP-069979,100
PROP-059394,100
PROP-068264,100
PROP-035949,100
PROP-052752,100
PROP-010984,100
PROP-036246,100
PROP-079232,100
PROP-083508,100
PROP-029487,100
PROP-039262,100
PROP-078919,100
PROP-075352,100
PROP-008978,100
PROP-019832,100
PROP-088562,100
PROP-095879,100
PROP-075087,100
PROP-066380,100
PROP-017853,100
PROP-095961,100
PROP-008674,100
PROP-088792,100
PROP-054033,100
PROP-072723,100
PROP-032212,100
PROP-082372,100
PROP-052630,100
PROP-070244,100
PROP-069841,100
PROP-025750,100
PROP-002401,100
PROP-009230,100
PROP-042201,100
PROP-000934,100
PROP-049051,100
PROP-094032,100
PROP-089870,100
PROP-018222,100
PROP-020400,100
PROP-084132,100
PROP-064750,100
PROP-006826,100
PROP-032015,100
PROP-012527,100
PROP-009620,100
PROP-003854,100
PROP-030589,100
PROP-066063,100
PROP-021465,100
PROP-091919,100
PROP-097398,100
PROP-048185,100
PROP-071113,100
PROP-075959,100
PROP-089294,100
PROP-084077,100
PROP-008660,100
PROP-016493,100
PROP-054291,100
PROP-014513,100
PROP-073763,100
PROP-034537,100
PROP-069425,100
PROP-036015,100
PROP-063087,100
PROP-047841,100
PROP-078861,100
PROP-043534,100
PROP-066237,100
PROP-053056,100
PROP-015501,100
PROP-083751,100
PROP-079959,100
PROP-061599,100
PROP-013470,100
PROP-011038,100
PROP-097690,100
PROP-064871,100
PROP-034110,100
PROP-077397,100
PROP-023908,100
PROP-020807,100
PROP-001030,100
PROP-034347,100
PROP-035918,100
PROP-078543,100
PROP-090186,100
PROP-080100,100
PROP-055310,100
PROP-057419,100
PROP-064840,100
PROP-049712,100
PROP-030812,100
PROP-092993,100
PROP-015254,100
PROP-017306,100
PROP-010003,100
PROP-049299,100
PROP-016506,100
PROP-052828,100
PROP-020055,100
PROP-000897,100
PROP-047549,100
PROP-044929,100
PROP-094630,100
PROP-039856,100
PROP-041971,100
PROP-052588,100
PROP-015417,100
PROP-034647,100
PROP-051771,100
PROP-085986,100
PROP-098862,100
PROP-098212,100
PROP-045698,100
PROP-067185,100
PROP-072566,100
PROP-036653,100
PROP-003897,100
PROP-010011,100
PROP-068633,100
PROP-055239,100
PROP-010057,100
PROP-051024,100
PROP-094860,100
PROP-075082,100
PROP-097025,100
PROP-028522,100
PROP-010243,100
PROP-077088,100
PROP-037512,100
PROP-017943,100
PROP-043620,100
PROP-031289,100
PROP-098256,100
PROP-031636,100
PROP-060206,100
PROP-096780,100
PROP-022438,100
PROP-030641,100
PROP-029366,100
PROP-013320,100
PROP-060968,100
PROP-062658,100
PROP-026865,100
PROP-040669,100
PROP-027289,100
PROP-011540,100
PROP-089581,100
PROP-087353,100
PROP-089114,100
PROP-024661,100
PROP-073868,100
PROP-058462,100
PROP-015809,100
PROP-092198,100
PROP-056570,100
PROP-072553,100
PROP-093090,100
PROP-052785,100
PROP-024571,100
PROP-029908,100
PROP-011941,100
PROP-079578,100
PROP-041704,100
PROP-059371,100
PROP-015099,100
PROP-005938,100
PROP-051689,100
PROP-021449,100
PROP-072412,100
PROP-097499,100
PROP-085703,100
PROP-056770,100
PROP-055181,100
PROP-073571,100
PROP-009842,100
PROP-030742,100
PROP-043975,100
PROP-086005,100
PROP-020799,100
PROP-093893,100
PROP-054141,100
PROP-092363,100
PROP-081713,100
PROP-059535,100
PROP-086529,100
PROP-084075,100
PROP-001466,100
PROP-026062,100
PROP-007538,100
PROP-009928,100
PROP-091707,100
PROP-041467,100
PROP-086594,100
PROP-089926,100
PROP-035902,100
PROP-098839,100
PROP-067353,100
PROP-085970,100
PROP-036133,100
PROP-066814,100
PROP-052240,100
PROP-071677,100
PROP-048432,100
PROP-045594,100
PROP-068657,100
PROP-096466,100
PROP-023804,100
PROP-000440,100
PROP-088745,100
PROP-006454,100
PROP-045807,100
PROP-048543,100
PROP-080628,100
PROP-085952,100
PROP-013129,100
PROP-041816,100
PROP-079275,100
PROP-065523,100
PROP-023680,100
PROP-036102,100
PROP-066876,100
PROP-007805,100
PROP-080676,100
PROP-006703,100
PROP-097920,100
PROP-084531,100
PROP-032515,100
PROP-028793,100
PROP-045913,100
PROP-086040,100
PROP-077358,100
PROP-085369,100
PROP-067865,100
PROP-096873,100
PROP-051410,100
PROP-088810,100
PROP-056421,100
PROP-052513,100
PROP-026311,100
PROP-074187,100
PROP-070667,100
PROP-046577,100
PROP-065752,100
PROP-093620,100
PROP-018068,100
PROP-003655,100
PROP-093832,100
PROP-027488,100
PROP-073960,100
PROP-090294,100
PROP-080178,100
PROP-066720,100
PROP-072072,100
PROP-099517,100
PROP-082777,100
PROP-027442,100
PROP-081558,100
PROP-068317,100
PROP-034362,100
PROP-006784,100
PROP-074828,100
PROP-083883,100
PROP-005166,100
PROP-083820,100
PROP-031078,100
PROP-030191,100
PROP-064803,100
PROP-078374,100
PROP-015454,100
PROP-060160,100
PROP-040781,100
PROP-034263,100
PROP-028993,100
PROP-079780,100
PROP-007289,100
PROP-050323,100
PROP-052019,100
PROP-044419,100
PROP-089186,100
PROP-054579,100
PROP-012905,100
PROP-005348,100
PROP-057939,100
PROP-050477,100
PROP-064514,100
PROP-091826,100
PROP-005737,100
PROP-072130,100
PROP-026000,100
PROP-022362,100
PROP-015797,100
PROP-080747,100
PROP-069403,100
PROP-061260,100
PROP-016789,100
PROP-066836,100
PROP-019540,100
PROP-007047,100
PROP-032454,100
PROP-098834,100
PROP-021696,100
PROP-072312,100
PROP-052057,100
PROP-012998,100
PROP-025370,100
PROP-015155,100
PROP-049728,100
PROP-055906,100
PROP-075567,100
PROP-019895,100
PROP-013382,100
PROP-076214,100
PROP-068050,100
PROP-012414,100
PROP-072182,100
PROP-084698,100
PROP-093599,100
PROP-019724,100
PROP-072322,100
PROP-030262,100
PROP-067163,100
PROP-048381,100
PROP-015232,100
PROP-052410,100
PROP-002295,100
PROP-069409,100
PROP-032561,100
PROP-096007,100
PROP-071838,100
PROP-081111,100
PROP-038211,100
PROP-067708,100
PROP-046761,100
PROP-093490,100
PROP-021417,100
PROP-055800,100
PROP-055421,100
PROP-076454,100
PROP-086995,100
PROP-082820,100
PROP-077992,100
PROP-083980,100
PROP-047008,100
PROP-040818,100
PROP-000946,100
PROP-035922,100
PROP-034352,100
PROP-082706,100
PROP-040326,100
PROP-031516,100
PROP-091855,100
PROP-058697,100
PROP-098193,100
PROP-090037,100
PROP-018334,100
PROP-090008,100
PROP-053570,100
PROP-016731,100
PROP-085906,100
PROP-010071,100
PROP-065391,100
PROP-016989,100
PROP-059399,100
PROP-031423,100
PROP-003817,100
PROP-088831,100
PROP-047528,100
PROP-092779,100
PROP-045179,100
PROP-031126,100
PROP-045550,100
PROP-079874,100
PROP-009332,100
PROP-068480,100
PROP-078516,100
PROP-056722,100
PROP-073802,100
PROP-005876,100
PROP-092355,100
PROP-061677,100
PROP-010225,100
PROP-029654,100
PROP-044530,100
PROP-011382,100
PROP-014182,100
PROP-071637,100
PROP-031391,100
PROP-011366,100
PROP-055942,100
PROP-013272,100
PROP-048579,100
PROP-026617,100
PROP-029099,100
PROP-057253,100
PROP-000258,100
PROP-035143,100
PROP-072993,100
PROP-058756,100
PROP-065623,100
PROP-051375,100
PROP-017343,100
PROP-002872,100
PROP-021026,100
PROP-043040,100
PROP-016498,100
PROP-027647,100
PROP-046589,100
PROP-093616,100
PROP-097476,100
PROP-039632,100
PROP-035096,100
PROP-060435,100
PROP-010844,100
PROP-017432,100
PROP-039477,100
PROP-058989,100
PROP-048701,100
PROP-008691,100
PROP-050297,100
PROP-046814,100
PROP-088541,100
PROP-083573,100
PROP-031931,100
PROP-069415,100
PROP-043961,100
PROP-088145,100
PROP-097670,100
PROP-086563,100
PROP-050528,100
PROP-031374,100
PROP-064070,100
PROP-038959,100
PROP-066551,100
PROP-003938,100
PROP-028695,100
PROP-090344,100
PROP-001922,100
PROP-048658,100
PROP-029088,100
PROP-051585,100
PROP-009710,100
PROP-043785,100
PROP-089383,100
PROP-038412,100
PROP-082144,100
PROP-068182,100
PROP-021722,100
PROP-089357,100
PROP-080330,100
PROP-070565,100
PROP-026800,100
PROP-019594,100
PROP-055842,100
PROP-013983,100
PROP-081808,100
PROP-042769,100
PROP-028920,100
PROP-026946,100
PROP-050241,100
PROP-022703,100
PROP-006306,100
PROP-069223,100
PROP-093641,100
PROP-017992,100
PROP-001547,100
PROP-032021,100
PROP-094570,100
PROP-014198,100
PROP-082762,100
PROP-031435,100
PROP-078811,100
PROP-022852,100
PROP-092588,100
PROP-052776,100
PROP-036083,100
PROP-036464,100
PROP-015865,100
PROP-019936,100
PROP-083435,100
PROP-017400,100
PROP-099062,100
PROP-093822,100
PROP-080599,100
PROP-024024,100
PROP-080994,100
PROP-087604,100
PROP-084996,100
PROP-031350,100
PROP-023974,100
PROP-001419,100
PROP-031118,100
PROP-010389,100
PROP-079478,100
PROP-021378,100
PROP-016356,100
PROP-061276,100
PROP-093637,100
PROP-083674,100
PROP-004422,100
PROP-053051,100
PROP-057737,100
PROP-020377,100
PROP-018362,100
PROP-066366,100
PROP-078360,100
PROP-020838,100
PROP-059472,100
PROP-088639,100
PROP-049055,100
PROP-079705,100
PROP-091641,100
PROP-030342,100
PROP-071205,100
PROP-010591,100
PROP-004245,100
PROP-044072,100
PROP-031272,100
PROP-090286,100
PROP-015013,100
PROP-024870,100
PROP-030458,100
PROP-038062,100
PROP-054137,100
PROP-078088,100
PROP-052620,100
PROP-017364,100
PROP-014107,100
PROP-072800,100
PROP-047350,100
PROP-035403,100
PROP-034574,100
PROP-058255,100
PROP-021749,100
PROP-069151,100
PROP-068853,100
PROP-002814,100
PROP-092361,100
PROP-050887,100
PROP-085877,100
PROP-037514,100
PROP-095127,100
PROP-025961,100
PROP-027540,100
PROP-093459,100
PROP-075372,100
PROP-038822,100
PROP-056773,100
PROP-092659,100
PROP-052297,100
PROP-087509,100
PROP-009514,100
PROP-031116,100
PROP-043006,100
PROP-077477,100
PROP-038050,100
PROP-076683,100
PROP-007925,100
PROP-066348,100
PROP-018163,100
PROP-061020,100
PROP-082689,100
PROP-010981,100
PROP-035006,100
PROP-048096,100
PROP-095358,100
PROP-029473,100
PROP-009561,100
PROP-028230,100
PROP-012915,100
PROP-053810,100
PROP-070029,100
PROP-031611,100
PROP-032604,100
PROP-097831,100
PROP-008556,100
PROP-045035,100
PROP-035942,100
PROP-042285,100
PROP-021950,100
PROP-032301,100
PROP-078246,100
PROP-089400,100
PROP-079359,100
PROP-086201,100
PROP-016589,100
PROP-044301,100
PROP-055445,100
PROP-024529,100
PROP-058442,100
PROP-057518,100
PROP-015253,100
PROP-097385,100
PROP-036703,100
PROP-097799,100
PROP-078886,100
PROP-058314,100
PROP-045921,100
PROP-068794,100
PROP-003147,100
PROP-001534,100
PROP-082621,100
PROP-006656,100
PROP-004520,100
PROP-007526,100
PROP-083290,100
PROP-019534,100
PROP-022670,100
PROP-006481,100
PROP-060283,100
PROP-092875,100
PROP-035860,100
PROP-079514,100
PROP-001336,100
PROP-073976,100
PROP-022953,100
PROP-067914,100
PROP-078432,100
PROP-010305,100
PROP-072580,100
PROP-067545,100
PROP-040537,100
PROP-014793,100
PROP-093214,100
PROP-009779,100
PROP-058722,100
PROP-015944,100
PROP-086205,100
PROP-060991,100
PROP-003326,100
PROP-095874,100
PROP-012869,100
PROP-019103,100
PROP-055702,100
PROP-003291,100
PROP-061600,100
PROP-068248,100
PROP-097952,100
PROP-051205,100
PROP-044406,100
PROP-086923,100
PROP-050750,100
PROP-056890,100
PROP-071211,100
PROP-024349,100
PROP-041650,100
PROP-076759,100
PROP-036552,100
PROP-042558,100
PROP-062254,100
PROP-040165,100
PROP-067621,100
PROP-073783,100
PROP-031432,100
PROP-069070,100
PROP-040632,100
PROP-027773,100
PROP-086199,100
PROP-078898,100
PROP-028128,100
PROP-016722,100
PROP-081965,100
PROP-085596,100
PROP-024443,100
PROP-075985,100
PROP-018703,100
PROP-040175,100
PROP-093098,100
PROP-016752,100
PROP-076843,100
PROP-061945,100
PROP-097063,100
PROP-014415,100
PROP-086065,100
PROP-045380,100
PROP-066115,100
PROP-090918,100
PROP-077182,100
PROP-026260,100
PROP-026971,100
PROP-016894,100
PROP-083857,100
PROP-001263,100
PROP-037333,100
PROP-015498,100
PROP-065015,100
PROP-066195,100
PROP-000477,100
PROP-070185,100
PROP-025792,100
PROP-080823,100
PROP-009426,100
PROP-033089,100
PROP-093443,100
PROP-079596,100
PROP-019146,100
PROP-081186,100
PROP-013535,100
PROP-012349,100
PROP-092773,100
PROP-032206,100
PROP-045709,100
PROP-068205,100
PROP-077080,100
PROP-077275,100
PROP-022118,100
PROP-095704,100
PROP-025805,100
PROP-064989,100
PROP-022006,100
PROP-075158,100
PROP-081586,100
PROP-072122,100
PROP-095990,100
PROP-031942,100
PROP-030703,100
PROP-054249,100
PROP-053454,100
PROP-064567,100
PROP-086655,100
PROP-098595,100
PROP-065686,100
PROP-067892,100
PROP-054439,100
PROP-063217,100
PROP-053913,100
PROP-084271,100
PROP-051656,100
PROP-075517,100
PROP-029619,100
PROP-078618,100
PROP-040948,100
PROP-021002,100
PROP-081331,100
PROP-068619,100
PROP-069465,100
PROP-011757,100
PROP-076424,100
PROP-090647,100
PROP-065387,100
PROP-044132,100
PROP-020077,100
PROP-003158,100
PROP-019597,100
PROP-053390,100
PROP-046710,100
PROP-061544,100
PROP-016147,100
PROP-090676,100
PROP-031410,100
PROP-087737,100
PROP-022631,100
PROP-069118,100
PROP-072220,100
PROP-092477,100
PROP-076805,100
PROP-048222,100
PROP-072024,100
PROP-009744,100
PROP-002488,100
PROP-073636,100
PROP-088903,100
PROP-064477,100
PROP-025300,100
PROP-063503,100
PROP-047072,100
PROP-041968,100
PROP-039384,100
PROP-053532,100
PROP-079547,100
PROP-086457,100
PROP-015449,100
PROP-090099,100
PROP-046951,100
PROP-088460,100
PROP-087418,100
PROP-071598,100
PROP-074535,100
PROP-000284,100
PROP-077350,100
PROP-071174,100
PROP-059843,100
PROP-050243,100
PROP-000502,100
PROP-065783,100
PROP-093663,100
PROP-094290,100
PROP-067240,100
PROP-037283,100
PROP-079857,100
PROP-091416,100
PROP-032813,100
PROP-030504,100
PROP-040079,100
PROP-036808,100
PROP-084238,100
PROP-004566,100
PROP-014110,100
PROP-009902,100
PROP-072095,100
PROP-017109,100
PROP-076241,100
PROP-090092,100
PROP-005470,100
PROP-068268,100
PROP-049497,100
PROP-070024,100
PROP-003433,100
PROP-098394,100
PROP-080491,100
PROP-049776,100
PROP-080333,100
PROP-087837,100
PROP-051947,100
PROP-036591,100
PROP-085302,100
PROP-051850,100
PROP-010926,100
PROP-078070,100
PROP-002823,100
PROP-064431,100
PROP-086176,100
PROP-087815,100
PROP-058342,100
PROP-062131,100
PROP-077252,100
PROP-069158,100
PROP-083972,100
PROP-069149,100
PROP-062283,100
PROP-091549,100
PROP-090923,100
PROP-087043,100
PROP-082970,100
PROP-040431,100
PROP-042308,100
PROP-072825,100
PROP-052724,100
PROP-001794,100
PROP-071296,100
PROP-083577,100
PROP-078592,100
PROP-065008,100
PROP-071177,100
PROP-093469,100
PROP-024410,100
PROP-040306,100
PROP-071614,100
PROP-097129,100
PROP-098969,100
PROP-029217,100
PROP-042892,100
PROP-001724,100
PROP-059905,100
PROP-016971,100
PROP-067725,100
PROP-078057,100
PROP-009217,100
PROP-075212,100
PROP-049429,100
PROP-086066,100
PROP-094841,100
PROP-003969,100
PROP-014231,100
PROP-037268,100
PROP-011624,100
PROP-020577,100
PROP-053402,100
PROP-084115,100
PROP-082127,100
PROP-058503,100
PROP-054322,100
PROP-015757,100
PROP-032552,100
PROP-072108,100
PROP-063647,100
PROP-030675,100
PROP-073401,100
PROP-024962,100
PROP-073626,100
PROP-037569,100
PROP-073156,100
PROP-028683,100
PROP-087465,100
PROP-009079,100
PROP-070573,100
PROP-021140,100
PROP-045240,100
PROP-065284,100
PROP-039871,100
PROP-073528,100
PROP-025614,100
PROP-049388,100
PROP-043348,100
PROP-097202,100
PROP-008310,100
PROP-012716,100
PROP-007186,100
PROP-035262,100
PROP-076051,100
PROP-027820,100
PROP-046073,100
PROP-073715,100
PROP-038587,100
PROP-041757,100
PROP-050947,100
PROP-009894,100
PROP-004851,100
PROP-079784,100
PROP-047508,100
PROP-061757,100
PROP-083527,100
PROP-023120,100
PROP-080985,100
PROP-046477,100
PROP-051818,100
PROP-023429,100
PROP-087480,100
PROP-099187,100
PROP-018571,100
PROP-033681,100
PROP-009955,100
PROP-013988,100
PROP-052099,100
PROP-052986,100
PROP-018034,100
PROP-000287,100
PROP-032246,100
PROP-028700,100
PROP-017079,100
PROP-050431,100
PROP-047822,100
PROP-072636,100
PROP-063746,100
PROP-047835,100
PROP-050147,100
PROP-004270,100
PROP-021853,100
PROP-046925,100
PROP-090631,100
PROP-079936,100
PROP-045235,100
PROP-005857,100
PROP-044096,100
PROP-045025,100
PROP-013967,100
PROP-015833,100
PROP-079471,100
PROP-026941,100
PROP-079196,100
PROP-059449,100
PROP-046123,100
PROP-087119,100
PROP-084472,100
PROP-051829,100
PROP-047655,100
PROP-073627,100
PROP-095866,100
PROP-040827,100
PROP-019468,100
PROP-048002,100
PROP-080124,100
PROP-066572,100
PROP-022900,100
PROP-095883,100
PROP-061016,100
PROP-038908,100
PROP-081488,100
PROP-039369,100
PROP-064976,100
PROP-065887,100
PROP-070451,100
PROP-052176,100
PROP-098198,100
PROP-084317,100
PROP-096320,100
PROP-098398,100
PROP-067863,100
PROP-081054,100
PROP-067858,100
PROP-018151,100
PROP-024225,100
PROP-086712,100
PROP-085174,100
PROP-033990,100
PROP-042427,100
PROP-087888,100
PROP-056581,100
PROP-008539,100
PROP-017410,100
PROP-044541,100
PROP-013154,100
PROP-085651,100
PROP-043066,100
PROP-036428,100
PROP-047960,100
PROP-034030,100
PROP-075699,100
PROP-015688,100
PROP-016827,100
PROP-018441,100
PROP-056426,100
PROP-071587,100
PROP-061953,100
PROP-044129,100
PROP-015984,100
PROP-060217,100
PROP-051165,100
PROP-026228,100
PROP-014232,100
PROP-006813,100
PROP-058110,100
PROP-038656,100
PROP-064502,100
PROP-037098,100
PROP-061775,100
PROP-007123,100
PROP-002376,100
PROP-011376,100
PROP-075570,100
PROP-011899,100
PROP-099450,100
PROP-073271,100
PROP-021137,100
PROP-090061,100
PROP-090353,100
PROP-008730,100
PROP-060689,100
PROP-067851,100
PROP-061106,100
PROP-018966,100
PROP-022367,100
PROP-057644,100
PROP-071751,100
PROP-072940,100
PROP-005437,100
PROP-049661,100
PROP-095444,100
PROP-013821,100
PROP-052043,100
PROP-041107,100
PROP-033513,100
PROP-014115,100
PROP-003686,100
PROP-083735,100
PROP-073716,100
PROP-009010,100
PROP-005468,100
PROP-010965,100
PROP-020928,100
PROP-044403,100
PROP-097400,100
PROP-078506,100
PROP-056294,100
PROP-027894,100
PROP-035720,100
PROP-055052,100
PROP-029308,100
PROP-084673,100
PROP-008401,100
PROP-047006,100
PROP-089262,100
PROP-018534,100
PROP-077313,100
PROP-054874,100
PROP-080364,100
PROP-020326,100
PROP-024343,100
PROP-031823,100
PROP-004545,100
PROP-016654,100
PROP-019075,100
PROP-000997,100
PROP-023290,100
PROP-083004,100
PROP-066059,100
PROP-039285,100
PROP-031282,100
PROP-029856,100
PROP-046722,100
PROP-027135,100
PROP-060205,100
PROP-008237,100
PROP-029833,100
PROP-000644,100
PROP-043989,100
PROP-068760,100
PROP-008944,100
PROP-039555,100
PROP-046390,100
PROP-021967,100
PROP-038598,100
PROP-097208,100
PROP-053180,100
PROP-029539,100
PROP-006086,100
PROP-037761,100
PROP-015524,100
PROP-074410,100
PROP-011224,100
PROP-061858,100
PROP-017124,100
PROP-063027,100
PROP-004818,100
PROP-089589,100
PROP-021556,100
PROP-082426,100
PROP-028241,100
PROP-030950,100
PROP-051553,100
PROP-051207,100
PROP-016855,100
PROP-038876,100
PROP-088473,100
PROP-016339,100
PROP-088302,100
PROP-058034,100
PROP-087741,100
PROP-015165,100
PROP-097555,100
PROP-095694,100
PROP-064950,100
PROP-031392,100
PROP-027023,100
PROP-073378,100
PROP-055785,100
PROP-039879,100
PROP-089410,100
PROP-080644,100
PROP-071305,100
PROP-055418,100
PROP-082713,100
PROP-080220,100
PROP-035271,100
PROP-002320,100
PROP-053881,100
PROP-010274,100
PROP-000223,100
PROP-030100,100
PROP-035890,100
PROP-073080,100
PROP-047058,100
PROP-099489,100
PROP-092949,100
PROP-077045,100
PROP-093679,100
PROP-016811,100
PROP-034029,100
PROP-098827,100
PROP-048001,100
PROP-009988,100
PROP-073342,100
PROP-005697,100
PROP-057580,100
PROP-009950,100
PROP-086512,100
PROP-039270,100
PROP-062666,100
PROP-013466,100
PROP-024517,100
PROP-080153,100
PROP-046407,100
PROP-013703,100
PROP-051687,100
PROP-093986,100
PROP-037656,100
PROP-044845,100
PROP-046742,100
PROP-041770,100
PROP-045549,100
PROP-079989,100
PROP-044018,100
PROP-024077,100
PROP-003710,100
PROP-026767,100
PROP-006434,100
PROP-096544,100
PROP-081507,100
PROP-007530,100
PROP-036310,100
PROP-069249,100
PROP-007299,100
PROP-092365,100
PROP-015451,100
PROP-027341,100
PROP-051926,100
PROP-092388,100
PROP-049177,100
PROP-013928,100
PROP-074073,100
PROP-034813,100
PROP-024639,100
PROP-051300,100
PROP-024350,100
PROP-017207,100
PROP-054256,100
PROP-098751,100
PROP-006017,100
PROP-060474,100
PROP-082847,100
PROP-009873,100
PROP-076700,100
PROP-014589,100
PROP-046905,100
PROP-081437,100
PROP-069770,100
PROP-028392,100
PROP-051577,100
PROP-086247,100
PROP-003345,100
PROP-072190,100
PROP-088990,100
PROP-095757,100
PROP-099043,100
PROP-045874,100
PROP-086559,100
PROP-095317,100
PROP-007086,100
PROP-067807,100
PROP-087318,100
PROP-042704,100
PROP-030718,100
PROP-071951,100
PROP-012680,100
PROP-006746,100
PROP-038224,100
PROP-080211,100
PROP-085272,100
PROP-042066,100
PROP-018409,100
PROP-039627,100
PROP-005184,100
PROP-039638,100
PROP-057022,100
PROP-038912,100
PROP-025355,100
PROP-045972,100
PROP-078733,100
PROP-008621,100
PROP-043978,100
PROP-059942,100
PROP-080581,100
PROP-023397,100
PROP-035986,100
PROP-080922,100
PROP-056456,100
PROP-051953,100
PROP-077283,100
PROP-017088,100
PROP-096679,100
PROP-037911,100
PROP-000310,100
PROP-044433,100
PROP-015322,100
PROP-017990,100
PROP-075715,100
PROP-053109,100
PROP-033660,100
PROP-018487,100
PROP-080056,100
PROP-074026,100
PROP-047885,100
PROP-045078,100
PROP-074509,100
PROP-095853,100
PROP-028455,100
PROP-075790,100
PROP-094487,100
PROP-068598,100
PROP-046743,100
PROP-049723,100
PROP-016557,100
PROP-083202,100
PROP-081570,100
PROP-038945,100
PROP-065400,100
PROP-049696,100
PROP-089068,100
PROP-069749,100
PROP-098937,100
PROP-010667,100
PROP-057441,100
PROP-014583,100
PROP-028462,100
PROP-036735,100
PROP-068869,100
PROP-062793,100
PROP-085998,100
PROP-055929,100
PROP-036026,100
PROP-071336,100
PROP-002855,100
PROP-043896,100
PROP-014261,100
PROP-050533,100
PROP-029344,100
PROP-042247,100
PROP-029979,100
PROP-005523,100
PROP-010326,100
PROP-034494,100
PROP-098734,100
PROP-075692,100
PROP-074307,100
PROP-069085,100
PROP-036028,100
PROP-003273,100
PROP-018233,100
PROP-089614,100
PROP-092357,100
PROP-018069,100
PROP-017959,100
PROP-030066,100
PROP-076645,100
PROP-078722,100
PROP-053351,100
PROP-095878,100
PROP-034458,100
PROP-023181,100
PROP-013592,100
PROP-050288,100
PROP-063731,100
PROP-044337,100
PROP-040904,100
PROP-032722,100
PROP-034159,100
PROP-024504,100
PROP-047542,100
PROP-043633,100
PROP-038315,100
PROP-057468,100
PROP-099025,100
PROP-064226,100
PROP-020286,100
PROP-053050,100
PROP-047642,100
PROP-081889,100
PROP-053023,100
PROP-052275,100
PROP-048616,100
PROP-041973,100
PROP-034484,100
PROP-008507,100
PROP-097460,100
PROP-014054,100
PROP-099029,100
PROP-006303,100
PROP-043351,100
PROP-055165,100
PROP-017048,100
PROP-009681,100
PROP-003625,100
PROP-018199,100
PROP-031948,100
PROP-082978,100
PROP-072320,100
PROP-004411,100
PROP-006654,100
PROP-026075,100
PROP-016861,100
PROP-058412,100
PROP-022968,100
PROP-026173,100
PROP-082415,100
PROP-067414,100
PROP-036606,100
PROP-020976,100
PROP-015926,100
PROP-075548,100
PROP-002882,100
PROP-074724,100
PROP-079148,100
PROP-094312,100
PROP-084741,100
PROP-017584,100
PROP-049269,100
PROP-090707,100
PROP-034760,100
PROP-076153,100
PROP-097285,100
PROP-096582,100
PROP-089430,100
PROP-007459,100
PROP-026875,100
PROP-081791,100
PROP-056100,100
PROP-029354,100
PROP-040365,100
PROP-070634,100
PROP-055383,100
PROP-008024,100
PROP-015563,100
PROP-028486,100
PROP-065901,100
PROP-075885,100
PROP-078424,100
PROP-092904,100
PROP-044809,100
PROP-059739,100
PROP-095924,100
PROP-016123,100
PROP-038857,100
PROP-066287,100
PROP-094187,100
PROP-004365,100
PROP-050367,100
PROP-022396,100
PROP-016137,100
PROP-015502,100
PROP-020484,100
PROP-038110,100
PROP-028613,100
PROP-034250,100
PROP-078612,100
PROP-032040,100
PROP-043251,100
PROP-022158,100
PROP-022325,100
PROP-073020,100
PROP-009313,100
PROP-075323,100
PROP-060175,100
PROP-002379,100
PROP-064389,100
PROP-063021,100
PROP-001966,100
PROP-099614,100
PROP-066032,100
PROP-045245,100
PROP-053874,100
PROP-065988,100
PROP-052913,100
PROP-027658,100
PROP-071854,100
PROP-044873,100
PROP-079794,100
PROP-010135,100
PROP-091675,100
PROP-031946,100
PROP-057861,100
PROP-013887,100
PROP-063907,100
PROP-091586,100
PROP-072157,100
PROP-096301,100
PROP-065742,100
PROP-095293,100
PROP-096648,100
PROP-048402,100
PROP-041559,100
PROP-037074,100
PROP-098497,100
PROP-030196,100
PROP-057564,100
PROP-052086,100
PROP-051086,100
PROP-015482,100
PROP-041978,100
PROP-076312,100
PROP-080438,100
PROP-099168,100
PROP-095325,100
PROP-079942,100
PROP-002057,100
PROP-051946,100
PROP-038956,100
PROP-093952,100
PROP-061712,100
PROP-090499,100
PROP-021733,100
PROP-097214,100
PROP-064300,100
PROP-040023,100
PROP-025244,100
PROP-047627,100
PROP-077794,100
PROP-062345,100
PROP-094853,100
PROP-006025,100
PROP-030558,100
PROP-059203,100
PROP-045875,100
PROP-094670,100
PROP-039701,100
PROP-005295,100
PROP-055275,100
PROP-004038,100
PROP-051495,100
PROP-000027,100
PROP-000319,100
PROP-095092,100
PROP-086147,100
PROP-086601,100
PROP-093831,100
PROP-062123,100
PROP-065566,100
PROP-048716,100
PROP-027205,100
PROP-041346,100
PROP-094306,100
PROP-002387,100
PROP-077585,100
PROP-018807,100
PROP-055522,100
PROP-026420,100
PROP-014080,100
PROP-031633,100
PROP-013113,100
PROP-043792,100
PROP-089460,100
PROP-063764,100
PROP-046244,100
PROP-026480,100
PROP-083166,100
PROP-080170,100
PROP-094206,100
PROP-016829,100
PROP-031758,100
PROP-078114,100
PROP-044165,100
PROP-038661,100
PROP-079073,100
PROP-065119,100
PROP-048457,100
PROP-023035,100
PROP-000354,100
PROP-029844,100
PROP-075691,100
PROP-043809,100
PROP-006182,100
PROP-020922,100
PROP-036283,100
PROP-083386,100
PROP-089266,100
PROP-013509,100
PROP-052377,100
PROP-055081,100
PROP-030460,100
PROP-054377,100
PROP-080189,100
PROP-032484,100
PROP-009663,100
PROP-040815,100
PROP-072979,100
PROP-028400,100
PROP-094158,100
PROP-092765,100
PROP-087152,100
PROP-097762,100
PROP-010636,100
PROP-079199,100
PROP-009544,100
PROP-063004,100
PROP-032458,100
PROP-076733,100
PROP-076615,100
PROP-076321,100
PROP-074779,100
PROP-061557,100
PROP-045236,100
PROP-069115,100
PROP-092158,100
PROP-078778,100
PROP-042212,100
PROP-091882,100
PROP-017505,100
PROP-087405,100
PROP-009434,100
PROP-086023,100
PROP-059594,100
PROP-057059,100
PROP-038939,100
PROP-004228,100
PROP-002900,100
PROP-073188,100
PROP-004009,100
PROP-070312,100
PROP-052249,100
PROP-005648,100
PROP-015792,100
PROP-080792,100
PROP-044090,100
PROP-018707,100
PROP-099447,100
PROP-006862,100
PROP-068854,100
PROP-065412,100
PROP-081572,100
PROP-065501,100
PROP-015388,100
PROP-089019,100
PROP-020180,100
PROP-068708,100
PROP-020611,100
PROP-061613,100
PROP-007878,100
PROP-014924,100
PROP-086310,100
PROP-074269,100
PROP-089006,100
PROP-034411,100
PROP-037663,100
PROP-062267,100
PROP-010617,100
PROP-097060,100
PROP-048400,100
PROP-024423,100
PROP-026809,100
PROP-082043,100
PROP-083454,100
PROP-096400,100
PROP-028703,100
PROP-008435,100
PROP-062929,100
PROP-084860,100
PROP-086708,100
PROP-016628,100
PROP-091479,100
PROP-050716,100
PROP-018321,100
PROP-099094,100
PROP-068400,100
PROP-024586,100
PROP-020964,100
PROP-036955,100
PROP-064287,100
PROP-060244,100
PROP-043605,100
PROP-028738,100
PROP-025836,100
PROP-089825,100
PROP-036263,100
PROP-006356,100
PROP-076567,100
PROP-091541,100
PROP-019728,100
PROP-049514,100
PROP-099448,100
PROP-013352,100
PROP-095113,100
PROP-015385,100
PROP-032314,100
PROP-006201,100
PROP-039113,100
PROP-005824,100
PROP-075786,100
PROP-074328,100
PROP-045208,100
PROP-076081,100
PROP-013054,100
PROP-063745,100
PROP-044451,100
PROP-031020,100
PROP-088385,100
PROP-068416,100
PROP-015751,100
PROP-062007,100
PROP-030389,100
PROP-024220,100
PROP-004540,100
PROP-077637,100
PROP-016342,100
PROP-018919,100
PROP-026317,100
PROP-052560,100
PROP-029518,100
PROP-089094,100
PROP-085557,100
PROP-071597,100
PROP-015930,100
PROP-080597,100
PROP-028145,100
PROP-021892,100
PROP-005461,100
PROP-003488,100
PROP-027362,100
PROP-079796,100
PROP-050392,100
PROP-008606,100
PROP-052022,100
PROP-018281,100
PROP-091138,100
PROP-036807,100
PROP-015626,100
PROP-006707,100
PROP-074114,100
PROP-022356,100
PROP-043855,100
PROP-069277,100
PROP-038266,100
PROP-070766,100
PROP-007668,100
PROP-000635,100
PROP-052151,100
PROP-009445,100
PROP-072180,100
PROP-011076,100
PROP-010280,100
PROP-093022,100
PROP-065753,100
PROP-014012,100
PROP-065075,100
PROP-070889,100
PROP-084477,100
PROP-008758,100
PROP-047196,100
PROP-057015,100
PROP-054662,100
PROP-015124,100
PROP-050692,100
PROP-035696,100
PROP-064310,100
PROP-098877,100
PROP-056370,100
PROP-008309,100
PROP-033915,100
PROP-036960,100
PROP-084433,100
PROP-007098,100
PROP-080787,100
PROP-020034,100
PROP-083059,100
PROP-096413,100
PROP-032759,100
PROP-087628,100
PROP-033070,100
PROP-059293,100
PROP-071511,100
PROP-000976,100
PROP-061826,100
PROP-076772,100
PROP-020305,100
PROP-036274,100
PROP-082516,100
PROP-065603,100
PROP-028356,100
PROP-055456,100
PROP-004196,100
PROP-016609,100
PROP-054099,100
PROP-024250,100
PROP-064830,100
PROP-028082,100
PROP-079298,100
PROP-014512,100
PROP-097009,100
PROP-094752,100
PROP-061395,100
PROP-010620,100
PROP-077493,100
PROP-002956,100
PROP-023900,100
PROP-072354,100
PROP-005717,100
PROP-051048,100
PROP-042978,100
PROP-056482,100
PROP-044434,100
PROP-033004,100
PROP-010798,100
PROP-091971,100
PROP-076256,100
PROP-091747,100
PROP-066919,100
PROP-032416,100
PROP-013752,100
PROP-087937,100
PROP-050101,100
PROP-044453,100
PROP-024051,100
PROP-082655,100
PROP-073596,100
PROP-051891,100
PROP-062735,100
PROP-060585,100
PROP-083812,100
PROP-046297,100
PROP-067979,100
PROP-096731,100
PROP-088649,100
PROP-015605,100
PROP-024382,100
PROP-031062,100
PROP-099588,100
PROP-091930,100
PROP-011518,100
PROP-008328,100
PROP-021822,100
PROP-058817,100
PROP-010074,100
PROP-056290,100
PROP-027159,100
PROP-006459,100
PROP-027721,100
PROP-001963,100
PROP-053235,100
PROP-033919,100
PROP-000538,100
PROP-044466,100
PROP-065214,100
PROP-088593,100
PROP-013959,100
PROP-046527,100
PROP-022046,100
PROP-029992,100
PROP-005236,100
PROP-082795,100
PROP-039750,100
PROP-001321,100
PROP-068949,100
PROP-071136,100
PROP-070528,100
PROP-097453,100
PROP-013397,100
PROP-068281,100
PROP-047321,100
PROP-028947,100
PROP-087343,100
PROP-020059,100
PROP-094074,100
PROP-075908,100
PROP-080739,100
PROP-040193,100
PROP-062720,100
PROP-001096,100
PROP-035863,100
PROP-084562,100
PROP-049615,100
PROP-064075,100
PROP-090029,100
PROP-094320,100
PROP-057614,100
PROP-003185,100
PROP-011082,100
PROP-017582,100
PROP-009428,100
PROP-000949,100
PROP-043299,100
PROP-005908,100
PROP-080249,100
PROP-030465,100
PROP-049094,100
PROP-061804,100
PROP-086228,100
PROP-063050,100
PROP-067376,100
PROP-065394,100
PROP-029316,100
PROP-037372,100
PROP-022749,100
PROP-013226,100
PROP-007730,100
PROP-073381,100
PROP-020664,100
PROP-035007,100
PROP-043828,100
PROP-026929,100
PROP-089654,100
PROP-032710,100
PROP-068710,100
PROP-022744,100
PROP-054896,100
PROP-079660,100
PROP-004662,100
PROP-029529,100
PROP-058406,100
PROP-078270,100
PROP-067496,100
PROP-082740,100
PROP-085112,100
PROP-093657,100
PROP-018480,100
PROP-008184,100
PROP-020003,100
PROP-093010,100
PROP-093911,100
PROP-096049,100
PROP-033255,100
PROP-068164,100
PROP-092594,100
PROP-085509,100
PROP-098810,100
PROP-007184,100
PROP-099771,100
PROP-055170,100
PROP-099640,100
PROP-082524,100
PROP-098527,100
PROP-014694,100
PROP-091522,100
PROP-018411,100
PROP-078328,100
PROP-029980,100
PROP-083826,100
PROP-061779,100
PROP-061728,100
PROP-074690,100
PROP-005817,100
PROP-097264,100
PROP-024893,100
PROP-043743,100
PROP-009684,100
PROP-047512,100
PROP-095448,100
PROP-027147,100
PROP-083352,100
PROP-074237,100
PROP-032724,100
PROP-062858,100
PROP-069295,100
PROP-012247,100
PROP-080037,100
PROP-049477,100
PROP-014030,100
PROP-090233,100
PROP-037492,100
PROP-037276,100
PROP-050687,100
PROP-081790,100
PROP-013143,100
PROP-061497,100
PROP-022759,100
PROP-042055,100
PROP-083060,100
PROP-092750,100
PROP-011880,100
PROP-059324,100
PROP-034327,100
PROP-023071,100
PROP-022121,100
PROP-018826,100
PROP-008651,100
PROP-011828,100
PROP-027393,100
PROP-012298,100
PROP-013628,100
PROP-058879,100
PROP-098889,100
PROP-072714,100
PROP-038793,100
PROP-000604,100
PROP-021063,100
PROP-013096,100
PROP-025130,100
PROP-006314,100
PROP-011626,100
PROP-017339,100
PROP-016043,100
PROP-087051,100
PROP-033577,100
PROP-042190,100
PROP-055750,100
PROP-042745,100
PROP-043464,100
PROP-077978,100
PROP-035532,100
PROP-012723,100
PROP-042623,100
PROP-056510,100
PROP-085471,100
PROP-013404,100
PROP-045949,100
PROP-030264,100
PROP-076693,100
PROP-038036,100
PROP-024314,100
PROP-018642,100
PROP-068501,100
PROP-046653,100
PROP-013048,100
PROP-059233,100
PROP-042071,100
PROP-056479,100
PROP-035851,100
PROP-030827,100
PROP-032687,100
PROP-056688,100
PROP-018894,100
PROP-080305,100
PROP-085158,100
PROP-062003,100
PROP-090179,100
PROP-077961,100
PROP-041186,100
PROP-039077,100
PROP-092604,100
PROP-040977,100
PROP-096742,100
PROP-037694,100
PROP-013035,100
PROP-053495,100
PROP-084411,100
PROP-097795,100
PROP-085833,100
PROP-031298,100
PROP-076627,100
PROP-096735,100
PROP-068452,100
PROP-056852,100
PROP-044061,100
PROP-071835,100
PROP-019702,100
PROP-055200,100
PROP-009276,100
PROP-080862,100
PROP-010516,100
PROP-071119,100
PROP-086132,100
PROP-094828,100
PROP-039095,100
PROP-099801,100
PROP-076845,100
PROP-089999,100
PROP-004943,100
PROP-000339,100
PROP-018800,100
PROP-001725,100
PROP-045529,100
PROP-077839,100
PROP-090623,100
PROP-072938,100
PROP-078789,100
PROP-098472,100
PROP-091626,100
PROP-062713,100
PROP-062273,100
PROP-027305,100
PROP-065459,100
PROP-035821,100
PROP-016394,100
PROP-049523,100
PROP-011089,100
PROP-077951,100
PROP-063600,100
PROP-050200,100
PROP-091354,100
PROP-026525,100
PROP-046474,100
PROP-050603,100
PROP-034467,100
PROP-045353,100
PROP-075675,100
PROP-099868,100
PROP-061330,100
PROP-066448,100
PROP-048954,100
PROP-040096,100
PROP-031331,100
PROP-047263,100
PROP-023834,100
PROP-037661,100
PROP-019814,100
PROP-097416,100
PROP-001971,100
PROP-092926,100
PROP-086915,100
PROP-013724,100
PROP-051531,100
PROP-046482,100
PROP-000046,100
PROP-047013,100
PROP-056416,100
PROP-096720,100
PROP-006095,100
PROP-066481,100
PROP-025898,100
PROP-082865,100
PROP-027118,100
PROP-037757,100
PROP-081347,100
PROP-094450,100
PROP-091475,100
PROP-001004,100
PROP-049531,100
PROP-042506,100
PROP-091593,100
PROP-049730,100
PROP-097327,100
PROP-025861,100
PROP-094884,100
PROP-090761,100
PROP-008580,100
PROP-009716,100
PROP-010778,100
PROP-060917,100
PROP-053850,100
PROP-093479,100
PROP-076992,100
PROP-060685,100
PROP-065740,100
PROP-017787,100
PROP-081900,100
PROP-015705,100
PROP-083840,100
PROP-049056,100
PROP-093927,100
PROP-028257,100
PROP-049394,100
PROP-010255,100
PROP-025957,100
PROP-097593,100
PROP-054846,100
PROP-093851,100
PROP-066850,100
PROP-056258,100
PROP-025181,100
PROP-002469,100
PROP-023874,100
PROP-063656,100
PROP-063280,100
PROP-033377,100
PROP-031161,100
PROP-013408,100
PROP-079430,100
PROP-083258,100
PROP-005285,100
PROP-092869,100
PROP-059393,100
PROP-042873,100
PROP-087144,100
PROP-069952,100
PROP-023937,100
PROP-074858,100
PROP-032299,100
PROP-081252,100
PROP-091295,100
PROP-011549,100
PROP-057830,100
PROP-039240,100
PROP-021257,100
PROP-027546,100
PROP-024693,100
PROP-097127,100
PROP-044055,100
PROP-017369,100
PROP-075677,100
PROP-013946,100
PROP-066739,100
PROP-031912,100
PROP-082864,100
PROP-034654,100
PROP-025693,100
PROP-050934,100
PROP-058256,100
PROP-094603,100
PROP-004328,100
PROP-056872,100
PROP-009210,100
PROP-071208,100
PROP-077792,100
PROP-097227,100
PROP-016504,100
PROP-023154,100
PROP-003997,100
PROP-065398,100
PROP-051527,100
PROP-076823,100
PROP-070455,100
PROP-083006,100
PROP-027618,100
PROP-092697,100
PROP-072581,100
PROP-036726,100
PROP-017589,100
PROP-017790,100
PROP-013819,100
PROP-079576,100
PROP-098037,100
PROP-097130,100
PROP-006596,100
PROP-007252,100
PROP-050265,100
PROP-083157,100
PROP-021580,100
PROP-011690,100
PROP-090807,100
PROP-012611,100
PROP-046398,100
PROP-061548,100
PROP-032677,100
PROP-000962,100
PROP-015130,100
PROP-017477,100
PROP-030754,100
PROP-087761,100
PROP-087959,100
PROP-092199,100
PROP-000439,100
PROP-089155,100
PROP-029181,100
PROP-074174,100
PROP-004809,100
PROP-074088,100
PROP-008974,100
PROP-020518,100
PROP-009027,100
PROP-087673,100
PROP-047324,100
PROP-061170,100
PROP-011499,100
PROP-023772,100
PROP-048194,100
PROP-007927,100
PROP-055345,100
PROP-003509,100
PROP-039004,100
PROP-068972,100
PROP-075960,100
PROP-086097,100
PROP-003420,100
PROP-017305,100
PROP-099014,100
PROP-012842,100
PROP-071456,100
PROP-007575,100
PROP-013617,100
PROP-063696,100
PROP-006884,100
PROP-050364,100
PROP-050267,100
PROP-061855,100
PROP-031286,100
PROP-033977,100
PROP-075612,100
PROP-014969,100
PROP-032359,100
PROP-080065,100
PROP-058931,100
PROP-003578,100
PROP-033487,100
PROP-054252,100
PROP-047837,100
PROP-055892,100
PROP-038506,100
PROP-079212,100
PROP-038087,100
PROP-089510,100
PROP-074176,100
PROP-008521,100
PROP-062276,100
PROP-085393,100
PROP-091907,100
PROP-077407,100
PROP-017158,100
PROP-027338,100
PROP-082027,100
PROP-019039,100
PROP-016206,100
PROP-029528,100
PROP-080517,100
PROP-064564,100
PROP-096775,100
PROP-045027,100
PROP-074052,100
PROP-007384,100
PROP-046944,100
PROP-084258,100
PROP-000737,100
PROP-096786,100
PROP-009192,100
PROP-022873,100
PROP-089230,100
PROP-054735,100
PROP-055326,100
PROP-073501,100
PROP-027608,100
PROP-079166,100
PROP-035492,100
PROP-028812,100
PROP-093529,100
PROP-057473,100
PROP-090889,100
PROP-015121,100
PROP-069603,100
PROP-050328,100
PROP-064198,100
PROP-023978,100
PROP-002966,100
PROP-078626,100
PROP-062010,100
PROP-086911,100
PROP-010254,100
PROP-073322,100
PROP-037247,100
PROP-076149,100
PROP-040050,100
PROP-003841,100
PROP-084631,100
PROP-086498,100
PROP-058064,100
PROP-045335,100
PROP-007345,100
PROP-032556,100
PROP-013486,100
PROP-044198,100
PROP-090133,100
PROP-087474,100
PROP-065225,100
PROP-031308,100
PROP-022202,100
PROP-029216,100
PROP-086668,100
PROP-079476,100
PROP-018814,100
PROP-009967,100
PROP-022663,100
PROP-026684,100
PROP-016141,100
PROP-036191,100
PROP-087312,100
PROP-041385,100
PROP-046590,100
PROP-003633,100
PROP-083775,100
PROP-044183,100
PROP-016626,100
PROP-077077,100
PROP-069002,100
PROP-082056,100
PROP-047365,100
PROP-089340,100
PROP-067058,100
PROP-021724,100
PROP-041635,100
PROP-078526,100
PROP-088601,100
PROP-076358,100
PROP-098792,100
PROP-053272,100
PROP-041451,100
PROP-009929,100
PROP-001380,100
PROP-005009,100
PROP-005555,100
PROP-045546,100
PROP-003230,100
PROP-029270,100
PROP-096587,100
PROP-052510,100
PROP-004872,100
PROP-095511,100
PROP-054053,100
PROP-030267,100
PROP-093606,100
PROP-052778,100
PROP-084826,100
PROP-045769,100
PROP-053757,100
PROP-070133,100
PROP-008676,100
PROP-080954,100
PROP-013783,100
PROP-052940,100
PROP-044707,100
PROP-091073,100
PROP-078552,100
PROP-079477,100
PROP-082385,100
PROP-019556,100
PROP-066891,100
PROP-084056,100
PROP-038495,100
PROP-079979,100
PROP-023879,100
PROP-054371,100
PROP-097263,100
PROP-005398,100
PROP-028846,100
PROP-091368,100
PROP-038595,100
PROP-034168,100
PROP-036139,100
PROP-086570,100
PROP-030708,100
PROP-079063,100
PROP-021443,100
PROP-089322,100
PROP-031899,100
PROP-003856,100
PROP-085057,100
PROP-065797,100
PROP-077969,100
PROP-016204,100
PROP-081496,100
PROP-048421,100
PROP-086562,100
PROP-063106,100
PROP-084458,100
PROP-010004,100
PROP-012328,100
PROP-069754,100
PROP-086388,100
PROP-088429,100
PROP-032608,100
PROP-021793,100
PROP-053785,100
PROP-000452,100
PROP-000197,100
PROP-075756,100
PROP-025214,100
PROP-090828,100
PROP-081566,100
PROP-006186,100
PROP-007278,100
PROP-054257,100
PROP-073467,100
PROP-045791,100
PROP-045443,100
PROP-019392,100
PROP-064964,100
PROP-075435,100
PROP-011599,100
PROP-049302,100
PROP-088157,100
PROP-079462,100
PROP-087074,100
PROP-097288,100
PROP-013924,100
PROP-049858,100
PROP-087873,100
PROP-019367,100
PROP-025076,100
PROP-094066,100
PROP-057202,100
PROP-004471,100
PROP-045765,100
PROP-029603,100
PROP-019995,100
PROP-024274,100
PROP-051790,100
PROP-042917,100
PROP-058354,100
PROP-086050,100
PROP-098214,100
PROP-025997,100
PROP-028845,100
PROP-060146,100
PROP-090799,100
PROP-013814,100
PROP-022886,100
PROP-086864,100
PROP-068469,100
PROP-064254,100
PROP-070671,100
PROP-034918,100
PROP-064965,100
PROP-044937,100
PROP-068600,100
PROP-041045,100
PROP-054197,100
PROP-002395,100
PROP-094345,100
PROP-072589,100
PROP-062330,100
PROP-085759,100
PROP-018636,100
PROP-049599,100
PROP-001722,100
PROP-050190,100
PROP-030323,100
PROP-022899,100
PROP-015307,100
PROP-063615,100
PROP-007050,100
PROP-057102,100
PROP-031186,100
PROP-025679,100
PROP-056189,100
PROP-059577,100
PROP-006169,100
PROP-067324,100
PROP-008246,100
PROP-017989,100
PROP-024983,100
PROP-034080,100
PROP-049562,100
PROP-006181,100
PROP-007919,100
PROP-028544,100
PROP-066610,100
PROP-087305,100
PROP-013746,100
PROP-018226,100
PROP-003217,100
PROP-058965,100
PROP-066727,100
PROP-011992,100
PROP-030418,100
PROP-098556,100
PROP-061983,100
PROP-072386,100
PROP-030433,100
PROP-029831,100
PROP-052103,100
PROP-074205,100
PROP-011861,100
PROP-023943,100
PROP-026063,100
PROP-012748,100
PROP-078277,100
PROP-086447,100
PROP-085665,100
PROP-042954,100
PROP-066179,100
PROP-009991,100
PROP-050448,100
PROP-010577,100
PROP-096031,100
PROP-065091,100
PROP-037271,100
PROP-068684,100
PROP-094005,100
PROP-006582,100
PROP-062627,100
PROP-057151,100
PROP-074118,100
PROP-068962,100
PROP-063821,100
PROP-026445,100
PROP-001370,100
PROP-066847,100
PROP-088239,100
PROP-011388,100
PROP-031527,100
PROP-021425,100
PROP-072400,100
PROP-013745,100
PROP-009530,100
PROP-098385,100
PROP-037524,100
PROP-023961,100
PROP-075755,100
PROP-090085,100
PROP-038414,100
PROP-050454,100
PROP-048817,100
PROP-048943,100
PROP-043722,100
PROP-097201,100
PROP-037699,100
PROP-047229,100
PROP-059248,100
PROP-047605,100
PROP-062938,100
PROP-098566,100
PROP-084048,100
PROP-063795,100
PROP-057206,100
PROP-060355,100
PROP-054964,100
PROP-029629,100
PROP-019125,100
PROP-008043,100
PROP-032875,100
PROP-023776,100
PROP-088467,100
PROP-084760,100
PROP-094204,100
PROP-019521,100
PROP-043257,100
PROP-077717,100
PROP-004444,100
PROP-001144,100
PROP-081574,100
PROP-082698,100
PROP-077893,100
PROP-077047,100
PROP-088653,100
PROP-075263,100
PROP-013150,100
PROP-084300,100
PROP-012198,100
PROP-044025,100
PROP-017570,100
PROP-061654,100
PROP-008897,100
PROP-075968,100
PROP-098258,100
PROP-025410,100
PROP-013228,100
PROP-004205,100
PROP-053694,100
PROP-003835,100
PROP-055021,100
PROP-053112,100
PROP-015448,100
PROP-037707,100
PROP-070266,100
PROP-089475,100
PROP-056234,100
PROP-020697,100
PROP-058263,100
PROP-060562,100
PROP-064749,100
PROP-089668,100
PROP-075964,100
PROP-053753,100
PROP-028248,100
PROP-099824,100
PROP-074235,100
PROP-078701,100
PROP-022719,100
PROP-009116,100
PROP-097646,100
PROP-005362,100
PROP-095567,100
PROP-062649,100
PROP-015476,100
PROP-046456,100
PROP-063697,100
PROP-054931,100
PROP-027870,100
PROP-097882,100
PROP-090798,100
PROP-070062,100
PROP-011456,100
PROP-095345,100
PROP-061013,100
PROP-002340,100
PROP-035703,100
PROP-006026,100
PROP-072702,100
PROP-057788,100
PROP-001663,100
PROP-046797,100
PROP-021546,100
PROP-044187,100
PROP-037460,100
PROP-028714,100
PROP-098895,100
PROP-040911,100
PROP-095097,100
PROP-029573,100
PROP-010190,100
PROP-097856,100
PROP-043032,100
PROP-068990,100
PROP-097448,100
PROP-031086,100
PROP-001953,100
PROP-076644,100
PROP-023149,100
PROP-039371,100
PROP-048197,100
PROP-090307,100
PROP-029639,100
PROP-058144,100
PROP-030399,100
PROP-061997,100
PROP-022699,100
PROP-008816,100
PROP-064445,100
PROP-086277,100
PROP-013839,100
PROP-074399,100
PROP-039996,100
PROP-012267,100
PROP-032378,100
PROP-030610,100
PROP-080020,100
PROP-084262,100
PROP-006513,100
PROP-093235,100
PROP-023351,100
PROP-036626,100
PROP-063302,100
PROP-075983,100
PROP-092593,100
PROP-012662,100
PROP-063073,100
PROP-049017,100
PROP-017358,100
PROP-025795,100
PROP-024636,100
PROP-091455,100
PROP-044295,100
PROP-056610,100
PROP-082119,100
PROP-010793,100
PROP-074062,100
PROP-073272,100
PROP-018419,100
PROP-023097,100
PROP-085410,100
PROP-017846,100
PROP-093522,100
PROP-053800,100
PROP-029469,100
PROP-096961,100
PROP-020283,100
PROP-045345,100
PROP-067463,100
PROP-001381,100
PROP-059083,100
PROP-007849,100
PROP-080114,100
PROP-059130,100
PROP-005412,100
PROP-030257,100
PROP-054343,100
PROP-014111,100
PROP-042618,100
PROP-030785,100
PROP-042763,100
PROP-090468,100
PROP-044219,100
PROP-009431,100
PROP-045220,100
PROP-095787,100
PROP-034069,100
PROP-006642,100
PROP-034680,100
PROP-075348,100
PROP-064501,100
PROP-068570,100
PROP-005563,100
PROP-096980,100
PROP-031004,100
PROP-080818,100
PROP-069475,100
PROP-074994,100
PROP-081281,100
PROP-058396,100
PROP-002924,100
PROP-088539,100
PROP-058664,100
PROP-012717,100
PROP-098564,100
PROP-042474,100
PROP-061594,100
PROP-026308,100
PROP-030936,100
PROP-059067,100
PROP-011715,100
PROP-069940,100
PROP-022945,100
PROP-051814,100
PROP-091131,100
PROP-095970,100
PROP-011903,100
PROP-072677,100
PROP-010211,100
PROP-066540,100
PROP-026557,100
PROP-008295,100
PROP-086219,100
PROP-074042,100
PROP-056794,100
PROP-092273,100
PROP-097763,100
PROP-059619,100
PROP-045662,100
PROP-089346,100
PROP-052874,100
PROP-094419,100
PROP-053158,100
PROP-037306,100
PROP-067415,100
PROP-076576,100
PROP-004309,100
PROP-029041,100
PROP-074604,100
PROP-090591,100
PROP-094674,100
PROP-015632,100
PROP-089793,100
PROP-032668,100
PROP-042517,100
PROP-013061,100
PROP-050347,100
PROP-017213,100
PROP-070554,100
PROP-045493,100
PROP-052427,100
PROP-072778,100
PROP-009066,100
PROP-013808,100
PROP-062068,100
PROP-029657,100
PROP-003431,100
PROP-074169,100
PROP-036084,100
PROP-042105,100
PROP-051451,100
PROP-092848,100
PROP-040250,100
PROP-079607,100
PROP-006406,100
PROP-018036,100
PROP-033960,100
PROP-091984,100
PROP-090349,100
PROP-093938,100
PROP-081719,100
PROP-015832,100
PROP-038099,100
PROP-015835,100
PROP-071151,100
PROP-077805,100
PROP-091157,100
PROP-028937,100
PROP-021433,100
PROP-020117,100
PROP-088398,100
PROP-036293,100
PROP-061816,100
PROP-022420,100
PROP-014243,100
PROP-062179,100
PROP-090599,100
PROP-085030,100
PROP-067194,100
PROP-053924,100
PROP-082788,100
PROP-007757,100
PROP-068338,100
PROP-003585,100
PROP-005491,100
PROP-033812,100
PROP-093422,100
PROP-019058,100
PROP-029073,100
PROP-056900,100
PROP-043250,100
PROP-001397,100
PROP-035811,100
PROP-032776,100
PROP-009460,100
PROP-034203,100
PROP-034182,100
PROP-051774,100
PROP-094785,100
PROP-032330,100
PROP-043924,100
PROP-012858,100
PROP-082394,100
PROP-020069,100
PROP-018591,100
PROP-039796,100
PROP-050344,100
PROP-018078,100
PROP-008338,100
PROP-013020,100
PROP-017662,100
PROP-035503,100
PROP-004091,100
PROP-001464,100
PROP-028179,100
PROP-034568,100
PROP-045009,100
PROP-085137,100
PROP-087110,100
PROP-059331,100
PROP-096802,100
PROP-019541,100
PROP-030362,100
PROP-091714,100
PROP-012444,100
PROP-039888,100
PROP-005872,100
PROP-073672,100
PROP-034869,100
PROP-049651,100
PROP-080738,100
PROP-070800,100
PROP-006217,100
PROP-081622,100
PROP-086902,100
PROP-055261,100
PROP-069324,100
PROP-006073,100
PROP-061547,100
PROP-070850,100
PROP-041034,100
PROP-047678,100
PROP-028639,100
PROP-042896,100
PROP-076886,100
PROP-029368,100
PROP-029673,100
PROP-016283,100
PROP-057583,100
PROP-002480,100
PROP-020517,100
PROP-027794,100
PROP-066983,100
PROP-021690,100
PROP-065670,100
PROP-026223,100
PROP-084611,100
PROP-007985,100
PROP-067095,100
PROP-071758,100
PROP-042556,100
PROP-075850,100
PROP-067149,100
PROP-001200,100
PROP-056464,100
PROP-039779,100
PROP-010241,100
PROP-015656,100
PROP-063413,100
PROP-043190,100
PROP-014505,100
PROP-010936,100
PROP-040253,100
PROP-080591,100
PROP-052761,100
PROP-012987,100
PROP-042820,100
PROP-079065,100
PROP-084966,100
PROP-007691,100
PROP-054905,100
PROP-066283,100
PROP-018765,100
PROP-090729,100
PROP-075858,100
PROP-016036,100
PROP-060691,100
PROP-042553,100
PROP-040677,100
PROP-002827,100
PROP-045076,100
PROP-017599,100
PROP-082016,100
PROP-030393,100
PROP-093551,100
PROP-028173,100
PROP-023176,100
PROP-002525,100
PROP-052991,100
PROP-060406,100
PROP-095095,100
PROP-098689,100
PROP-002502,100
PROP-064584,100
PROP-097076,100
PROP-034354,100
PROP-021551,100
PROP-023813,100
PROP-053871,100
PROP-032719,100
PROP-060102,100
PROP-011239,100
PROP-071342,100
PROP-015696,100
PROP-056617,100
PROP-062824,100
PROP-076150,100
PROP-069763,100
PROP-002415,100
PROP-068088,100
PROP-045772,100
PROP-075243,100
PROP-014940,100
PROP-061679,100
PROP-084006,100
PROP-088993,100
PROP-077007,100
PROP-039764,100
PROP-086963,100
PROP-057950,100
PROP-022810,100
PROP-029787,100
PROP-030625,100
PROP-084450,100
PROP-091590,100
PROP-040874,100
PROP-090483,100
PROP-019767,100
PROP-000082,100
PROP-038657,100
PROP-026289,100
PROP-087456,100
PROP-070579,100
PROP-048680,100
PROP-022913,100
PROP-010334,100
PROP-099368,100
PROP-016823,100
PROP-089579,100
PROP-088600,100
PROP-081695,100
PROP-030607,100
PROP-022330,100
PROP-019167,100
PROP-011854,100
PROP-057466,100
PROP-003567,100
PROP-081820,100
PROP-088346,100
PROP-062683,100
PROP-074344,100
PROP-099274,100
PROP-036054,100
PROP-040444,100
PROP-021988,100
PROP-072826,100
PROP-054920,100
PROP-009994,100
PROP-053387,100
PROP-088889,100
PROP-066902,100
PROP-086576,100
PROP-074661,100
PROP-015418,100
PROP-010648,100
PROP-029623,100
PROP-000964,100
PROP-032526,100
PROP-087522,100
PROP-070538,100
PROP-026453,100
PROP-019824,100
PROP-066433,100
PROP-080302,100
PROP-019275,100
PROP-026095,100
PROP-037662,100
PROP-022966,100
PROP-078486,100
PROP-051676,100
PROP-077089,100
PROP-081664,100
PROP-080257,100
PROP-001182,100
PROP-037818,100
PROP-035876,100
PROP-015767,100
PROP-088090,100
PROP-074412,100
PROP-072169,100
PROP-077763,100
PROP-083983,100
PROP-095920,100
PROP-061652,100
PROP-032411,100
PROP-022348,100
PROP-032904,100
PROP-015978,100
PROP-072843,100
PROP-069973,100
PROP-063921,100
PROP-054123,100
PROP-036467,100
PROP-095202,100
PROP-094958,100
PROP-054086,100
PROP-039773,100
PROP-049762,100
PROP-041183,100
PROP-097187,100
PROP-035041,100
PROP-044539,100
PROP-086020,100
PROP-098721,100
PROP-098684,100
PROP-068885,100
PROP-029732,100
PROP-016883,100
PROP-051643,100
PROP-007988,100
PROP-072309,100
PROP-063479,100
PROP-091046,100
PROP-081314,100
PROP-059385,100
PROP-099631,100
PROP-089228,100
PROP-043925,100
PROP-026713,100
PROP-061971,100
PROP-067953,100
PROP-038826,100
PROP-052972,100
PROP-031530,100
PROP-088788,100
PROP-094799,100
PROP-051403,100
PROP-080752,100
PROP-099417,100
PROP-088082,100
PROP-067798,100
PROP-014437,100
PROP-009127,100
PROP-081359,100
PROP-057696,100
PROP-001342,100
PROP-034613,100
PROP-016149,100
PROP-073595,100
PROP-087894,100
PROP-096878,100
PROP-007841,100
PROP-062803,100
PROP-021745,100
PROP-083015,100
PROP-094236,100
PROP-017624,100
PROP-086967,100
PROP-014006,100
PROP-074576,100
PROP-057607,100
PROP-040386,100
PROP-073866,100
PROP-002820,100
PROP-008862,100
PROP-029053,100
PROP-067888,100
PROP-055714,100
PROP-019764,100
PROP-030632,100
PROP-017788,100
PROP-095171,100
PROP-027838,100
PROP-070260,100
PROP-008020,100
PROP-027498,100
PROP-087902,100
PROP-035628,100
PROP-072805,100
PROP-043377,100
PROP-002723,100
PROP-029075,100
PROP-070938,100
PROP-098641,100
PROP-084348,100
PROP-069261,100
PROP-006220,100
PROP-096568,100
PROP-059589,100
PROP-060652,100
PROP-077375,100
PROP-043992,100
PROP-066736,100
PROP-052600,100
PROP-048352,100
PROP-077593,100
PROP-069693,100
PROP-031345,100
PROP-041326,100
PROP-055372,100
PROP-065774,100
PROP-030766,100
PROP-028396,100
PROP-030034,100
PROP-036905,100
PROP-031245,100
PROP-095442,100
PROP-009425,100
PROP-095338,100
PROP-018294,100
PROP-073382,100
PROP-067348,100
PROP-005138,100
PROP-027833,100
PROP-046044,100
PROP-048403,100
PROP-031453,100
PROP-098369,100
PROP-044793,100
PROP-075936,100
PROP-055561,100
PROP-031492,100
PROP-040101,100
PROP-037351,100
PROP-000823,100
PROP-015872,100
PROP-015644,100
PROP-090601,100
PROP-026616,100
PROP-038921,100
PROP-070868,100
PROP-050923,100
PROP-000380,100
PROP-075417,100
PROP-084398,100
PROP-075888,100
PROP-041474,100
PROP-065940,100
PROP-076758,100
PROP-047198,100
PROP-020148,100
PROP-059502,100
PROP-077938,100
PROP-038235,100
PROP-031869,100
PROP-083584,100
PROP-073577,100
PROP-059274,100
PROP-055256,100
PROP-030282,100
PROP-068947,100
PROP-015710,100
PROP-058022,100
PROP-026989,100
PROP-048821,100
PROP-031508,100
PROP-047318,100
PROP-080582,100
PROP-065385,100
PROP-058673,100
PROP-024736,100
PROP-067634,100
PROP-059400,100
PROP-078596,100
PROP-048585,100
PROP-098628,100
PROP-016931,100
PROP-013708,100
PROP-055855,100
PROP-088481,100
PROP-036721,100
PROP-085441,100
PROP-054889,100
PROP-087769,100
PROP-074258,100
PROP-025070,100
PROP-033673,100
PROP-046790,100
PROP-071019,100
PROP-032200,100
PROP-072725,100
PROP-099677,100
PROP-018168,100
PROP-039896,100
PROP-047818,100
PROP-030882,100
PROP-038589,100
PROP-088406,100
PROP-014266,100
PROP-083718,100
PROP-019991,100
PROP-080270,100
PROP-096033,100
PROP-091318,100
PROP-004430,100
PROP-072922,100
PROP-053211,100
PROP-065512,100
PROP-097548,100
PROP-049972,100
PROP-002026,100
PROP-071365,100
PROP-093403,100
PROP-040657,100
PROP-053350,100
PROP-008595,100
PROP-089047,100
PROP-096733,100
PROP-043931,100
PROP-002935,100
PROP-027008,100
PROP-036679,100
PROP-021570,100
PROP-050649,100
PROP-021432,100
PROP-066159,100
PROP-036492,100
PROP-021709,100
PROP-000427,100
PROP-003327,100
PROP-037078,100
PROP-060820,100
PROP-064218,100
PROP-097923,100
PROP-025326,100
PROP-042445,100
PROP-001318,100
PROP-005515,100
PROP-094087,100
PROP-076377,100
PROP-056711,100
PROP-061883,100
PROP-053203,100
PROP-099412,100
PROP-085364,100
PROP-054323,100
PROP-005123,100
PROP-021194,100
PROP-027291,100
PROP-009318,100
PROP-072119,100
PROP-093877,100
PROP-092841,100
PROP-041666,100
PROP-059503,100
PROP-044754,100
PROP-024284,100
PROP-049450,100
PROP-055740,100
PROP-066959,100
PROP-080152,100
PROP-049543,100
PROP-099189,100
PROP-012163,100
PROP-000906,100
PROP-023597,100
PROP-083054,100
PROP-092350,100
PROP-015442,100
PROP-012944,100
PROP-002517,100
PROP-035419,100
PROP-030712,100
PROP-016917,100
PROP-028720,100
PROP-052618,100
PROP-002098,100
PROP-019136,100
PROP-069618,100
PROP-065027,100
PROP-036619,100
PROP-052422,100
PROP-079830,100
PROP-041375,100
PROP-026939,100
PROP-033344,100
PROP-054412,100
PROP-090290,100
PROP-004689,100
PROP-083506,100
PROP-010891,100
PROP-041315,100
PROP-031784,100
PROP-026004,100
PROP-099115,100
PROP-069023,100
PROP-024930,100
PROP-033412,100
PROP-016156,100
PROP-072109,100
PROP-058082,100
PROP-059809,100
PROP-082573,100
PROP-000368,100
PROP-020214,100
PROP-069765,100
PROP-055680,100
PROP-069761,100
PROP-085823,100
PROP-065874,100
PROP-027652,100
PROP-003276,100
PROP-062943,100
PROP-076185,100
PROP-076456,100
PROP-021323,100
PROP-031276,100
PROP-085264,100
PROP-090621,100
PROP-063623,100
PROP-083669,100
PROP-011439,100
PROP-095786,100
PROP-043570,100
PROP-062733,100
PROP-075283,100
PROP-030624,100
PROP-027149,100
PROP-095368,100
PROP-060901,100
PROP-080255,100
PROP-023865,100
PROP-013492,100
PROP-026031,100
PROP-036089,100
PROP-075848,100
PROP-031872,100
PROP-057670,100
PROP-029070,100
PROP-090151,100
PROP-035577,100
PROP-096371,100
PROP-070122,100
PROP-017777,100
PROP-065361,100
PROP-063780,100
PROP-045904,100
PROP-075053,100
PROP-007090,100
PROP-004492,100
PROP-075718,100
PROP-008062,100
PROP-043394,100
PROP-001645,100
PROP-045103,100
PROP-060524,100
PROP-011009,100
PROP-065273,100
PROP-049600,100
PROP-032100,100
PROP-022785,100
PROP-090412,100
PROP-050962,100
PROP-043099,100
PROP-099072,100
PROP-079986,100
PROP-063614,100
PROP-088507,100
PROP-097557,100
PROP-070718,100
PROP-058247,100
PROP-050639,100
PROP-001139,100
PROP-020768,100
PROP-041399,100
PROP-009666,100
PROP-079681,100
PROP-036744,100
PROP-073309,100
PROP-046876,100
PROP-067739,100
PROP-029797,100
PROP-079293,100
PROP-058872,100
PROP-026772,100
PROP-070595,100
PROP-089449,100
PROP-053358,100
PROP-020463,100
PROP-081892,100
PROP-064005,100
PROP-005970,100
PROP-053062,100
PROP-064879,100
PROP-068236,100
PROP-001401,100
PROP-072380,100
PROP-093808,100
PROP-076067,100
PROP-043055,100
PROP-048685,100
PROP-033747,100
PROP-001860,100
PROP-073743,100
PROP-013235,100
PROP-090300,100
PROP-006512,100
PROP-043054,100
PROP-007896,100
PROP-011208,100
PROP-094151,100
PROP-014738,100
PROP-058999,100
PROP-015743,100
PROP-053721,100
PROP-095996,100
PROP-014616,100
PROP-014799,100
PROP-058938,100
PROP-035654,100
PROP-002455,100
PROP-071046,100
PROP-070191,100
PROP-021042,100
PROP-078667,100
PROP-081839,100
PROP-066823,100
PROP-082248,100
PROP-059968,100
PROP-077898,100
PROP-014674,100
PROP-073442,100
PROP-063581,100
PROP-011634,100
PROP-006691,100
PROP-010453,100
PROP-006175,100
PROP-032865,100
PROP-010985,100
PROP-093432,100
PROP-064250,100
PROP-023440,100
PROP-097402,100
PROP-005024,100
PROP-010628,100
PROP-095702,100
PROP-096308,100
PROP-009305,100
PROP-058918,100
PROP-059075,100
PROP-008694,100
PROP-088622,100
PROP-072764,100
PROP-081807,100
PROP-051122,100
PROP-023988,100
PROP-070240,100
PROP-041288,100
PROP-022369,100
PROP-005444,100
PROP-001838,100
PROP-029436,100
PROP-058593,100
PROP-019648,100
PROP-045600,100
PROP-077889,100
PROP-074948,100
PROP-018675,100
PROP-090559,100
PROP-005306,100
PROP-085078,100
PROP-014704,100
PROP-026890,100
PROP-017571,100
PROP-060282,100
PROP-037741,100
PROP-068284,100
PROP-073661,100
PROP-025793,100
PROP-030599,100
PROP-074952,100
PROP-052388,100
PROP-068197,100
PROP-066650,100
PROP-029246,100
PROP-023332,100
PROP-086745,100
PROP-083247,100
PROP-075587,100
PROP-034034,100
PROP-081315,100
PROP-019429,100
PROP-063769,100
PROP-041115,100
PROP-066407,100
PROP-092678,100
PROP-094294,100
PROP-041510,100
PROP-025790,100
PROP-098906,100
PROP-059240,100
PROP-026185,100
PROP-053827,100
PROP-048881,100
PROP-022730,100
PROP-039188,100
PROP-017179,100
PROP-050756,100
PROP-092999,100
PROP-047869,100
PROP-023890,100
PROP-056700,100
PROP-091938,100
PROP-018422,100
PROP-092026,100
PROP-092102,100
PROP-064918,100
PROP-099096,100
PROP-096901,100
PROP-031666,100
PROP-050253,100
PROP-012470,100
PROP-015597,100
PROP-047061,100
PROP-039857,100
PROP-018924,100
PROP-006553,100
PROP-035889,100
PROP-079737,100
PROP-071301,100
PROP-037578,100
PROP-035280,100
PROP-040860,100
PROP-055745,100
PROP-086211,100
PROP-023424,100
PROP-023215,100
PROP-006729,100
PROP-073145,100
PROP-003398,100
PROP-087969,100
PROP-076021,100
PROP-001840,100
PROP-093755,100
PROP-020912,100
PROP-084194,100
PROP-001831,100
PROP-068825,100
PROP-031090,100
PROP-008433,100
PROP-080645,100
PROP-035734,100
PROP-003745,100
PROP-002777,100
PROP-018798,100
PROP-086611,100
PROP-072408,100
PROP-031947,100
PROP-038529,100
PROP-046526,100
PROP-008516,100
PROP-098899,100
PROP-033254,100
PROP-097284,100
PROP-044661,100
PROP-058253,100
PROP-023673,100
PROP-042550,100
PROP-033362,100
PROP-010949,100
PROP-060140,100
PROP-032265,100
PROP-002439,100
PROP-090241,100
PROP-035149,100
PROP-037695,100
PROP-093516,100
PROP-078903,100
PROP-063797,100
PROP-096748,100
PROP-014338,100
PROP-093019,100
PROP-024853,100
PROP-090534,100
PROP-068327,100
PROP-043958,100
PROP-038718,100
PROP-099693,100
PROP-016551,100
PROP-006316,100
PROP-082617,100
PROP-086508,100
PROP-038924,100
PROP-069470,100
PROP-062792,100
PROP-032891,100
PROP-063140,100
PROP-064001,100
PROP-068054,100
PROP-093089,100
PROP-018973,100
PROP-038690,100
PROP-026246,100
PROP-079716,100
PROP-033789,100
PROP-076572,100
PROP-063965,100
PROP-016269,100
PROP-002021,100
PROP-063051,100
PROP-035131,100
PROP-008427,100
PROP-050917,100
PROP-046294,100
PROP-067627,100
PROP-094269,100
PROP-076380,100
PROP-033807,100
PROP-012020,100
PROP-079811,100
PROP-090367,100
PROP-060587,100
PROP-012188,100
PROP-073684,100
PROP-006750,100
PROP-074319,100
PROP-074745,100
PROP-097877,100
PROP-042698,100
PROP-033637,100
PROP-024172,100
PROP-034430,100
PROP-095428,100
PROP-079417,100
PROP-037728,100
PROP-061465,100
PROP-038307,100
PROP-042664,100
PROP-094614,100
PROP-087500,100
PROP-034063,100
PROP-095367,100
PROP-082114,100
PROP-088111,100
PROP-011569,100
PROP-072009,100
PROP-037970,100
PROP-025183,100
PROP-067766,100
PROP-053770,100
PROP-012001,100
PROP-036156,100
PROP-047305,100
PROP-037510,100
PROP-065725,100
PROP-069589,100
PROP-053074,100
PROP-043799,100
PROP-091446,100
PROP-058866,100
PROP-030247,100
PROP-078379,100
PROP-011597,100
PROP-066796,100
PROP-065612,100
PROP-074728,100
PROP-057052,100
PROP-022033,100
PROP-028650,100
PROP-097648,100
PROP-035154,100
PROP-097024,100
PROP-088727,100
PROP-063890,100
PROP-026860,100
PROP-011812,100
PROP-065996,100
PROP-036934,100
PROP-064008,100
PROP-049965,100
PROP-003573,100
PROP-018155,100
PROP-073315,100
PROP-046304,100
PROP-074105,100
PROP-039148,100
PROP-027181,100
PROP-096504,100
PROP-059461,100
PROP-004124,100
PROP-098050,100
PROP-014217,100
PROP-021304,100
PROP-014783,100
PROP-004867,100
PROP-047936,100
PROP-003978,100
PROP-036295,100
PROP-061587,100
PROP-031752,100
PROP-097195,100
PROP-030039,100
PROP-098435,100
PROP-069808,100
PROP-050563,100
PROP-073331,100
PROP-089300,100
PROP-029168,100
PROP-063856,100
PROP-001847,100
PROP-074440,100
PROP-026120,100
PROP-080405,100
PROP-098402,100
PROP-091582,100
PROP-078468,100
PROP-014725,100
PROP-081704,100
PROP-055875,100
PROP-042645,100
PROP-095580,100
PROP-029188,100
PROP-035175,100
PROP-082687,100
PROP-058849,100
PROP-089171,100
PROP-099597,100
PROP-075856,100
PROP-019500,100
PROP-061796,100
PROP-023411,100
PROP-048201,100
PROP-048251,100
PROP-005711,100
PROP-025691,100
PROP-098436,100
PROP-083727,100
PROP-052881,100
PROP-097166,100
PROP-085549,100
PROP-078082,100
PROP-019967,100
PROP-060262,100
PROP-003149,100
PROP-031285,100
PROP-064370,100
PROP-039850,100
PROP-057623,100
PROP-010039,100
PROP-026695,100
PROP-008559,100
PROP-002873,100
PROP-068208,100
PROP-046641,100
PROP-010185,100
PROP-092517,100
PROP-003877,100
PROP-048054,100
PROP-074755,100
PROP-031498,100
PROP-059111,100
PROP-067055,100
PROP-041860,100
PROP-057233,100
PROP-030188,100
PROP-062198,100
PROP-001409,100
PROP-091507,100
PROP-071791,100
PROP-052726,100
PROP-034589,100
PROP-002790,100
PROP-041382,100
PROP-005823,100
PROP-066665,100
PROP-050222,100
PROP-080332,100
PROP-067925,100
PROP-072397,100
PROP-078986,100
PROP-080263,100
PROP-050770,100
PROP-056778,100
PROP-046512,100
PROP-098240,100
PROP-030848,100
PROP-062701,100
PROP-065301,100
PROP-030612,100
PROP-045609,100
PROP-003968,100
PROP-064072,100
PROP-062292,100
PROP-016256,100
PROP-073510,100
PROP-005862,100
PROP-036830,100
PROP-028238,100
PROP-029953,100
PROP-098399,100
PROP-036235,100
PROP-066821,100
PROP-030737,100
PROP-065101,100
PROP-009758,100
PROP-007487,100
PROP-006315,100
PROP-035004,100
PROP-057827,100
PROP-091173,100
PROP-039481,100
PROP-067198,100
PROP-044358,100
PROP-029233,100
PROP-095016,100
PROP-076486,100
PROP-008567,100
PROP-018512,100
PROP-066362,100
PROP-097257,100
PROP-061231,100
PROP-029434,100
PROP-080219,100
PROP-056742,100
PROP-073990,100
PROP-001519,100
PROP-017856,100
PROP-026404,100
PROP-059664,100
PROP-050472,100
PROP-063988,100
PROP-028493,100
PROP-061844,100
PROP-021112,100
PROP-003490,100
PROP-083805,100
PROP-072294,100
PROP-092429,100
PROP-060454,100
PROP-012917,100
PROP-070842,100
PROP-011969,100
PROP-020169,100
PROP-028143,100
PROP-009672,100
PROP-083118,100
PROP-092596,100
PROP-004100,100
PROP-010871,100
PROP-069323,100
PROP-037921,100
PROP-074874,100
PROP-052363,100
PROP-029578,100
PROP-091925,100
PROP-071183,100
PROP-004500,100
PROP-068289,100
PROP-082152,100
PROP-038253,100
PROP-088735,100
PROP-004390,100
PROP-086312,100
PROP-084929,100
PROP-021872,100
PROP-043471,100
PROP-009099,100
PROP-015470,100
PROP-091793,100
PROP-000744,100
PROP-002929,100
PROP-072772,100
PROP-074321,100
PROP-052566,100
PROP-037803,100
PROP-052129,100
PROP-099401,100
PROP-048730,100
PROP-006482,100
PROP-030280,100
PROP-038271,100
PROP-058495,100
PROP-033300,100
PROP-078004,100
PROP-092034,100
PROP-028717,100
PROP-051783,100
PROP-099241,100
PROP-005589,100
PROP-041491,100
PROP-075439,100
PROP-052362,100
PROP-090528,100
PROP-017185,100
PROP-083832,100
PROP-019467,100
PROP-070659,100
PROP-027946,100
PROP-037248,100
PROP-027231,100
PROP-001483,100
PROP-010663,100
PROP-028261,100
PROP-057508,100
PROP-037555,100
PROP-003884,100
PROP-004980,100
PROP-051067,100
PROP-060603,100
PROP-072747,100
PROP-034279,100
PROP-021145,100
PROP-051263,100
PROP-011028,100
PROP-031165,100
PROP-010905,100
PROP-049174,100
PROP-026867,100
PROP-071115,100
PROP-043894,100
PROP-012893,100
PROP-032116,100
PROP-068240,100
PROP-062946,100
PROP-085408,100
PROP-079022,100
PROP-004389,100
PROP-013681,100
PROP-010896,100
PROP-063401,100
PROP-062939,100
PROP-030349,100
PROP-055508,100
PROP-035023,100
PROP-015798,100
PROP-052577,100
PROP-070302,100
PROP-006051,100
PROP-053787,100
PROP-022742,100
PROP-031393,100
PROP-089742,100
PROP-047237,100
PROP-025675,100
PROP-053663,100
PROP-076897,100
PROP-043141,100
PROP-034114,100
PROP-034066,100
PROP-059644,100
PROP-082255,100
PROP-098304,100
PROP-060418,100
PROP-059887,100
PROP-019355,100
PROP-053084,100
PROP-026654,100
PROP-091044,100
PROP-088194,100
PROP-061867,100
PROP-077705,100
PROP-083392,100
PROP-018242,100
PROP-086157,100
PROP-015373,100
PROP-005467,100
PROP-036504,100
PROP-010881,100
PROP-060358,100
PROP-028855,100
PROP-079445,100
PROP-060602,100
PROP-097390,100
PROP-035345,100
PROP-088402,100
PROP-050026,100
PROP-074723,100
PROP-034598,100
PROP-088575,100
PROP-016247,100
PROP-082313,100
PROP-096293,100
PROP-051803,100
PROP-080214,100
PROP-018899,100
PROP-050452,100
PROP-039787,100
PROP-029362,100
PROP-050115,100
PROP-063576,100
PROP-073456,100
PROP-074716,100
PROP-063586,100
PROP-074827,100
PROP-097177,100
PROP-097638,100
PROP-093283,100
PROP-021700,100
PROP-027616,100
PROP-080911,100
PROP-031720,100
PROP-092736,100
PROP-074474,100
PROP-055379,100
PROP-065478,100
PROP-070690,100
PROP-091581,100
PROP-091818,100
PROP-030560,100
PROP-054613,100
PROP-014149,100
PROP-009299,100
PROP-066579,100
PROP-086646,100
PROP-016718,100
PROP-069565,100
PROP-098978,100
PROP-040430,100
PROP-077326,100
PROP-085834,100
PROP-039938,100
PROP-041722,100
PROP-006275,100
PROP-096023,100
PROP-000576,100
PROP-062694,100
PROP-021144,100
PROP-006029,100
PROP-020391,100
PROP-033707,100
PROP-058855,100
PROP-037187,100
PROP-038236,100
PROP-062532,100
PROP-016118,100
PROP-006441,100
PROP-071142,100
PROP-042000,100
PROP-077814,100
PROP-036319,100
PROP-028324,100
PROP-024305,100
PROP-016226,100
PROP-090791,100
PROP-091893,100
PROP-005251,100
PROP-092763,100
PROP-001436,100
PROP-024406,100
PROP-075462,100
PROP-045682,100
PROP-030799,100
PROP-000539,100
PROP-005159,100
PROP-085915,100
PROP-056509,100
PROP-041518,100
PROP-014290,100
PROP-090325,100
PROP-030946,100
PROP-045317,100
PROP-037797,100
PROP-070284,100
PROP-080950,100
PROP-033548,100
PROP-086139,100
PROP-062399,100
PROP-014092,100
PROP-084654,100
PROP-022444,100
PROP-072485,100
PROP-087593,100
PROP-059148,100
PROP-094926,100
PROP-042945,100
PROP-091801,100
PROP-031851,100
PROP-036777,100
PROP-083759,100
PROP-029012,100
PROP-068807,100
PROP-021394,100
PROP-032197,100
PROP-038903,100
PROP-079385,100
PROP-013190,100
PROP-076307,100
PROP-099643,100
PROP-099696,100
PROP-084828,100
PROP-040031,100
PROP-029409,100
PROP-031620,100
PROP-043329,100
PROP-027398,100
PROP-000286,100
PROP-028528,100
PROP-074529,100
PROP-050951,100
PROP-015946,100
PROP-065171,100
PROP-058597,100
PROP-029140,100
PROP-053554,100
PROP-018564,100
PROP-077982,100
PROP-045413,100
PROP-048336,100
PROP-061850,100
PROP-006850,100
PROP-026784,100
PROP-053805,100
PROP-013273,100
PROP-010513,100
PROP-095288,100
PROP-001267,100
PROP-045787,100
PROP-039381,100
PROP-048356,100
PROP-003815,100
PROP-098678,100
PROP-079278,100
PROP-048981,100
PROP-078041,100
PROP-050972,100
PROP-093172,100
PROP-061408,100
PROP-057296,100
PROP-044479,100
PROP-072030,100
PROP-048778,100
PROP-085237,100
PROP-016653,100
PROP-043347,100
PROP-084714,100
PROP-009314,100
PROP-072415,100
PROP-036100,100
PROP-032735,100
PROP-099582,100
PROP-023706,100
PROP-080079,100
PROP-083924,100
PROP-022125,100
PROP-067296,100
PROP-033841,100
PROP-065170,100
PROP-004751,100
PROP-014559,100
PROP-097772,100
PROP-046974,100
PROP-078962,100
PROP-074373,100
PROP-090775,100
PROP-040385,100
PROP-060794,100
PROP-024470,100
PROP-069877,100
PROP-039037,100
PROP-070737,100
PROP-078018,100
PROP-068414,100
PROP-067417,100
PROP-073908,100
PROP-065980,100
PROP-057791,100
PROP-074980,100
PROP-027054,100
PROP-069961,100
PROP-050797,100
PROP-032336,100
PROP-006866,100
PROP-081215,100
PROP-007354,100
PROP-008675,100
PROP-067941,100
PROP-029614,100
PROP-074123,100
PROP-042315,100
PROP-011462,100
PROP-056680,100
PROP-098747,100
PROP-027288,100
PROP-058704,100
PROP-031024,100
PROP-046157,100
PROP-031105,100
PROP-090817,100
PROP-080177,100
PROP-031764,100
PROP-036561,100
PROP-095210,100
PROP-033034,100
PROP-056702,100
PROP-004432,100
PROP-032268,100
PROP-059948,100
PROP-098129,100
PROP-061656,100
PROP-085327,100
PROP-001522,100
PROP-012616,100
PROP-055852,100
PROP-028974,100
PROP-003601,100
PROP-070892,100
PROP-088332,100
PROP-070311,100
PROP-031659,100
PROP-021742,100
PROP-038254,100
PROP-056143,100
PROP-064601,100
PROP-021888,100
PROP-067313,100
PROP-034431,100
PROP-023839,100
PROP-094079,100
PROP-069795,100
PROP-065890,100
PROP-043395,100
PROP-035765,100
PROP-046981,100
PROP-075005,100
PROP-037652,100
PROP-050991,100
PROP-090074,100
PROP-037821,100
PROP-085117,100
PROP-048794,100
PROP-027579,100
PROP-026314,100
PROP-058091,100
PROP-029207,100
PROP-002181,100
PROP-082892,100
PROP-082545,100
PROP-058639,100
PROP-028294,100
PROP-059207,100
PROP-084267,100
PROP-025622,100
PROP-080551,100
PROP-046000,100
PROP-036032,100
PROP-024523,100
PROP-075685,100
PROP-017904,100
PROP-029506,100
PROP-022848,100
PROP-033028,100
PROP-071044,100
PROP-089563,100
PROP-045991,100
PROP-095222,100
PROP-032471,100
PROP-061482,100
PROP-024309,100
PROP-074167,100
PROP-054825,100
PROP-097107,100
PROP-084024,100
PROP-032018,100
PROP-037759,100
PROP-072420,100
PROP-054676,100
PROP-095153,100
PROP-020598,100
PROP-057771,100
PROP-060983,100
PROP-015097,100
PROP-079377,100
PROP-096298,100
PROP-088865,100
PROP-059802,100
PROP-006525,100
PROP-066207,100
PROP-029036,100
PROP-052530,100
PROP-007472,100
PROP-008731,100
PROP-079301,100
PROP-051037,100
PROP-041847,100
PROP-070058,100
PROP-046467,100
PROP-012635,100
PROP-021743,100
PROP-036075,100
PROP-033905,100
PROP-089948,100
PROP-006806,100
PROP-049283,100
PROP-047765,100
PROP-061721,100
PROP-064380,100
PROP-018936,100
PROP-059409,100
PROP-034046,100
PROP-068125,100
PROP-053377,100
PROP-030864,100
PROP-025141,100
PROP-085750,100
PROP-092471,100
PROP-024546,100
PROP-092408,100
PROP-041952,100
PROP-011735,100
PROP-053855,100
PROP-075841,100
PROP-041368,100
PROP-004882,100
PROP-091052,100
PROP-027445,100
PROP-080660,100
PROP-083978,100
PROP-071359,100
PROP-004057,100
PROP-084888,100
PROP-052796,100
PROP-092942,100
PROP-025593,100
PROP-092695,100
PROP-021562,100
PROP-012266,100
PROP-058019,100
PROP-008914,100
PROP-095361,100
PROP-042490,100
PROP-080106,100
PROP-034099,100
PROP-082546,100
PROP-002671,100
PROP-005331,100
PROP-035971,100
PROP-096818,100
PROP-008333,100
PROP-067910,100
PROP-004116,100
PROP-051784,100
PROP-085145,100
PROP-004635,100
PROP-029649,100
PROP-053707,100
PROP-078909,100
PROP-079034,100
PROP-004403,100
PROP-093078,100
PROP-066765,100
PROP-037010,100
PROP-059574,100
PROP-064729,100
PROP-066356,100
PROP-055187,100
PROP-075205,100
PROP-031739,100
PROP-072032,100
PROP-077879,100
PROP-031478,100
PROP-030439,100
PROP-031096,100
PROP-001036,100
PROP-057816,100
PROP-098137,100
PROP-072198,100
PROP-081603,100
PROP-006768,100
PROP-057333,100
PROP-080429,100
PROP-095022,100
PROP-006320,100
PROP-057841,100
PROP-017006,100
PROP-012540,100
PROP-006219,100
PROP-087174,100
PROP-027475,100
PROP-010232,100
PROP-070683,100
PROP-076493,100
PROP-057255,100
PROP-020584,100
PROP-034958,100
PROP-004025,100
PROP-031886,100
PROP-079995,100
PROP-091848,100
PROP-085560,100
PROP-076040,100
PROP-009662,100
PROP-028654,100
PROP-046747,100
PROP-045654,100
PROP-092927,100
PROP-024223,100
PROP-095963,100
PROP-087652,100
PROP-078719,100
PROP-048723,100
PROP-069852,100
PROP-078729,100
PROP-069103,100
PROP-060898,100
PROP-047751,100
PROP-049022,100
PROP-057281,100
PROP-091644,100
PROP-046366,100
PROP-095376,100
PROP-080836,100
PROP-048597,100
PROP-059177,100
PROP-042619,100
PROP-030529,100
PROP-039422,100
PROP-049111,100
PROP-014467,100
PROP-040569,100
PROP-098517,100
PROP-043906,100
PROP-004324,100
PROP-001465,100
PROP-054824,100
PROP-047287,100
PROP-043822,100
PROP-017677,100
PROP-076626,100
PROP-062061,100
PROP-086303,100
PROP-030805,100
PROP-017754,100
PROP-080236,100
PROP-051936,100
PROP-041444,100
PROP-032375,100
PROP-023151,100
PROP-007143,100
PROP-095178,100
PROP-065793,100
PROP-051695,100
PROP-064425,100
PROP-088501,100
PROP-001616,100
PROP-001843,100
PROP-091669,100
PROP-061756,100
PROP-091536,100
PROP-034779,100
PROP-052486,100
PROP-063388,100
PROP-001688,100
PROP-050455,100
PROP-023254,100
PROP-065487,100
PROP-044913,100
PROP-077700,100
PROP-018166,100
PROP-018967,100
PROP-005641,100
PROP-085830,100
PROP-029403,100
PROP-090323,100
PROP-080686,100
PROP-080354,100
PROP-017666,100
PROP-050545,100
PROP-056823,100
PROP-033822,100
PROP-073893,100
PROP-063253,100
PROP-064986,100
PROP-083278,100
PROP-047590,100
PROP-078169,100
PROP-033849,100
PROP-014843,100
PROP-008004,100
PROP-094878,100
PROP-023555,100
PROP-085087,100
PROP-016039,100
PROP-052049,100
PROP-052369,100
PROP-041311,100
PROP-098341,100
PROP-086330,100
PROP-027481,100
PROP-041039,100
PROP-025242,100
PROP-097874,100
PROP-072435,100
PROP-006971,100
PROP-046811,100
PROP-044290,100
PROP-064641,100
PROP-078104,100
PROP-095085,100
PROP-043686,100
PROP-077317,100
PROP-040737,100
PROP-072129,100
PROP-073347,100
PROP-002795,100
PROP-049877,100
PROP-026799,100
PROP-080689,100
PROP-064755,100
PROP-024767,100
PROP-035207,100
PROP-035303,100
PROP-081631,100
PROP-073236,100
PROP-086019,100
PROP-092882,100
PROP-030055,100
PROP-037586,100
PROP-042286,100
PROP-005846,100
PROP-010921,100
PROP-083451,100
PROP-045266,100
PROP-045361,100
PROP-085379,100
PROP-054560,100
PROP-046104,100
PROP-023026,100
PROP-093388,100
PROP-076019,100
PROP-079474,100
PROP-057993,100
PROP-087483,100
PROP-003300,100
PROP-000279,100
PROP-016669,100
PROP-065728,100
PROP-005988,100
PROP-010466,100
PROP-089209,100
PROP-034964,100
PROP-005193,100
PROP-058433,100
PROP-010480,100
PROP-068582,100
PROP-004297,100
PROP-034706,100
PROP-004816,100
PROP-025859,100
PROP-043467,100
PROP-035034,100
PROP-057268,100
PROP-083225,100
PROP-068272,100
PROP-079651,100
PROP-045116,100
PROP-061789,100
PROP-098856,100
PROP-072020,100
PROP-005387,100
PROP-050050,100
PROP-004338,100
PROP-061476,100
PROP-002613,100
PROP-064742,100
PROP-034149,100
PROP-080194,100
PROP-026408,100
PROP-086665,100
PROP-075806,100
PROP-028100,100
PROP-066266,100
PROP-035158,100
PROP-024472,100
PROP-002115,100
PROP-048886,100
PROP-017796,100
PROP-086172,100
PROP-063541,100
PROP-025295,100
PROP-061095,100
PROP-051348,100
PROP-030614,100
PROP-062411,100
PROP-088493,100
PROP-017974,100
PROP-094543,100
PROP-037551,100
PROP-055547,100
PROP-078550,100
PROP-028171,100
PROP-011881,100
PROP-060078,100
PROP-075391,100
PROP-011589,100
PROP-054585,100
PROP-072773,100
PROP-007719,100
PROP-060567,100
PROP-016260,100
PROP-066422,100
PROP-066856,100
PROP-060045,100
PROP-037481,100
PROP-066767,100
PROP-003434,100
PROP-044193,100
PROP-094649,100
PROP-067097,100
PROP-099422,100
PROP-076584,100
PROP-032429,100
PROP-081620,100
PROP-066574,100
PROP-004254,100
PROP-033625,100
PROP-097196,100
PROP-089591,100
PROP-095858,100
PROP-080816,100
PROP-051703,100
PROP-028612,100
PROP-040661,100
PROP-048057,100
PROP-029932,100
PROP-026830,100
PROP-044052,100
PROP-056022,100
PROP-081083,100
PROP-076983,100
PROP-015265,100
PROP-068107,100
PROP-057756,100
PROP-039767,100
PROP-011967,100
PROP-014580,100
PROP-076979,100
PROP-064281,100
PROP-072407,100
PROP-038481,100
PROP-096444,100
PROP-066242,100
PROP-060916,100
PROP-075339,100
PROP-098819,100
PROP-023454,100
PROP-009418,100
PROP-000939,100
PROP-026477,100
PROP-054458,100
PROP-035985,100
PROP-073659,100
PROP-046231,100
PROP-070678,100
PROP-006075,100
PROP-081010,100
PROP-013631,100
PROP-002948,100
PROP-070947,100
PROP-003336,100
PROP-053656,100
PROP-053053,100
PROP-000806,100
PROP-030135,100
PROP-059150,100
PROP-019674,100
PROP-091360,100
PROP-012522,100
PROP-089706,100
PROP-025376,100
PROP-076253,100
PROP-039161,100
PROP-065044,100
PROP-066044,100
PROP-044610,100
PROP-014861,100
PROP-004067,100
PROP-032803,100
PROP-016469,100
PROP-024313,100
PROP-093586,100
PROP-041217,100
PROP-019249,100
PROP-016348,100
PROP-033996,100
PROP-061064,100
PROP-097040,100
PROP-095590,100
PROP-061609,100
PROP-052133,100
PROP-051718,100
PROP-038728,100
PROP-067182,100
PROP-082656,100
PROP-087744,100
PROP-063415,100
PROP-022825,100
PROP-006284,100
PROP-038282,100
PROP-098337,100
PROP-024500,100
PROP-016034,100
PROP-022240,100
PROP-035233,100
PROP-087759,100
PROP-003214,100
PROP-040524,100
PROP-051847,100
PROP-028657,100
PROP-017781,100
PROP-065773,100
PROP-009430,100
PROP-005054,100
PROP-095157,100
PROP-059305,100
PROP-083523,100
PROP-003468,100
PROP-052822,100
PROP-088436,100
PROP-092390,100
PROP-093884,100
PROP-040988,100
PROP-034384,100
PROP-057273,100
PROP-095477,100
PROP-098165,100
PROP-050870,100
PROP-030064,100
PROP-018802,100
PROP-080392,100
PROP-001331,100
PROP-001594,100
PROP-004242,100
PROP-081320,100
PROP-094872,100
PROP-018856,100
PROP-074375,100
PROP-003887,100
PROP-078782,100
PROP-016621,100
PROP-041866,100
PROP-076161,100
PROP-049657,100
PROP-011191,100
PROP-003556,100
PROP-068978,100
PROP-096064,100
PROP-087677,100
PROP-049627,100
PROP-011886,100
PROP-043184,100
PROP-039467,100
PROP-053039,100
PROP-007268,100
PROP-021784,100
PROP-080460,100
PROP-050698,100
PROP-007234,100
PROP-093092,100
PROP-095342,100
PROP-081213,100
PROP-081863,100
PROP-020217,100
PROP-011515,100
PROP-018742,100
PROP-030029,100
PROP-014248,100
PROP-064853,100
PROP-016015,100
PROP-068335,100
PROP-082322,100
PROP-028918,100
PROP-030719,100
PROP-068002,100
PROP-018250,100
PROP-040389,100
PROP-081117,100
PROP-052918,100
PROP-093104,100
PROP-075134,100
PROP-083211,100
PROP-078703,100
PROP-085456,100
PROP-011285,100
PROP-078460,100
PROP-087614,100
PROP-009128,100
PROP-015310,100
PROP-054956,100
PROP-099505,100
PROP-003852,100
PROP-043463,100
PROP-066460,100
PROP-006157,100
PROP-064695,100
PROP-031700,100
PROP-072464,100
PROP-094310,100
PROP-047961,100
PROP-011687,100
PROP-068941,100
PROP-006158,100
PROP-052613,100
PROP-082029,100
PROP-077984,100
PROP-001833,100
PROP-039698,100
PROP-029486,100
PROP-083591,100
PROP-043425,100
PROP-046408,100
PROP-043300,100
PROP-053460,100
PROP-089783,100
PROP-085621,100
PROP-099796,100
PROP-070996,100
PROP-056129,100
PROP-034897,100
PROP-066663,100
PROP-090962,100
PROP-006620,100
PROP-047171,100
PROP-016009,100
PROP-015142,100
PROP-050146,100
PROP-039123,100
PROP-087434,100
PROP-098211,100
PROP-039282,100
PROP-029579,100
PROP-068312,100
PROP-087413,100
PROP-056935,100
PROP-075761,100
PROP-094547,100
PROP-082895,100
PROP-009598,100
PROP-051508,100
PROP-023621,100
PROP-068729,100
PROP-057004,100
PROP-012879,100
PROP-094463,100
PROP-069687,100
PROP-051114,100
PROP-019094,100
PROP-092631,100
PROP-013881,100
PROP-040834,100
PROP-003027,100
PROP-002662,100
PROP-022802,100
PROP-062026,100
PROP-053762,100
PROP-021933,100
PROP-039653,100
PROP-085121,100
PROP-067595,100
PROP-070105,100
PROP-048389,100
PROP-076203,100
PROP-087961,100
PROP-053773,100
PROP-016434,100
PROP-016447,100
PROP-081859,100
PROP-065114,100
PROP-009964,100
PROP-054423,100
PROP-081393,100
PROP-064934,100
PROP-059108,100
PROP-036016,100
PROP-088570,100
PROP-012027,100
PROP-064702,100
PROP-072270,100
PROP-003456,100
PROP-001941,100
PROP-071698,100
PROP-069293,100
PROP-043478,100
PROP-053858,100
PROP-074593,100
PROP-027549,100
PROP-095249,100
PROP-083481,100
PROP-058690,100
PROP-089594,100
PROP-035344,100
PROP-092901,100
PROP-092816,100
PROP-078191,100
PROP-031044,100
PROP-053404,100
PROP-087646,100
PROP-030367,100
PROP-095517,100
PROP-081144,100
PROP-095499,100
PROP-019436,100
PROP-032998,100
PROP-082371,100
PROP-054683,100
PROP-099910,100
PROP-060866,100
PROP-068052,100
PROP-077599,100
PROP-012228,100
PROP-092510,100
PROP-069221,100
PROP-029377,100
PROP-049634,100
PROP-088349,100
PROP-058232,100
PROP-006101,100
PROP-031115,100
PROP-033458,100
PROP-050490,100
PROP-057066,100
PROP-095436,100
PROP-054942,100
PROP-081506,100
PROP-028679,100
PROP-069658,100
PROP-004879,100
PROP-059523,100
PROP-085794,100
PROP-023496,100
PROP-042374,100
PROP-092626,100
PROP-061031,100
PROP-067159,100
PROP-052808,100
PROP-033459,100
PROP-095522,100
PROP-026108,100
PROP-025716,100
PROP-096763,100
PROP-083526,100
PROP-061963,100
PROP-081411,100
PROP-079237,100
PROP-036899,100
PROP-017251,100
PROP-078322,100
PROP-002160,100
PROP-054738,100
PROP-026760,100
PROP-067683,100
PROP-031160,100
PROP-080268,100
PROP-031841,100
PROP-052783,100
PROP-058958,100
PROP-033308,100
PROP-037822,100
PROP-040828,100
PROP-039024,100
PROP-086980,100
PROP-000277,100
PROP-086800,100
PROP-029356,100
PROP-037212,100
PROP-052187,100
PROP-058151,100
PROP-043875,100
PROP-024359,100
PROP-028055,100
PROP-064397,100
PROP-002110,100
PROP-098584,100
PROP-037608,100
PROP-087860,100
PROP-074740,100
PROP-079975,100
PROP-047798,100
PROP-087564,100
PROP-050308,100
PROP-078121,100
PROP-095569,100
PROP-050090,100
PROP-050717,100
PROP-014705,100
PROP-051361,100
PROP-005822,100
PROP-053560,100
PROP-046848,100
PROP-089621,100
PROP-065569,100
PROP-084259,100
PROP-063712,100
PROP-020359,100
PROP-080896,100
PROP-076620,100
PROP-004864,100
PROP-076761,100
PROP-038170,100
PROP-058085,100
PROP-029699,100
PROP-057261,100
PROP-012073,100
PROP-013949,100
PROP-070073,100
PROP-060557,100
PROP-080157,100
PROP-081729,100
PROP-024020,100
PROP-034987,100
PROP-075635,100
PROP-009731,100
PROP-070955,100
PROP-021120,100
PROP-029492,100
PROP-040782,100
PROP-054146,100
PROP-093232,100
PROP-042879,100
PROP-096058,100
PROP-021430,100
PROP-048175,100
PROP-069056,100
PROP-016878,100
PROP-046890,100
PROP-095264,100
PROP-090656,100
PROP-057620,100
PROP-050814,100
PROP-011070,100
PROP-041289,100
PROP-035751,100
PROP-083193,100
PROP-064696,100
PROP-023091,100
PROP-039172,100
PROP-080094,100
PROP-028560,100
PROP-022955,100
PROP-036624,100
PROP-005076,100
PROP-017352,100
PROP-050645,100
PROP-023163,100
PROP-016885,100
PROP-023905,100
PROP-012605,100
PROP-009188,100
PROP-021866,100
PROP-094167,100
PROP-000818,100
PROP-010059,100
PROP-099953,100
PROP-087201,100
PROP-012006,100
PROP-039778,100
PROP-075172,100
PROP-016686,100
PROP-067137,100
PROP-060837,100
PROP-040540,100
PROP-059987,100
PROP-039245,100
PROP-000726,100
PROP-090685,100
PROP-023634,100
PROP-041323,100
PROP-066842,100
PROP-099090,100
PROP-029990,100
PROP-017120,100
PROP-056146,100
PROP-036663,100
PROP-029272,100
PROP-095544,100
PROP-036787,100
PROP-018295,100
PROP-057972,100
PROP-073014,100
PROP-000729,100
PROP-010493,100
PROP-079891,100
PROP-065492,100
PROP-091765,100
PROP-072390,100
PROP-063758,100
PROP-013420,100
PROP-028509,100
PROP-092995,100
PROP-006731,100
PROP-019450,100
PROP-073541,100
PROP-066076,100
PROP-061009,100
PROP-019434,100
PROP-008954,100
PROP-008640,100
PROP-027301,100
PROP-071990,100
PROP-014642,100
PROP-054401,100
PROP-016779,100
PROP-098295,100
PROP-049719,100
PROP-014547,100
PROP-071890,100
PROP-058679,100
PROP-063686,100
PROP-000133,100
PROP-017596,100
PROP-045463,100
PROP-077718,100
PROP-006195,100
PROP-080852,100
PROP-037734,100
PROP-083325,100
PROP-038543,100
PROP-088396,100
PROP-009709,100
PROP-075558,100
PROP-057263,100
PROP-035583,100
PROP-096713,100
PROP-001345,100
PROP-030157,100
PROP-097111,100
PROP-072027,100
PROP-023503,100
PROP-042824,100
PROP-081970,100
PROP-097713,100
PROP-021788,100
PROP-076075,100
PROP-026174,100
PROP-016595,100
PROP-078675,100
PROP-066390,100
PROP-024135,100
PROP-063113,100
PROP-056349,100
PROP-021373,100
PROP-095825,100
PROP-025846,100
PROP-037410,100
PROP-059277,100
PROP-035139,100
PROP-087071,100
PROP-049018,100
PROP-091345,100
PROP-015807,100
PROP-077551,100
PROP-074497,100
PROP-040124,100
PROP-044104,100
PROP-090565,100
PROP-098155,100
PROP-095203,100
PROP-039468,100
PROP-036465,100
PROP-055869,100
PROP-077368,100
PROP-032788,100
PROP-067281,100
PROP-044133,100
PROP-095728,100
PROP-076516,100
PROP-049046,100
PROP-021231,100
PROP-062511,100
PROP-098362,100
PROP-045844,100
PROP-030387,100
PROP-032565,100
PROP-048282,100
PROP-047864,100
PROP-080248,100
PROP-045934,100
PROP-016145,100
PROP-099617,100
PROP-064125,100
PROP-051318,100
PROP-043755,100
PROP-026775,100
PROP-032132,100
PROP-097695,100
PROP-034898,100
PROP-094433,100
PROP-073967,100
PROP-024107,100
PROP-076702,100
PROP-009572,100
PROP-063200,100
PROP-000527,100
PROP-067987,100
PROP-025625,100
PROP-016903,100
PROP-031354,100
PROP-038849,100
PROP-060911,100
PROP-009943,100
PROP-086691,100
PROP-029137,100
PROP-004909,100
PROP-097512,100
PROP-033043,100
PROP-049671,100
PROP-097339,100
PROP-002930,100
PROP-058142,100
PROP-040331,100
PROP-014890,100
PROP-006753,100
PROP-007527,100
PROP-089770,100
PROP-088470,100
PROP-060440,100
PROP-013941,100
PROP-008985,100
PROP-052254,100
PROP-047656,100
PROP-070953,100
PROP-093222,100
PROP-005598,100
PROP-086289,100
PROP-083398,100
PROP-031041,100
PROP-011025,100
PROP-015955,100
PROP-006668,100
PROP-062354,100
PROP-036784,100
PROP-018865,100
PROP-074703,100
PROP-071948,100
PROP-058848,100
PROP-054021,100
PROP-082643,100
PROP-003077,100
PROP-069976,100
PROP-080415,100
PROP-082191,100
PROP-079926,100
PROP-094951,100
PROP-003287,100
PROP-067685,100
PROP-050904,100
PROP-098181,100
PROP-078060,100
PROP-026663,100
PROP-057124,100
PROP-052951,100
PROP-097230,100
PROP-001956,100
PROP-057464,100
PROP-072762,100
PROP-005533,100
PROP-037999,100
PROP-084160,100
PROP-085534,100
PROP-004914,100
PROP-007699,100
PROP-005937,100
PROP-011563,100
PROP-057698,100
PROP-083336,100
PROP-059929,100
PROP-015615,100
PROP-016091,100
PROP-088313,100
PROP-012914,100
PROP-033378,100
PROP-024699,100
PROP-010690,100
PROP-033133,100
PROP-002711,100
PROP-077842,100
PROP-019300,100
PROP-052462,100
PROP-094719,100
PROP-089295,100
PROP-005438,100
PROP-011229,100
PROP-097403,100
PROP-093746,100
PROP-090734,100
PROP-010286,100
PROP-029293,100
PROP-089110,100
PROP-071866,100
PROP-084063,100
PROP-013071,100
PROP-085850,100
PROP-057461,100
PROP-097642,100
PROP-039596,100
PROP-013972,100
PROP-032010,100
PROP-076848,100
PROP-036275,100
PROP-032214,100
PROP-071683,100
PROP-035636,100
PROP-017073,100
PROP-034133,100
PROP-031450,100
PROP-011008,100
PROP-018241,100
PROP-001467,100
PROP-054093,100
PROP-081913,100
PROP-021108,100
PROP-005233,100
PROP-055277,100
PROP-020876,100
PROP-044513,100
PROP-037790,100
PROP-034374,100
PROP-012755,100
PROP-062990,100
PROP-020358,100
PROP-042451,100
PROP-062014,100
PROP-093848,100
PROP-014094,100
PROP-045941,100
PROP-000948,100
PROP-093621,100
PROP-076513,100
PROP-052390,100
PROP-009822,100
PROP-044679,100
PROP-014922,100
PROP-022984,100
PROP-049960,100
PROP-080290,100
PROP-032030,100
PROP-004080,100
PROP-027431,100
PROP-092603,100
PROP-099680,100
PROP-055674,100
PROP-017265,100
PROP-044600,100
PROP-014143,100
PROP-025390,100
PROP-076416,100
PROP-092522,100
PROP-065407,100
PROP-031768,100
PROP-024081,100
PROP-059799,100
PROP-061442,100
PROP-011316,100
PROP-021353,100
PROP-090766,100
PROP-002958,100
PROP-002608,100
PROP-014222,100
PROP-049034,100
PROP-060506,100
PROP-005687,100
PROP-069520,100
PROP-088462,100
PROP-077788,100
PROP-041449,100
PROP-018687,100
PROP-069451,100
PROP-079707,100
PROP-031377,100
PROP-060316,100
PROP-067825,100
PROP-096490,100
PROP-051844,100
PROP-099231,100
PROP-005400,100
PROP-025939,100
PROP-081521,100
PROP-039876,100
PROP-026898,100
PROP-098368,100
PROP-008260,100
PROP-012901,100
PROP-007905,100
PROP-010573,100
PROP-092970,100
PROP-097342,100
PROP-065905,100
PROP-008307,100
PROP-047826,100
PROP-089179,100
PROP-031070,100
PROP-047639,100
PROP-083250,100
PROP-039005,100
PROP-042485,100
PROP-039458,100
PROP-018158,100
PROP-050389,100
PROP-090428,100
PROP-071664,100
PROP-061074,100
PROP-037677,100
PROP-090348,100
PROP-096967,100
PROP-090619,100
PROP-028832,100
PROP-050478,100
PROP-086943,100
PROP-016018,100
PROP-017813,100
PROP-044136,100
PROP-009904,100
PROP-056162,100
PROP-047400,100
PROP-014546,100
PROP-097108,100
PROP-002256,100
PROP-030804,100
PROP-001715,100
PROP-028103,100
PROP-039890,100
PROP-032544,100
PROP-049357,100
PROP-027115,100
PROP-003784,100
PROP-057936,100
PROP-022473,100
PROP-014153,100
PROP-065259,100
PROP-071618,100
PROP-097078,100
PROP-023721,100
PROP-018346,100
PROP-052917,100
PROP-087735,100
PROP-004261,100
PROP-030424,100
PROP-056449,100
PROP-095281,100
PROP-036074,100
PROP-080348,100
PROP-064807,100
PROP-065348,100
PROP-013922,100
PROP-061447,100
PROP-065840,100
PROP-034171,100
PROP-037416,100
PROP-044172,100
PROP-037616,100
PROP-018946,100
PROP-081251,100
PROP-093692,100
PROP-006821,100
PROP-082365,100
PROP-064158,100
PROP-068683,100
PROP-086844,100
PROP-095370,100
PROP-092935,100
PROP-029873,100
PROP-076533,100
PROP-047640,100
PROP-011158,100
PROP-094584,100
PROP-002494,100
PROP-089374,100
PROP-038221,100
PROP-017136,100
PROP-076887,100
PROP-018956,100
PROP-054864,100
PROP-067752,100
PROP-013897,100
PROP-074944,100
PROP-021329,100
PROP-040568,100
PROP-035535,100
PROP-087026,100
PROP-082570,100
PROP-095241,100
PROP-035108,100
PROP-033900,100
PROP-008403,100
PROP-082791,100
PROP-088494,100
PROP-029172,100
PROP-037408,100
PROP-038459,100
PROP-060580,100
PROP-088390,100
PROP-076744,100
PROP-046694,100
PROP-099367,100
PROP-039895,100
PROP-097909,100
PROP-076791,100
PROP-007344,100
PROP-083711,100
PROP-066678,100
PROP-093271,100
PROP-074271,100
PROP-009760,100
PROP-074391,100
PROP-080349,100
PROP-019810,100
PROP-072111,100
PROP-038693,100
PROP-084607,100
PROP-027273,100
PROP-089729,100
PROP-074421,100
PROP-034651,100
PROP-060155,100
PROP-060151,100
PROP-038250,100
PROP-009523,100
PROP-052838,100
PROP-040535,100
PROP-032890,100
PROP-030522,100
PROP-070736,100
PROP-052059,100
PROP-000137,100
PROP-023711,100
PROP-000893,100
PROP-080225,100
PROP-062835,100
PROP-014520,100
PROP-057126,100
PROP-007146,100
PROP-001040,100
PROP-047969,100
PROP-003097,100
PROP-004897,100
PROP-065647,100
PROP-024982,100
PROP-082202,100
PROP-064808,100
PROP-073790,100
PROP-091528,100
PROP-042337,100
PROP-023542,100
PROP-031151,100
PROP-037763,100
PROP-055549,100
PROP-023479,100
PROP-072907,100
PROP-070464,100
PROP-023344,100
PROP-052055,100
PROP-093220,100
PROP-092220,100
PROP-091039,100
PROP-084228,100
PROP-057815,100
PROP-016526,100
PROP-025137,100
PROP-011370,100
PROP-006092,100
PROP-085837,100
PROP-015642,100
PROP-051619,100
PROP-082438,100
PROP-035706,100
PROP-055838,100
PROP-048822,100
PROP-098255,100
PROP-051395,100
PROP-079108,100
PROP-015439,100
PROP-046129,100
PROP-096567,100
PROP-046325,100
PROP-066833,100
PROP-060742,100
PROP-020263,100
PROP-009149,100
PROP-013350,100
PROP-000204,100
PROP-059832,100
PROP-018139,100
PROP-078248,100
PROP-079673,100
PROP-084339,100
PROP-062111,100
PROP-091769,100
PROP-080697,100
PROP-005183,100
PROP-073937,100
PROP-088559,100
PROP-045752,100
PROP-043375,100
PROP-074401,100
PROP-042665,100
PROP-069739,100
PROP-037672,100
PROP-007516,100
PROP-060717,100
PROP-072972,100
PROP-004971,100
PROP-066400,100
PROP-064487,100
PROP-019941,100
PROP-009614,100
PROP-059127,100
PROP-006615,100
PROP-017342,100
PROP-058893,100
PROP-052525,100
PROP-045528,100
PROP-009464,100
PROP-000780,100
PROP-068010,100
PROP-075984,100
PROP-009878,100
PROP-051557,100
PROP-024643,100
PROP-031524,100
PROP-068179,100
PROP-023458,100
PROP-048639,100
PROP-007873,100
PROP-031306,100
PROP-032286,100
PROP-038389,100
PROP-075515,100
PROP-016057,100
PROP-089344,100
PROP-050673,100
PROP-092871,100
PROP-056639,100
PROP-010692,100
PROP-094515,100
PROP-066674,100
PROP-067391,100
PROP-047270,100
PROP-049717,100
PROP-010111,100
PROP-020368,100
PROP-059751,100
PROP-024420,100
PROP-044629,100
PROP-004853,100
PROP-052665,100
PROP-025089,100
PROP-075256,100
PROP-027111,100
PROP-009777,100
PROP-049293,100
PROP-094254,100
PROP-047453,100
PROP-033167,100
PROP-012183,100
PROP-065693,100
PROP-050194,100
PROP-068329,100
PROP-017280,100
PROP-002690,100
PROP-018634,100
PROP-094563,100
PROP-007887,100
PROP-062988,100
PROP-045628,100
PROP-029408,100
PROP-070524,100
PROP-005219,100
PROP-060576,100
PROP-000920,100
PROP-097083,100
PROP-005029,100
PROP-039962,100
PROP-093784,100
PROP-082597,100
PROP-068739,100
PROP-014005,100
PROP-032256,100
PROP-038974,100
PROP-087717,100
PROP-012224,100
PROP-066861,100
PROP-013727,100
PROP-018373,100
PROP-093141,100
PROP-062647,100
PROP-015566,100
PROP-065916,100
PROP-010394,100
PROP-006529,100
PROP-021968,100
PROP-095018,100
PROP-074322,100
PROP-093501,100
PROP-039133,100
PROP-042626,100
PROP-008096,100
PROP-054541,100
PROP-089552,100
PROP-076410,100
PROP-015540,100
PROP-021656,100
PROP-067358,100
PROP-088909,100
PROP-014961,100
PROP-032901,100
PROP-012464,100
PROP-012383,100
PROP-054420,100
PROP-048331,100
PROP-042690,100
PROP-066576,100
PROP-084036,100
PROP-061066,100
PROP-040701,100
PROP-047824,100
PROP-061253,100
PROP-018265,100
PROP-046261,100
PROP-041844,100
PROP-072491,100
PROP-016133,100
PROP-047308,100
PROP-074079,100
PROP-071509,100
PROP-009916,100
PROP-030701,100
PROP-073846,100
PROP-042421,100
PROP-050203,100
PROP-030000,100
PROP-020886,100
PROP-069957,100
PROP-078823,100
PROP-049005,100
PROP-092866,100
PROP-058394,100
PROP-040820,100
PROP-064318,100
PROP-077396,100
PROP-078620,100
PROP-045564,100
PROP-029087,100
PROP-090921,100
PROP-036760,100
PROP-021116,100
PROP-005374,100
PROP-089678,100
PROP-021534,100
PROP-095212,100
PROP-042554,100
PROP-023139,100
PROP-071867,100
PROP-002475,100
PROP-016030,100
PROP-056631,100
PROP-065372,100
PROP-087721,100
PROP-087816,100
PROP-040288,100
PROP-089107,100
PROP-025406,100
PROP-022358,100
PROP-005273,100
PROP-067311,100
PROP-037203,100
PROP-034977,100
PROP-074305,100
PROP-012154,100
PROP-024344,100
PROP-074177,100
PROP-021082,100
PROP-050459,100
PROP-021019,100
PROP-032523,100
PROP-094019,100
PROP-069434,100
PROP-067908,100
PROP-074881,100
PROP-072113,100
PROP-063119,100
PROP-007980,100
PROP-055161,100
PROP-074487,100
PROP-054231,100
PROP-073481,100
PROP-054656,100
PROP-049237,100
PROP-066307,100
PROP-072634,100
PROP-074800,100
PROP-017363,100
PROP-097731,100
PROP-012531,100
PROP-014342,100
PROP-052058,100
PROP-046666,100
PROP-078140,100
PROP-005270,100
PROP-060757,100
PROP-086614,100
PROP-068551,100
PROP-006278,100
PROP-004069,100
PROP-062430,100
PROP-097544,100
PROP-042035,100
PROP-006031,100
PROP-007485,100
PROP-063258,100
PROP-040339,100
PROP-019564,100
PROP-089941,100
PROP-092373,100
PROP-098080,100
PROP-068730,100
PROP-004731,100
PROP-044672,100
PROP-023655,100
PROP-069532,100
PROP-012482,100
PROP-068223,100
PROP-048884,100
PROP-090059,100
PROP-053504,100
PROP-079014,100
PROP-075078,100
PROP-015509,100
PROP-021338,100
PROP-038445,100
PROP-040838,100
PROP-023768,100
PROP-026541,100
PROP-079334,100
PROP-037853,100
PROP-049374,100
PROP-005994,100
PROP-004590,100
PROP-004202,100
PROP-008520,100
PROP-046202,100
PROP-053293,100
PROP-088469,100
PROP-014167,100
PROP-072382,100
PROP-091879,100
PROP-021710,100
PROP-028246,100
PROP-006323,100
PROP-080624,100
PROP-078767,100
PROP-004427,100
PROP-007053,100
PROP-069274,100
PROP-010528,100
PROP-071317,100
PROP-076871,100
PROP-065669,100
PROP-083031,100
PROP-065608,100
PROP-073041,100
PROP-033727,100
PROP-045282,100
PROP-073203,100
PROP-043378,100
PROP-074547,100
PROP-029134,100
PROP-058095,100
PROP-001463,100
PROP-033073,100
PROP-050150,100
PROP-017028,100
PROP-033743,100
PROP-018715,100
PROP-044303,100
PROP-063057,100
PROP-080571,100
PROP-076882,100
PROP-007406,100
PROP-032157,100
PROP-042526,100
PROP-040169,100
PROP-024710,100
PROP-074334,100
PROP-001323,100
PROP-069438,100
PROP-036851,100
PROP-009843,100
PROP-077735,100
PROP-004219,100
PROP-088612,100
PROP-013115,100
PROP-055246,100
PROP-099487,100
PROP-041743,100
PROP-084080,100
PROP-036281,100
PROP-097818,100
PROP-080376,100
PROP-021938,100
PROP-023856,100
PROP-047511,100
PROP-037339,100
PROP-082626,100
PROP-043638,100
PROP-048171,100
PROP-025145,100
PROP-069555,100
PROP-064956,100
PROP-057135,100
PROP-095360,100
PROP-040257,100
PROP-090090,100
PROP-075678,100
PROP-010422,100
PROP-082852,100
PROP-093239,100
PROP-071687,100
PROP-090150,100
PROP-023690,100
PROP-048398,100
PROP-004467,100
PROP-016275,100
PROP-067856,100
PROP-087627,100
PROP-004686,100
PROP-021078,100
PROP-074754,100
PROP-071719,100
PROP-051987,100
PROP-002083,100
PROP-054350,100
PROP-069725,100
PROP-021326,100
PROP-087404,100
PROP-024781,100
PROP-018470,100
PROP-007263,100
PROP-088743,100
PROP-093762,100
PROP-091655,100
PROP-034961,100
PROP-046921,100
PROP-097357,100
PROP-016782,100
PROP-085974,100
PROP-063124,100
PROP-048749,100
PROP-034183,100
PROP-083507,100
PROP-027576,100
PROP-055577,100
PROP-051749,100
PROP-096288,100
PROP-091040,100
PROP-082391,100
PROP-052322,100
PROP-092369,100
PROP-040303,100
PROP-005321,100
PROP-018297,100
PROP-067129,100
PROP-089028,100
PROP-074094,100
PROP-065910,100
PROP-073995,100
PROP-088691,100
PROP-087197,100
PROP-010150,100
PROP-008875,100
PROP-078420,100
PROP-038129,100
PROP-011179,100
PROP-041523,100
PROP-094062,100
PROP-077798,100
PROP-086650,100
PROP-012014,100
PROP-043138,100
PROP-012473,100
PROP-034719,100
PROP-073359,100
PROP-093929,100
PROP-095391,100
PROP-032678,100
PROP-059729,100
PROP-091021,100
PROP-097704,100
PROP-091077,100
PROP-052578,100
PROP-022926,100
PROP-023000,100
PROP-013410,100
PROP-033158,100
PROP-021225,100
PROP-079913,100
PROP-088380,100
PROP-098325,100
PROP-094053,100
PROP-099338,100
PROP-093640,100
PROP-070910,100
PROP-000877,100
PROP-072258,100
PROP-012959,100
PROP-000088,100
PROP-026979,100
PROP-023598,100
PROP-097804,100
PROP-053568,100
PROP-073085,100
PROP-041731,100
PROP-089413,100
PROP-016559,100
PROP-093393,100
PROP-014206,100
PROP-099846,100
PROP-028594,100
PROP-050780,100
PROP-005063,100
PROP-069383,100
PROP-082499,100
PROP-068283,100
PROP-030672,100
PROP-061480,100
PROP-076251,100
PROP-050945,100
PROP-050113,100
PROP-083778,100
PROP-014605,100
PROP-000703,100
PROP-027408,100
PROP-084128,100
PROP-023480,100
PROP-032071,100
PROP-020247,100
PROP-057120,100
PROP-077965,100
PROP-082927,100
PROP-059906,100
PROP-023885,100
PROP-013536,100
PROP-087892,100
PROP-019598,100
PROP-049442,100
PROP-007425,100
PROP-060889,100
PROP-053408,100
PROP-020780,100
PROP-055874,100
PROP-054220,100
PROP-044496,100
PROP-070357,100
PROP-078587,100
PROP-019154,100
PROP-094164,100
PROP-079234,100
PROP-054600,100
PROP-071952,100
PROP-066967,100
PROP-060708,100
PROP-039583,100
PROP-043199,100
PROP-025224,100
PROP-016333,100
PROP-028500,100
PROP-072367,100
PROP-064894,100
PROP-042038,100
PROP-049980,100
PROP-026013,100
PROP-064240,100
PROP-045781,100
PROP-051560,100
PROP-087057,100
PROP-052327,100
PROP-006802,100
PROP-029894,100
PROP-077468,100
PROP-061229,100
PROP-071108,100
PROP-051240,100
PROP-023371,100
PROP-076976,100
PROP-017027,100
PROP-023620,100
PROP-097270,100
PROP-080978,100
PROP-089802,100
PROP-011724,100
PROP-035559,100
PROP-095606,100
PROP-079743,100
PROP-037216,100
PROP-064579,100
PROP-064621,100
PROP-053723,100
PROP-072437,100
PROP-058208,100
PROP-059081,100
PROP-074819,100
PROP-096133,100
PROP-055872,100
PROP-095581,100
PROP-021520,100
PROP-049898,100
PROP-092054,100
PROP-002088,100
PROP-022160,100
PROP-093123,100
PROP-015066,100
PROP-013823,100
PROP-007336,100
PROP-049930,100
PROP-060106,100
PROP-003503,100
PROP-007070,100
PROP-010728,100
PROP-093466,100
PROP-084474,100
PROP-019053,100
PROP-040978,100
PROP-088189,100
PROP-030656,100
PROP-094834,100
PROP-066355,100
PROP-033891,100
PROP-092460,100
PROP-083023,100
PROP-009958,100
PROP-079463,100
PROP-081926,100
PROP-000915,100
PROP-036171,100
PROP-034513,100
PROP-044965,100
PROP-002955,100
PROP-031745,100
PROP-029241,100
PROP-011710,100
PROP-004898,100
PROP-060487,100
PROP-024846,100
PROP-028757,100
PROP-046378,100
PROP-054263,100
PROP-074182,100
PROP-068226,100
PROP-073667,100
PROP-059939,100
PROP-054808,100
PROP-073098,100
PROP-083962,100
PROP-050775,100
PROP-033682,100
PROP-092754,100
PROP-051584,100
PROP-084012,100
PROP-084778,100
PROP-008587,100
PROP-068212,100
PROP-045799,100
PROP-057234,100
PROP-099644,100
PROP-027586,100
PROP-071534,100
PROP-073307,100
PROP-074121,100
PROP-046159,100
PROP-039413,100
PROP-078859,100
PROP-018790,100
PROP-012169,100
PROP-059661,100
PROP-044638,100
PROP-003298,100
PROP-067575,100
PROP-022896,100
PROP-013601,100
PROP-033037,100
PROP-009263,100
PROP-008722,100
PROP-062310,100
PROP-069048,100
PROP-037363,100
PROP-078480,100
PROP-074570,100
PROP-067049,100
PROP-094441,100
PROP-085638,100
PROP-055878,100
PROP-090285,100
PROP-025956,100
PROP-016435,100
PROP-026290,100
PROP-071201,100
PROP-066183,100
PROP-080755,100
PROP-026591,100
PROP-010729,100
PROP-083350,100
PROP-025234,100
PROP-061303,100
PROP-018643,100
PROP-019315,100
PROP-099850,100
PROP-073823,100
PROP-023624,100
PROP-091408,100
PROP-010062,100
PROP-094734,100
PROP-053527,100
PROP-028273,100
PROP-015961,100
PROP-005972,100
PROP-078479,100
PROP-052739,100
PROP-080242,100
PROP-037777,100
PROP-074666,100
PROP-005422,100
PROP-083638,100
PROP-032133,100
PROP-032143,100
PROP-095664,100
PROP-047111,100
PROP-054689,100
PROP-049732,100
PROP-097946,100
PROP-045356,100
PROP-027021,100
PROP-065368,100
PROP-091736,100
PROP-008864,100
PROP-076721,100
PROP-034839,100
PROP-001002,100
PROP-001731,100
PROP-079718,100
PROP-002587,100
PROP-084487,100
PROP-045111,100
PROP-043113,100
PROP-059681,100
PROP-030975,100
PROP-032799,100
PROP-013090,100
PROP-093610,100
PROP-032053,100
PROP-051797,100
PROP-045492,100
PROP-064658,100
PROP-076694,100
PROP-059005,100
PROP-024851,100
PROP-009467,100
PROP-042870,100
PROP-050515,100
PROP-036505,100
PROP-081495,100
PROP-047430,100
PROP-029610,100
PROP-014314,100
PROP-013360,100
PROP-008250,100
PROP-056995,100
PROP-017467,100
PROP-031143,100
PROP-049481,100
PROP-056749,100
PROP-026456,100
PROP-092000,100
PROP-055153,100
PROP-042692,100
PROP-020314,100
PROP-063690,100
PROP-037058,100
PROP-076342,100
PROP-034500,100
PROP-031613,100
PROP-073676,100
PROP-017408,100
PROP-017703,100
PROP-068170,100
PROP-039199,100
PROP-015925,100
PROP-092800,100
PROP-078495,100
PROP-012050,100
PROP-017732,100
PROP-056564,100
PROP-063167,100
PROP-048116,100
PROP-020971,100
PROP-002546,100
PROP-010147,100
PROP-078791,100
PROP-003019,100
PROP-007198,100
PROP-020192,100
PROP-042276,100
PROP-059816,100
PROP-054809,100
PROP-099126,100
PROP-033023,100
PROP-073360,100
PROP-064368,100
PROP-068228,100
PROP-016270,100
PROP-066757,100
PROP-092720,100
PROP-045392,100
PROP-092112,100
PROP-077222,100
PROP-003274,100
PROP-003134,100
PROP-017555,100
PROP-000924,100
PROP-009062,100
PROP-017009,100
PROP-036117,100
PROP-028796,100
PROP-010223,100
PROP-004356,100
PROP-088992,100
PROP-059198,100
PROP-056562,100
PROP-064629,100
PROP-071166,100
PROP-058894,100
PROP-048851,100
PROP-081471,100
PROP-064728,100
PROP-060349,100
PROP-070613,100
PROP-019731,100
PROP-058017,100
PROP-069695,100
PROP-022726,100
PROP-029991,100
PROP-031302,100
PROP-098936,100
PROP-081939,100
PROP-052521,100
PROP-059855,100
PROP-021694,100
PROP-085840,100
PROP-028850,100
PROP-098506,100
PROP-039250,100
PROP-038765,100
PROP-027086,100
PROP-038884,100
PROP-097623,100
PROP-075075,100
PROP-007228,100
PROP-013512,100
PROP-071048,100
PROP-043493,100
PROP-047860,100
PROP-033645,100
PROP-062719,100
PROP-040740,100
PROP-025157,100
PROP-001218,100
PROP-019431,100
PROP-045605,100
PROP-064186,100
PROP-079639,100
PROP-010768,100
PROP-007798,100
PROP-005630,100
PROP-094856,100
PROP-083688,100
PROP-042568,100
PROP-039498,100
PROP-085994,100
PROP-081763,100
PROP-018259,100
PROP-057058,100
PROP-056194,100
PROP-092988,100
PROP-058758,100
PROP-066019,100
PROP-000535,100
PROP-002609,100
PROP-090120,100
PROP-012419,100
PROP-057193,100
PROP-097330,100
PROP-038078,100
PROP-000743,100
PROP-052197,100
PROP-046720,100
PROP-049097,100
PROP-064040,100
PROP-035619,100
PROP-031283,100
PROP-085505,100
PROP-064669,100
PROP-053433,100
PROP-090770,100
PROP-009058,100
PROP-097278,100
PROP-008443,100
PROP-087784,100
PROP-041396,100
PROP-072916,100
PROP-045660,100
PROP-043376,100
PROP-033561,100
PROP-008439,100
PROP-018142,100
PROP-086299,100
PROP-051213,100
PROP-008775,100
PROP-076866,100
PROP-052799,100
PROP-091658,100
PROP-068371,100
PROP-023642,100
PROP-058274,100
PROP-007727,100
PROP-061410,100
PROP-042632,100
PROP-007917,100
PROP-047563,100
PROP-094088,100
PROP-072545,100
PROP-089336,100
PROP-095073,100
PROP-065295,100
PROP-088492,100
PROP-044287,100
PROP-076965,100
PROP-010991,100
PROP-051748,100
PROP-061248,100
PROP-097867,100
PROP-000257,100
PROP-078980,100
PROP-029772,100
PROP-017359,100
PROP-017209,100
PROP-059470,100
PROP-064854,100
PROP-008376,100
PROP-050132,100
PROP-056074,100
PROP-042328,100
PROP-080664,100
PROP-087255,100
PROP-004509,100
PROP-087921,100
PROP-075966,100
PROP-003257,100
PROP-014156,100
PROP-051615,100
PROP-012158,100
PROP-032013,100
PROP-021783,100
PROP-045689,100
PROP-090584,100
PROP-071922,100
PROP-077400,100
PROP-005551,100
PROP-068991,100
PROP-008607,100
PROP-021972,100
PROP-098754,100
PROP-061111,100
PROP-049014,100
PROP-057356,100
PROP-092031,100
PROP-015856,100
PROP-087019,100
PROP-060187,100
PROP-037723,100
PROP-040609,100
PROP-004773,100
PROP-030706,100
PROP-040180,100
PROP-051335,100
PROP-035974,100
PROP-005363,100
PROP-071882,100
PROP-085981,100
PROP-053830,100
PROP-016846,100
PROP-035277,100
PROP-098326,100
PROP-009870,100
PROP-070166,100
PROP-096450,100
PROP-043854,100
PROP-085978,100
PROP-092807,100
PROP-018023,100
PROP-087612,100
PROP-053280,100
PROP-060375,100
PROP-037274,100
PROP-023260,100
PROP-033603,100
PROP-007338,100
PROP-062722,100
PROP-031923,100
PROP-016136,100
PROP-086432,100
PROP-035276,100
PROP-089382,100
PROP-061814,100
PROP-007751,100
PROP-042989,100
PROP-098042,100
PROP-072709,100
PROP-056369,100
PROP-093228,100
PROP-065815,100
PROP-076118,100
PROP-043692,100
PROP-000917,100
PROP-025769,100
PROP-089548,100
PROP-074009,100
PROP-018673,100
PROP-008266,100
PROP-002669,100
PROP-091527,100
PROP-081113,100
PROP-067643,100
PROP-085546,100
PROP-019458,100
PROP-015635,100
PROP-057660,100
PROP-024439,100
PROP-062232,100
PROP-072986,100
PROP-014010,100
PROP-092830,100
PROP-009438,100
PROP-007716,100
PROP-004965,100
PROP-057099,100
PROP-000967,100
PROP-013968,100
PROP-060577,100
PROP-058798,100
PROP-081608,100
PROP-079353,100
PROP-083343,100
PROP-034359,100
PROP-022025,100
PROP-087218,100
PROP-084799,100
PROP-093815,100
PROP-020177,100
PROP-030198,100
PROP-078979,100
PROP-098144,100
PROP-084454,100
PROP-087654,100
PROP-075466,100
PROP-093747,100
PROP-093121,100
PROP-004105,100
PROP-045774,100
PROP-089846,100
PROP-031651,100
PROP-049459,100
PROP-059253,100
PROP-050825,100
PROP-050412,100
PROP-003679,100
PROP-074882,100
PROP-075349,100
PROP-046813,100
PROP-087707,100
PROP-073909,100
PROP-008984,100
PROP-026776,100
PROP-005241,100
PROP-072276,100
PROP-024210,100
PROP-013227,100
PROP-087872,100
PROP-044447,100
PROP-099988,100
PROP-039922,100
PROP-013834,100
PROP-026961,100
PROP-011374,100
PROP-077816,100
PROP-006040,100
PROP-023933,100
PROP-010607,100
PROP-076514,100
PROP-051040,100
PROP-053705,100
PROP-071988,100
PROP-082339,100
PROP-097084,100
PROP-077425,100
PROP-094904,100
PROP-058146,100
PROP-049905,100
PROP-014045,100
PROP-004307,100
PROP-083377,100
PROP-003208,100
PROP-047749,100
PROP-000402,100
PROP-042239,100
PROP-008385,100
PROP-073612,100
PROP-020556,100
PROP-053704,100
PROP-079054,100
PROP-032973,100
PROP-049320,100
PROP-072252,100
PROP-083413,100
PROP-050215,100
PROP-005836,100
PROP-054548,100
PROP-010250,100
PROP-048481,100
PROP-025818,100
PROP-029666,100
PROP-010758,100
PROP-081237,100
PROP-027789,100
PROP-038518,100
PROP-075013,100
PROP-062053,100
PROP-079996,100
PROP-014322,100
PROP-055756,100
PROP-002559,100
PROP-081263,100
PROP-091215,100
PROP-037425,100
PROP-062031,100
PROP-069222,100
PROP-069735,100
PROP-031702,100
PROP-043225,100
PROP-079101,100
PROP-013267,100
PROP-070494,100
PROP-055376,100
PROP-034160,100
PROP-047868,100
PROP-084446,100
PROP-072813,100
PROP-069195,100
PROP-063954,100
PROP-013253,100
PROP-009470,100
PROP-019796,100
PROP-028409,100
PROP-080651,100
PROP-080282,100
PROP-096491,100
PROP-041900,100
PROP-054819,100
PROP-080040,100
PROP-043614,100
PROP-098668,100
PROP-025684,100
PROP-041986,100
PROP-037249,100
PROP-025654,100
PROP-072901,100
PROP-045397,100
PROP-092984,100
PROP-007597,100
PROP-067301,100
PROP-049265,100
PROP-076324,100
PROP-096661,100
PROP-072477,100
PROP-064952,100
PROP-043726,100
PROP-005384,100
PROP-051929,100
PROP-017741,100
PROP-046110,100
PROP-049384,100
PROP-040171,100
PROP-053342,100
PROP-086875,100
PROP-079480,100
PROP-060121,100
PROP-045555,100
PROP-066641,100
PROP-056231,100
PROP-047282,100
PROP-050588,100
PROP-071858,100
PROP-022837,100
PROP-077391,100
PROP-021787,100
PROP-003627,100
PROP-024904,100
PROP-024184,100
PROP-021697,100
PROP-080793,100
PROP-008160,100
PROP-039587,100
PROP-060184,100
PROP-088825,100
PROP-051057,100
PROP-080594,100
PROP-035631,100
PROP-094548,100
PROP-076571,100
PROP-014003,100
PROP-096136,100
PROP-098519,100
PROP-079345,100
PROP-010920,100
PROP-018392,100
PROP-014570,100
PROP-043453,100
PROP-056879,100
PROP-035254,100
PROP-024029,100
PROP-041933,100
PROP-019531,100
PROP-068169,100
PROP-082302,100
PROP-026722,100
PROP-076894,100
PROP-003935,100
PROP-078873,100
PROP-029565,100
PROP-054273,100
PROP-029667,100
PROP-069189,100
PROP-002983,100
PROP-022153,100
PROP-095804,100
PROP-008049,100
PROP-088835,100
PROP-020648,100
PROP-042785,100
PROP-044102,100
PROP-081379,100
PROP-034047,100
PROP-042359,100
PROP-015095,100
PROP-057531,100
PROP-028408,100
PROP-096379,100
PROP-059288,100
PROP-011251,100
PROP-039831,100
PROP-006588,100
PROP-001114,100
PROP-099360,100
PROP-043341,100
PROP-087286,100
PROP-086000,100
PROP-030537,100
PROP-001415,100
PROP-000474,100
PROP-096758,100
PROP-004672,100
PROP-028402,100
PROP-064022,100
PROP-092453,100
PROP-008869,100
PROP-075929,100
PROP-007621,100
PROP-001379,100
PROP-055904,100
PROP-094642,100
PROP-093769,100
PROP-027529,100
PROP-010418,100
PROP-021350,100
PROP-070038,100
PROP-056447,100
PROP-002078,100
PROP-028093,100
PROP-078427,100
PROP-075200,100
PROP-066164,100
PROP-025284,100
PROP-060234,100
PROP-089033,100
PROP-008593,100
PROP-090523,100
PROP-009591,100
PROP-063584,100
PROP-089739,100
PROP-024285,100
PROP-077742,100
PROP-040080,100
PROP-072962,100
PROP-061916,100
PROP-071897,100
PROP-092801,100
PROP-077333,100
PROP-027241,100
PROP-045903,100
PROP-072241,100
PROP-046857,100
PROP-099685,100
PROP-013270,100
PROP-086587,100
PROP-059019,100
PROP-078410,100
PROP-046418,100
PROP-095221,100
PROP-037934,100
PROP-017346,100
PROP-084535,100
PROP-089123,100
PROP-052575,100
PROP-092186,100
PROP-074003,100
PROP-025923,100
PROP-073049,100
PROP-028278,100
PROP-074971,100
PROP-038954,100
PROP-004759,100
PROP-086258,100
PROP-038701,100
PROP-092060,100
PROP-007811,100
PROP-096506,100
PROP-059518,100
PROP-034909,100
PROP-012560,100
PROP-072311,100
PROP-078900,100
PROP-040891,100
PROP-061907,100
PROP-017654,100
PROP-019871,100
PROP-083617,100
PROP-051194,100
PROP-023529,100
PROP-068518,100
PROP-038299,100
PROP-004611,100
PROP-067187,100
PROP-059378,100
PROP-009374,100
PROP-050426,100
PROP-065380,100
PROP-032363,100
PROP-022224,100
PROP-015096,100
PROP-051347,100
PROP-019318,100
PROP-063864,100
PROP-018910,100
PROP-065020,100
PROP-090145,100
PROP-030209,100
PROP-014411,100
PROP-057738,100
PROP-097388,100
PROP-089655,100
PROP-049391,100
PROP-086298,100
PROP-055670,100
PROP-059261,100
PROP-063232,100
PROP-039465,100
PROP-010327,100
PROP-083378,100
PROP-085045,100
PROP-027178,100
PROP-033238,100
PROP-037631,100
PROP-089818,100
PROP-098888,100
PROP-084314,100
PROP-034460,100
PROP-034703,100
PROP-027856,100
PROP-082756,100
PROP-088310,100
PROP-043715,100
PROP-068818,100
PROP-077806,100
PROP-052679,100
PROP-032456,100
PROP-094918,100
PROP-038176,100
PROP-047484,100
PROP-073411,100
PROP-053918,100
PROP-007990,100
PROP-020661,100
PROP-069352,100
PROP-060746,100
PROP-033833,100
PROP-012796,100
PROP-004046,100
PROP-048545,100
PROP-002324,100
PROP-063466,100
PROP-086590,100
PROP-015291,100
PROP-044167,100
PROP-066731,100
PROP-039702,100
PROP-037990,100
PROP-056200,100
PROP-078746,100
PROP-020541,100
PROP-058289,100
PROP-076305,100
PROP-006555,100
PROP-021901,100
PROP-052123,100
PROP-090677,100
PROP-080288,100
PROP-034657,100
PROP-062898,100
PROP-061125,100
PROP-055392,100
PROP-056511,100
PROP-031721,100
PROP-033426,100
PROP-081435,100
PROP-004198,100
PROP-087972,100
PROP-000664,100
PROP-059612,100
PROP-058825,100
PROP-010469,100
PROP-013013,100
PROP-050927,100
PROP-003354,100
PROP-092633,100
PROP-049970,100
PROP-041445,100
PROP-017908,100
PROP-070717,100
PROP-090570,100
PROP-094258,100
PROP-059869,100
PROP-084942,100
PROP-011706,100
PROP-087675,100
PROP-063672,100
PROP-034086,100
PROP-047682,100
PROP-043679,100
PROP-038329,100
PROP-028910,100
PROP-052794,100
PROP-089862,100
PROP-030647,100
PROP-058239,100
PROP-033309,100
PROP-037619,100
PROP-017783,100
PROP-064617,100
PROP-058203,100
PROP-090436,100
PROP-035795,100
PROP-025968,100
PROP-016302,100
PROP-020809,100
PROP-050018,100
PROP-027676,100
PROP-057741,100
PROP-065013,100
PROP-073873,100
PROP-024351,100
PROP-044135,100
PROP-016262,100
PROP-061520,100
PROP-003959,100
PROP-049917,100
PROP-020641,100
PROP-094690,100
PROP-027000,100
PROP-081668,100
PROP-026348,100
PROP-073782,100
PROP-049211,100
PROP-080182,100
PROP-084442,100
PROP-028264,100
PROP-061124,100
PROP-032965,100
PROP-091103,100
PROP-089917,100
PROP-009315,100
PROP-033601,100
PROP-047166,100
PROP-049291,100
PROP-094163,100
PROP-060661,100
PROP-085474,100
PROP-071407,100
PROP-040545,100
PROP-083902,100
PROP-040131,100
PROP-054513,100
PROP-025151,100
PROP-088555,100
PROP-051131,100
PROP-019258,100
PROP-089035,100
PROP-066545,100
PROP-052698,100
PROP-024195,100
PROP-040525,100
PROP-041556,100
PROP-043611,100
PROP-040872,100
PROP-081452,100
PROP-049011,100
PROP-079973,100
PROP-040409,100
PROP-047741,100
PROP-094070,100
PROP-023244,100
PROP-041178,100
PROP-036824,100
PROP-064491,100
PROP-008243,100
PROP-054490,100
PROP-054342,100
PROP-076834,100
PROP-078168,100
PROP-076379,100
PROP-025186,100
PROP-029035,100
PROP-037202,100
PROP-088299,100
PROP-092858,100
PROP-038750,100
PROP-004033,100
PROP-089416,100
PROP-067378,100
PROP-042535,100
PROP-056901,100
PROP-020993,100
PROP-092508,100
PROP-099761,100
PROP-062604,100
PROP-051381,100
PROP-075344,100
PROP-095365,100
PROP-059474,100
PROP-073436,100
PROP-049289,100
PROP-029583,100
PROP-033288,100
PROP-033502,100
PROP-002477,100
PROP-015105,100
PROP-065633,100
PROP-098882,100
PROP-020256,100
PROP-068431,100
PROP-088557,100
PROP-089940,100
PROP-016519,100
PROP-010462,100
PROP-031425,100
PROP-089698,100
PROP-006132,100
PROP-094375,100
PROP-079915,100
PROP-075206,100
PROP-093065,100
PROP-005614,100
PROP-052493,100
PROP-093964,100
PROP-048537,100
PROP-082038,100
PROP-052807,100
PROP-019931,100
PROP-045082,100
PROP-055776,100
PROP-046312,100
PROP-009068,100
PROP-059159,100
PROP-089841,100
PROP-047148,100
PROP-040057,100
PROP-044228,100
PROP-039409,100
PROP-088871,100
PROP-017222,100
PROP-049364,100
PROP-026267,100
PROP-084071,100
PROP-030757,100
PROP-087299,100
PROP-088696,100
PROP-049449,100
PROP-068222,100
PROP-064957,100
PROP-062219,100
PROP-076197,100
PROP-065677,100
PROP-044778,100
PROP-040722,100
PROP-021440,100
PROP-006946,100
PROP-033773,100
PROP-001421,100
PROP-024700,100
PROP-076181,100
PROP-033556,100
PROP-083561,100
PROP-033074,100
PROP-080272,100
PROP-040851,100
PROP-081962,100
PROP-043723,100
PROP-024648,100
PROP-098638,100
PROP-065944,100
PROP-092148,100
PROP-030749,100
PROP-063143,100
PROP-077389,100
PROP-058534,100
PROP-033452,100
PROP-028316,100
PROP-087469,100
PROP-030833,100
PROP-058907,100
PROP-056754,100
PROP-030403,100
PROP-040698,100
PROP-011011,100
PROP-006764,100
PROP-066466,100
PROP-069281,100
PROP-001022,100
PROP-087268,100
PROP-034011,100
PROP-056002,100
PROP-002920,100
PROP-094628,100
PROP-059988,100
PROP-034340,100
PROP-015403,100
PROP-022875,100
PROP-037077,100
PROP-097835,100
PROP-047503,100
PROP-018930,100
PROP-028867,100
PROP-037916,100
PROP-074347,100
PROP-075989,100
PROP-097061,100
PROP-012810,100
PROP-095518,100
PROP-082259,100
PROP-065098,100
PROP-060230,100
PROP-030434,100
PROP-025867,100
PROP-076390,100
PROP-028270,100
PROP-066155,100
PROP-051627,100
PROP-008258,100
PROP-070182,100
PROP-055350,100
PROP-083088,100
PROP-096692,100
PROP-073264,100
PROP-001970,100
PROP-084277,100
PROP-073882,100
PROP-090696,100
PROP-091401,100
PROP-048573,100
PROP-001874,100
PROP-047564,100
PROP-071144,100
PROP-076641,100
PROP-096420,100
PROP-015753,100
PROP-078503,100
PROP-074712,100
PROP-001044,100
PROP-063807,100
PROP-032546,100
PROP-006838,100
PROP-064714,100
PROP-072511,100
PROP-034276,100
PROP-090434,100
PROP-033554,100
PROP-000447,100
PROP-060150,100
PROP-062798,100
PROP-037011,100
PROP-093863,100
PROP-020369,100
PROP-071970,100
PROP-081815,100
PROP-091070,100
PROP-034158,100
PROP-072093,100
PROP-032560,100
PROP-023274,100
PROP-003177,100
PROP-065012,100
PROP-079071,100
PROP-078402,100
PROP-095537,100
PROP-039020,100
PROP-057906,100
PROP-086463,100
PROP-006504,100
PROP-067400,100
PROP-057341,100
PROP-033438,100
PROP-070979,100
PROP-045569,100
PROP-057633,100
PROP-008342,100
PROP-090390,100
PROP-072697,100
PROP-062066,100
PROP-083655,100
PROP-052349,100
PROP-060507,100
PROP-000601,100
PROP-049060,100
PROP-026383,100
PROP-058549,100
PROP-098804,100
PROP-045810,100
PROP-040927,100
PROP-066031,100
PROP-024875,100
PROP-057007,100
PROP-013847,100
PROP-057581,100
PROP-025831,100
PROP-000692,100
PROP-027091,100
PROP-080329,100
PROP-081402,100
PROP-065224,100
PROP-034609,100
PROP-080256,100
PROP-080378,100
PROP-030577,100
PROP-070981,100
PROP-001417,100
PROP-016924,100
PROP-027720,100
PROP-043731,100
PROP-063607,100
PROP-019507,100
PROP-019912,100
PROP-081376,100
PROP-067677,100
PROP-057373,100
PROP-071209,100
PROP-051860,100
PROP-040161,100
PROP-052227,100
PROP-010269,100
PROP-092868,100
PROP-062509,100
PROP-036211,100
PROP-029729,100
PROP-036159,100
PROP-044880,100
PROP-064711,100
PROP-065912,100
PROP-083733,100
PROP-038631,100
PROP-089683,100
PROP-020486,100
PROP-022882,100
PROP-031638,100
PROP-097813,100
PROP-092654,100
PROP-004716,100
PROP-078775,100
PROP-066441,100
PROP-084625,100
PROP-088844,100
PROP-098941,100
PROP-074717,100
PROP-020382,100
PROP-041573,100
PROP-023364,100
PROP-063911,100
PROP-008790,100
PROP-003015,100
PROP-087588,100
PROP-027052,100
PROP-081448,100
PROP-098730,100
PROP-097866,100
PROP-086026,100
PROP-043554,100
PROP-043829,100
PROP-091379,100
PROP-081483,100
PROP-012885,100
PROP-026274,100
PROP-078631,100
PROP-021071,100
PROP-026995,100
PROP-056522,100
PROP-040915,100
PROP-038941,100
PROP-016416,100
PROP-014096,100
PROP-019808,100
PROP-067927,100
PROP-037205,100
PROP-069859,100
PROP-050094,100
PROP-063726,100
PROP-002561,100
PROP-095988,100
PROP-052584,100
PROP-087320,100
PROP-023295,100
PROP-039862,100
PROP-091494,100
PROP-011055,100
PROP-097030,100
PROP-073366,100
PROP-026141,100
PROP-022151,100
PROP-085211,100
PROP-094730,100
PROP-025116,100
PROP-088378,100
PROP-027788,100
PROP-062737,100
PROP-007104,100
PROP-030541,100
PROP-070776,100
PROP-009014,100
PROP-018060,100
PROP-027803,100
PROP-099051,100
PROP-002754,100
PROP-022406,100
PROP-012080,100
PROP-063427,100
PROP-088849,100
PROP-085805,100
PROP-098973,100
PROP-070341,100
PROP-060318,100
PROP-023195,100
PROP-004170,100
PROP-077271,100
PROP-067883,100
PROP-030185,100
PROP-028894,100
PROP-036700,100
PROP-030132,100
PROP-075214,100
PROP-085080,100
PROP-048062,100
PROP-089247,100
PROP-027321,100
PROP-054440,100
PROP-035050,100
PROP-014226,100
PROP-027180,100
PROP-088957,100
PROP-040202,100
PROP-080508,100
PROP-098833,100
PROP-037220,100
PROP-016265,100
PROP-017453,100
PROP-016042,100
PROP-014635,100
PROP-078384,100
PROP-076345,100
PROP-046933,100
PROP-090091,100
PROP-019223,100
PROP-004207,100
PROP-028139,100
PROP-067453,100
PROP-091917,100
PROP-058384,100
PROP-043155,100
PROP-048082,100
PROP-096402,100
PROP-081275,100
PROP-080528,100
PROP-064036,100
PROP-029361,100
PROP-066233,100
PROP-062738,100
PROP-068787,100
PROP-007243,100
PROP-009229,100
PROP-044264,100
PROP-031761,100
PROP-036977,100
PROP-036221,100
PROP-086431,100
PROP-047607,100
PROP-025420,100
PROP-062561,100
PROP-036359,100
PROP-047407,100
PROP-030640,100
PROP-065086,100
PROP-086575,100
PROP-079838,100
PROP-075149,100
PROP-039878,100
PROP-062352,100
PROP-009256,100
PROP-030081,100
PROP-098136,100
PROP-002434,100
PROP-054729,100
PROP-039132,100
PROP-070530,100
PROP-054616,100
PROP-069456,100
PROP-042264,100
PROP-008517,100
PROP-047635,100
PROP-076403,100
PROP-031582,100
PROP-088974,100
PROP-005125,100
PROP-098225,100
PROP-073707,100
PROP-053793,100
PROP-093622,100
PROP-018565,100
PROP-054719,100
PROP-073687,100
PROP-030213,100
PROP-010047,100
PROP-095425,100
PROP-018349,100
PROP-076722,100
PROP-043289,100
PROP-010978,100
PROP-036432,100
PROP-041922,100
PROP-003964,100
PROP-052342,100
PROP-018620,100
PROP-025533,100
PROP-029443,100
PROP-033937,100
PROP-062864,100
PROP-016940,100
PROP-053557,100
PROP-047634,100
PROP-017860,100
PROP-088113,100
PROP-020794,100
PROP-003497,100
PROP-054301,100
PROP-007151,100
PROP-048493,100
PROP-058483,100
PROP-035166,100
PROP-070753,100
PROP-007832,100
PROP-013956,100
PROP-089722,100
PROP-013275,100
PROP-012843,100
PROP-037162,100
PROP-052623,100
PROP-018006,100
PROP-020091,100
PROP-085125,100
PROP-018218,100
PROP-050036,100
PROP-034084,100
PROP-030453,100
PROP-077837,100
PROP-039734,100
PROP-036694,100
PROP-005220,100
PROP-049375,100
PROP-009243,100
PROP-017148,100
PROP-062637,100
PROP-098594,100
PROP-000487,100
PROP-037852,100
PROP-085482,100
PROP-021251,100
PROP-057781,100
PROP-058708,100
PROP-038808,100
PROP-030819,100
PROP-082790,100
PROP-044538,100
PROP-021790,100
PROP-091208,100
PROP-063784,100
PROP-095608,100
PROP-025841,100
PROP-077638,100
PROP-010836,100
PROP-064213,100
PROP-090567,100
PROP-040443,100
PROP-094245,100
PROP-063375,100
PROP-000694,100
PROP-021096,100
PROP-014348,100
PROP-059250,100
PROP-042675,100
PROP-075484,100
PROP-057983,100
PROP-094068,100
PROP-010587,100
PROP-015882,100
PROP-044095,100
PROP-097071,100
PROP-026652,100
PROP-023327,100
PROP-031320,100
PROP-069538,100
PROP-057786,100
PROP-086638,100
PROP-066573,100
PROP-034390,100
PROP-068721,100
PROP-093096,100
PROP-088692,100
PROP-029093,100
PROP-000056,100
PROP-097254,100
PROP-056645,100
PROP-087845,100
PROP-078125,100
PROP-013326,100
PROP-059489,100
PROP-065987,100
PROP-001046,100
PROP-070472,100
PROP-034842,100
PROP-044881,100
PROP-007150,100
PROP-093475,100
PROP-031195,100
PROP-020273,100
PROP-064405,100
PROP-054389,100
PROP-059344,100
PROP-000343,100
PROP-013279,100
PROP-084205,100
PROP-001064,100
PROP-047908,100
PROP-006330,100
PROP-083736,100
PROP-055466,100
PROP-097576,100
PROP-047685,100
PROP-043025,100
PROP-096188,100
PROP-041028,100
PROP-086188,100
PROP-064313,100
PROP-056633,100
PROP-000177,100
PROP-044808,100
PROP-070796,100
PROP-096035,100
PROP-016174,100
PROP-047224,100
PROP-072347,100
PROP-090890,100
PROP-040932,100
PROP-073973,100
PROP-024491,100
PROP-063878,100
PROP-033690,100
PROP-082697,100
PROP-041427,100
PROP-022056,100
PROP-028621,100
PROP-031731,100
PROP-043172,100
PROP-049989,100
PROP-012884,100
PROP-032366,100
PROP-044138,100
PROP-021390,100
PROP-054234,100
PROP-071846,100
PROP-028191,100
PROP-030947,100
PROP-069008,100
PROP-080801,100
PROP-052112,100
PROP-000349,100
PROP-046642,100
PROP-020676,100
PROP-094758,100
PROP-034162,100
PROP-091978,100
PROP-063622,100
PROP-027808,100
PROP-091562,100
PROP-084543,100
PROP-087297,100
PROP-036240,100
PROP-059282,100
PROP-092558,100
PROP-088245,100
PROP-058166,100
PROP-065672,100
PROP-050029,100
PROP-051587,100
PROP-061008,100
PROP-071419,100
PROP-041979,100
PROP-070866,100
PROP-008239,100
PROP-071161,100
PROP-087205,100
PROP-043115,100
PROP-087801,100
PROP-000203,100
PROP-092880,100
PROP-094208,100
PROP-071349,100
PROP-020194,100
PROP-063459,100
PROP-048828,100
PROP-063152,100
PROP-011342,100
PROP-057232,100
PROP-069088,100
PROP-014754,100
PROP-094253,100
PROP-058060,100
PROP-036598,100
PROP-068297,100
PROP-072267,100
PROP-008402,100
PROP-062291,100
PROP-069297,100
PROP-014027,100
PROP-017978,100
PROP-030256,100
PROP-016967,100
PROP-075285,100
PROP-058716,100
PROP-031329,100
PROP-082024,100
PROP-079633,100
PROP-037391,100
PROP-006332,100
PROP-025526,100
PROP-006627,100
PROP-075904,100
PROP-047768,100
PROP-071981,100
PROP-097225,100
PROP-026266,100
PROP-068776,100
PROP-032448,100
PROP-029243,100
PROP-012392,100
PROP-002735,100
PROP-034335,100
PROP-006204,100
PROP-020312,100
PROP-060711,100
PROP-031307,100
PROP-065300,100
PROP-029410,100
PROP-089160,100
PROP-085667,100
PROP-092976,100
PROP-012276,100
PROP-007122,100
PROP-019672,100
PROP-071026,100
PROP-000719,100
PROP-056211,100
PROP-099477,100
PROP-074179,100
PROP-008156,100
PROP-080125,100
PROP-092755,100
PROP-004959,100
PROP-039111,100
PROP-067006,100
PROP-059418,100
PROP-012753,100
PROP-094527,100
PROP-032012,100
PROP-007956,100
PROP-065850,100
PROP-032793,100
PROP-084817,100
PROP-006792,100
PROP-026504,100
PROP-006968,100
PROP-029598,100
PROP-077941,100
PROP-041325,100
PROP-096359,100
PROP-015256,100
PROP-054877,100
PROP-026885,100
PROP-083158,100
PROP-032912,100
PROP-045106,100
PROP-019653,100
PROP-022970,100
PROP-005821,100
PROP-044996,100
PROP-058397,100
PROP-060829,100
PROP-010293,100
PROP-087154,100
PROP-072984,100
PROP-042996,100
PROP-033957,100
PROP-001783,100
PROP-018391,100
PROP-031362,100
PROP-004563,100
PROP-082332,100
PROP-079059,100
PROP-020470,100
PROP-090953,100
PROP-022698,100
PROP-056407,100
PROP-028025,100
PROP-069856,100
PROP-007477,100
PROP-054690,100
PROP-053572,100
PROP-006985,100
PROP-013211,100
PROP-009632,100
PROP-020767,100
PROP-073819,100
PROP-085869,100
PROP-070028,100
PROP-008902,100
PROP-092915,100
PROP-083687,100
PROP-001910,100
PROP-082498,100
PROP-064779,100
PROP-080391,100
PROP-059284,100
PROP-087391,100
PROP-078275,100
PROP-001000,100
PROP-002987,100
PROP-000228,100
PROP-011561,100
PROP-060626,100
PROP-067779,100
PROP-020948,100
PROP-094289,100
PROP-023471,100
PROP-095036,100
PROP-046937,100
PROP-023790,100
PROP-005834,100
PROP-091281,100
PROP-067954,100
PROP-029575,100
PROP-047620,100
PROP-081966,100
PROP-093661,100
PROP-032180,100
PROP-018959,100
PROP-000216,100
PROP-013200,100
PROP-096106,100
PROP-083179,100
PROP-038461,100
PROP-080734,100
PROP-088613,100
PROP-047748,100
PROP-065379,100
PROP-003651,100
PROP-033971,100
PROP-034884,100
PROP-007215,100
PROP-057900,100
PROP-090991,100
PROP-006658,100
PROP-052628,100
PROP-047710,100
PROP-001872,100
PROP-031148,100
PROP-014085,100
PROP-008319,100
PROP-018153,100
PROP-086620,100
PROP-043751,100
PROP-097811,100
PROP-040301,100
PROP-033322,100
PROP-094421,100
PROP-006415,100
PROP-049100,100
PROP-057344,100
PROP-039736,100
PROP-079235,100
PROP-069928,100
PROP-010290,100
PROP-045929,100
PROP-070952,100
PROP-069826,100
PROP-096407,100
PROP-047903,100
PROP-092941,100
PROP-019520,100
PROP-021573,100
PROP-090922,100
PROP-078381,100
PROP-005352,100
PROP-070838,100
PROP-030144,100
PROP-094886,100
PROP-011379,100
PROP-029940,100
PROP-033058,100
PROP-091013,100
PROP-064780,100
PROP-074340,100
PROP-073625,100
PROP-035903,100
PROP-038644,100
PROP-001055,100
PROP-018515,100
PROP-050105,100
PROP-001770,100
PROP-064982,100
PROP-007259,100
PROP-061880,100
PROP-046726,100
PROP-009898,100
PROP-099855,100
PROP-004769,100
PROP-088237,100
PROP-022776,100
PROP-016022,100
PROP-066730,100
PROP-014473,100
PROP-007978,100
PROP-044969,100
PROP-018825,100
PROP-057994,100
PROP-070808,100
PROP-084690,100
PROP-040914,100
PROP-063033,100
PROP-024632,100
PROP-003536,100
PROP-015785,100
PROP-052887,100
PROP-091107,100
PROP-094604,100
PROP-023328,100
PROP-054912,100
PROP-076884,100
PROP-016369,100
PROP-010045,100
PROP-020726,100
PROP-046229,100
PROP-070608,100
PROP-075251,100
PROP-037742,100
PROP-070456,100
PROP-092564,100
PROP-019176,100
PROP-061508,100
PROP-010662,100
PROP-056857,100
PROP-065828,100
PROP-040599,100
PROP-001532,100
PROP-026887,100
PROP-016549,100
PROP-004271,100
PROP-065614,100
PROP-052189,100
PROP-000274,100
PROP-072844,100
PROP-072040,100
PROP-068743,100
PROP-032728,100
PROP-070755,100
PROP-017500,100
PROP-076077,100
PROP-069110,100
PROP-027374,100
PROP-044346,100
PROP-010036,100
PROP-064704,100
PROP-045651,100
PROP-038056,100
PROP-004093,100
PROP-084496,100
PROP-049597,100
PROP-007942,100
PROP-034727,100
PROP-035682,100
PROP-097269,100
PROP-067493,100
PROP-045876,100
PROP-011926,100
PROP-071609,100
PROP-037288,100
PROP-008666,100
PROP-020863,100
PROP-089438,100
PROP-054085,100
PROP-060947,100
PROP-038230,100
PROP-054787,100
PROP-097828,100
PROP-067109,100
PROP-060785,100
PROP-096710,100
PROP-030871,100
PROP-019954,100
PROP-084478,100
PROP-088881,100
PROP-069099,100
PROP-037627,100
PROP-027868,100
PROP-014076,100
PROP-033025,100
PROP-019083,100
PROP-085001,100
PROP-012691,100
PROP-007166,100
PROP-084085,100
PROP-000200,100
PROP-038521,100
PROP-043641,100
PROP-005788,100
PROP-045435,100
PROP-078744,100
PROP-036683,100
PROP-026356,100
PROP-040361,100
PROP-051692,100
PROP-056861,100
PROP-049498,100
PROP-060223,100
PROP-073697,100
PROP-018944,100
PROP-018955,100
PROP-024779,100
PROP-008634,100
PROP-004303,100
PROP-055044,100
PROP-052962,100
PROP-025424,100
PROP-083514,100
PROP-093064,100
PROP-069738,100
PROP-000292,100
PROP-067533,100
PROP-027283,100
PROP-052526,100
PROP-087196,100
PROP-013907,100
PROP-021797,100
PROP-081410,100
PROP-092396,100
PROP-062592,100
PROP-014660,100
PROP-097315,100
PROP-080819,100
PROP-092873,100
PROP-019101,100
PROP-052886,100
PROP-086998,100
PROP-059292,100
PROP-014748,100
PROP-092743,100
PROP-026754,100
PROP-021529,100
PROP-038911,100
PROP-045827,100
PROP-076710,100
PROP-076224,100
PROP-031961,100
PROP-051745,100
PROP-091985,100
PROP-024064,100
PROP-098588,100
PROP-046599,100
PROP-063362,100
PROP-092295,100
PROP-060356,100
PROP-019902,100
PROP-010172,100
PROP-018131,100
PROP-033958,100
PROP-086605,100
PROP-034806,100
PROP-001601,100
PROP-026564,100
PROP-071417,100
PROP-013220,100
PROP-014360,100
PROP-067397,100
PROP-053561,100
PROP-081777,100
PROP-003118,100
PROP-033512,100
PROP-081249,100
PROP-026752,100
PROP-027227,100
PROP-073153,100
PROP-056882,100
PROP-083830,100
PROP-057190,100
PROP-073872,100
PROP-071132,100
PROP-070161,100
PROP-059315,100
PROP-042182,100
PROP-067738,100
PROP-045102,100
PROP-045018,100
PROP-079347,100
PROP-081194,100
PROP-064091,100
PROP-094616,100
PROP-032752,100
PROP-053096,100
PROP-012227,100
PROP-072203,100
PROP-029549,100
PROP-011653,100
PROP-040276,100
PROP-054499,100
PROP-043977,100
PROP-085107,100
PROP-044245,100
PROP-000048,100
PROP-095273,100
PROP-057924,100
PROP-023619,100
PROP-084863,100
PROP-039435,100
PROP-011855,100
PROP-025182,100
PROP-069869,100
PROP-036957,100
PROP-093880,100
PROP-067794,100
PROP-099222,100
PROP-020885,100
PROP-092389,100
PROP-034449,100
PROP-068224,100
PROP-017707,100
PROP-030073,100
PROP-046581,100
PROP-045537,100
PROP-019339,100
PROP-026585,100
PROP-000792,100
PROP-072841,100
PROP-033177,100
PROP-097657,100
PROP-021560,100
PROP-035036,100
PROP-027778,100
PROP-009459,100
PROP-094890,100
PROP-080699,100
PROP-040222,100
PROP-017267,100
PROP-005776,100
PROP-065500,100
PROP-056087,100
PROP-063941,100
PROP-020887,100
PROP-014762,100
PROP-088179,100
PROP-054406,100
PROP-084424,100
PROP-031619,100
PROP-058267,100
PROP-080587,100
PROP-086747,100
PROP-075801,100
PROP-019760,100
PROP-017861,100
PROP-079358,100
PROP-054844,100
PROP-092739,100
PROP-002500,100
PROP-095174,100
PROP-061649,100
PROP-006376,100
PROP-034095,100
PROP-027891,100
PROP-035269,100
PROP-017285,100
PROP-056195,100
PROP-087529,100
PROP-019451,100
PROP-057054,100
PROP-094200,100
PROP-025147,100
PROP-047408,100
PROP-063394,100
PROP-050711,100
PROP-039674,100
PROP-074482,100
PROP-050075,100
PROP-079571,100
PROP-056328,100
PROP-092175,100
PROP-046540,100
PROP-017208,100
PROP-033523,100
PROP-095561,100
PROP-071104,100
PROP-002396,100
PROP-099197,100
PROP-076349,100
PROP-030671,100
PROP-012209,100
PROP-067169,100
PROP-010455,100
PROP-061177,100
PROP-058805,100
PROP-021122,100
PROP-038944,100
PROP-089053,100
PROP-013647,100
PROP-060618,100
PROP-070457,100
PROP-006245,100
PROP-088057,100
PROP-035604,100
PROP-024969,100
PROP-041749,100
PROP-044093,100
PROP-097310,100
PROP-031429,100
PROP-015584,100
PROP-067199,100
PROP-069442,100
PROP-015186,100
PROP-075405,100
PROP-050660,100
PROP-049142,100
PROP-025824,100
PROP-085034,100
PROP-080845,100
PROP-096603,100
PROP-096340,100
PROP-060484,100
PROP-009047,100
PROP-010221,100
PROP-069179,100
PROP-072164,100
PROP-085241,100
PROP-098977,100
PROP-062773,100
PROP-079792,100
PROP-027915,100
PROP-061832,100
PROP-033269,100
PROP-097495,100
PROP-065652,100
PROP-039343,100
PROP-056549,100
PROP-069513,100
PROP-071617,100
PROP-039762,100
PROP-080539,100
PROP-010448,100
PROP-086544,100
PROP-089551,100
PROP-095685,100
PROP-042699,100
PROP-088824,100
PROP-094073,100
PROP-051112,100
PROP-051069,100
PROP-083230,100
PROP-036175,100
PROP-057549,100
PROP-042057,100
PROP-054415,100
PROP-007838,100
PROP-093279,100
PROP-002675,100
PROP-044632,100
PROP-029830,100
PROP-000162,100
PROP-008870,100
PROP-022942,100
PROP-016382,100
PROP-049875,100
PROP-001868,100
PROP-052088,100
PROP-078956,100
PROP-056254,100
PROP-060729,100
PROP-057439,100
PROP-087752,100
PROP-057997,100
PROP-016403,100
PROP-002490,100
PROP-041284,100
PROP-065038,100
PROP-038565,100
PROP-046447,100
PROP-066909,100
PROP-071067,100
PROP-071300,100
PROP-080093,100
PROP-001219,100
PROP-026967,100
PROP-074039,100
PROP-043556,100
PROP-097947,100
PROP-049697,100
PROP-046643,100
PROP-031539,100
PROP-064754,100
PROP-055446,100
PROP-098203,100
PROP-021687,100
PROP-071740,100
PROP-046281,100
PROP-066210,100
PROP-000711,100
PROP-060540,100
PROP-099818,100
PROP-049740,100
PROP-023903,100
PROP-001235,100
PROP-009718,100
PROP-055066,100
PROP-054558,100
PROP-004076,100
PROP-099786,100
PROP-055812,100
PROP-070070,100
PROP-027718,100
PROP-014461,100
PROP-070546,100
PROP-076228,100
PROP-014137,100
PROP-034131,100
PROP-066654,100
PROP-045313,100
PROP-038564,100
PROP-004214,100
PROP-060274,100
PROP-055271,100
PROP-039603,100
PROP-052104,100
PROP-019539,100
PROP-039241,100
PROP-028911,100
PROP-018149,100
PROP-093899,100
PROP-036190,100
PROP-066550,100
PROP-060003,100
PROP-077541,100
PROP-064703,100
PROP-090581,100
PROP-005039,100
PROP-068889,100
PROP-014295,100
PROP-023297,100
PROP-078792,100
PROP-039908,100
PROP-013549,100
PROP-060737,100
PROP-001637,100
PROP-086074,100
PROP-056477,100
PROP-041744,100
PROP-068363,100
PROP-042231,100
PROP-088703,100
PROP-009488,100
PROP-068802,100
PROP-000139,100
PROP-079271,100
PROP-047134,100
PROP-040030,100
PROP-098632,100
PROP-028892,100
PROP-096339,100
PROP-001402,100
PROP-013589,100
PROP-079939,100
PROP-069741,100
PROP-087774,100
PROP-099374,100
PROP-030645,100
PROP-084152,100
PROP-083406,100
PROP-035812,100
PROP-019924,100
PROP-079351,100
PROP-061431,100
PROP-019853,100
PROP-097056,100
PROP-053224,100
PROP-063116,100
PROP-064326,100
PROP-085124,100
PROP-012155,100
PROP-032006,100
PROP-036546,100
PROP-063148,100
PROP-030468,100
PROP-037854,100
PROP-041706,100
PROP-030249,100
PROP-023127,100
PROP-077363,100
PROP-078536,100
PROP-016345,100
PROP-073267,100
PROP-016572,100
PROP-038192,100
PROP-030931,100
PROP-077035,100
PROP-087122,100
PROP-012098,100
PROP-043984,100
PROP-023142,100
PROP-060547,100
PROP-055427,100
PROP-010312,100
PROP-069092,100
PROP-009363,100
PROP-029855,100
PROP-071591,100
PROP-016977,100
PROP-004636,100
PROP-061604,100
PROP-076778,100
PROP-019190,100
PROP-034025,100
PROP-086749,100
PROP-045271,100
PROP-053525,100
PROP-076007,100
PROP-082275,100
PROP-011579,100
PROP-086678,100
PROP-071704,100
PROP-050708,100
PROP-090646,100
PROP-060513,100
PROP-013134,100
PROP-005960,100
PROP-017479,100
PROP-008671,100
PROP-047296,100
PROP-034576,100
PROP-065837,100
PROP-072991,100
PROP-077319,100
PROP-059600,100
PROP-006060,100
PROP-056813,100
PROP-063038,100
PROP-035102,100
PROP-046555,100
PROP-039201,100
PROP-023482,100
PROP-075311,100
PROP-003151,100
PROP-028690,100
PROP-066113,100
PROP-081055,100
PROP-066204,100
PROP-098965,100
PROP-019660,100
PROP-012075,100
PROP-070241,100
PROP-033248,100
PROP-048649,100
PROP-025624,100
PROP-004220,100
PROP-050281,100
PROP-056978,100
PROP-056226,100
PROP-033328,100
PROP-025918,100
PROP-056553,100
PROP-052085,100
PROP-062417,100
PROP-074600,100
PROP-021838,100
PROP-028610,100
PROP-052006,100
PROP-003390,100
PROP-057952,100
PROP-043067,100
PROP-029128,100
PROP-084373,100
PROP-035381,100
PROP-099054,100
PROP-005592,100
PROP-057585,100
PROP-041572,100
PROP-086615,100
PROP-083096,100
PROP-000732,100
PROP-028724,100
PROP-023840,100
PROP-019997,100
PROP-036046,100
PROP-057514,100
PROP-044684,100
PROP-054196,100
PROP-054380,100
PROP-063201,100
PROP-025340,100
PROP-076175,100
PROP-050047,100
PROP-004171,100
PROP-036289,100
PROP-007238,100
PROP-073885,100
PROP-069123,100
PROP-028195,100
PROP-029678,100
PROP-067721,100
PROP-054183,100
PROP-028482,100
PROP-068716,100
PROP-093574,100
PROP-059181,100
PROP-033335,100
PROP-082590,100
PROP-021911,100
PROP-048374,100
PROP-066707,100
PROP-085225,100
PROP-051419,100
PROP-071257,100
PROP-088119,100
PROP-039124,100
PROP-075611,100
PROP-045646,100
PROP-056015,100
PROP-016984,100
PROP-007028,100
PROP-093891,100
PROP-057147,100
PROP-078663,100
PROP-020688,100
PROP-062433,100
PROP-075443,100
PROP-048023,100
PROP-084122,100
PROP-028510,100
PROP-003469,100
PROP-044383,100
PROP-043484,100
PROP-059273,100
PROP-011502,100
PROP-088876,100
PROP-062130,100
PROP-084484,100
PROP-081290,100
PROP-014058,100
PROP-059777,100
PROP-040791,100
PROP-013396,100
PROP-059798,100
PROP-039073,100
PROP-097637,100
PROP-076388,100
PROP-040052,100
PROP-085586,100
PROP-069061,100
PROP-048202,100
PROP-064737,100
PROP-009656,100
PROP-080471,100
PROP-088522,100
PROP-058812,100
PROP-007676,100
PROP-011437,100
PROP-065068,100
PROP-038984,100
PROP-061351,100
PROP-010855,100
PROP-080989,100
PROP-002997,100
PROP-003598,100
PROP-093869,100
PROP-085878,100
PROP-079841,100
PROP-094969,100
PROP-070424,100
PROP-064791,100
PROP-094434,100
PROP-070968,100
PROP-035551,100
PROP-058210,100
PROP-096951,100
PROP-013766,100
PROP-014613,100
PROP-052094,100
PROP-079791,100
PROP-033517,100
PROP-015220,100
PROP-023277,100
PROP-060464,100
PROP-043158,100
PROP-066312,100
PROP-012839,100
PROP-024119,100
PROP-088116,100
PROP-004550,100
PROP-052824,100
PROP-010093,100
PROP-095703,100
PROP-041551,100
PROP-057736,100
PROP-066410,100
PROP-059952,100
PROP-031709,100
PROP-072092,100
PROP-015805,100
PROP-026134,100
PROP-092802,100
PROP-076651,100
PROP-028164,100
PROP-067239,100
PROP-041207,100
PROP-099991,100
PROP-034730,100
PROP-088451,100
PROP-082470,100
PROP-073545,100
PROP-063519,100
PROP-036233,100
PROP-076299,100
PROP-062942,100
PROP-040490,100
PROP-071102,100
PROP-035825,100
PROP-028708,100
PROP-089299,100
PROP-015611,100
PROP-089859,100
PROP-038678,100
PROP-018888,100
PROP-006251,100
PROP-008267,100
PROP-095951,100
PROP-087963,100
PROP-086093,100
PROP-075802,100
PROP-006542,100
PROP-091355,100
PROP-077120,100
PROP-032540,100
PROP-013687,100
PROP-089909,100
PROP-094144,100
PROP-063958,100
PROP-005750,100
PROP-040475,100
PROP-066694,100
PROP-092424,100
PROP-018989,100
PROP-018298,100
PROP-019120,100
PROP-095495,100
PROP-074128,100
PROP-016480,100
PROP-028341,100
PROP-061694,100
PROP-071159,100
PROP-099961,100
PROP-060741,100
PROP-001051,100
PROP-035880,100
PROP-085731,100
PROP-093166,100
PROP-042672,100
PROP-040119,100
PROP-000942,100
PROP-078085,100
PROP-023311,100
PROP-074638,100
PROP-028136,100
PROP-036738,100
PROP-044168,100
PROP-042480,100
PROP-044916,100
PROP-060783,100
PROP-002390,100
PROP-039180,100
PROP-051116,100
PROP-001584,100
PROP-083320,100
PROP-055054,100
PROP-062572,100
PROP-014132,100
PROP-074162,100
PROP-013348,100
PROP-016972,100
PROP-088226,100
PROP-062742,100
PROP-029626,100
PROP-053598,100
PROP-059437,100
PROP-025030,100
PROP-076238,100
PROP-089677,100
PROP-081988,100
PROP-007242,100
PROP-037584,100
PROP-046427,100
PROP-002384,100
PROP-053567,100
PROP-074228,100
PROP-099088,100
PROP-059921,100
PROP-033505,100
PROP-082751,100
PROP-082937,100
PROP-038813,100
PROP-046928,100
PROP-053058,100
PROP-065043,100
PROP-032034,100
PROP-080353,100
PROP-035318,100
PROP-063139,100
PROP-056527,100
PROP-086456,100
PROP-082469,100
PROP-056441,100
PROP-012701,100
PROP-074651,100
PROP-008367,100
PROP-003907,100
PROP-060541,100
PROP-000271,100
PROP-083525,100
PROP-048131,100
PROP-078097,100
PROP-020723,100
PROP-011496,100
PROP-029386,100
PROP-075244,100
PROP-050413,100
PROP-097829,100
PROP-004970,100
PROP-049493,100
PROP-036736,100
PROP-096890,100
PROP-097832,100
PROP-084637,100
PROP-040402,100
PROP-019073,100
PROP-049571,100
PROP-005682,100
PROP-044506,100
PROP-018972,100
PROP-095401,100
PROP-056471,100
PROP-077004,100
PROP-044189,100
PROP-077433,100
PROP-087018,100
PROP-067668,100
PROP-014124,100
PROP-077590,100
PROP-046028,100
PROP-050877,100
PROP-031098,100
PROP-001346,100
PROP-077966,100
PROP-051285,100
PROP-072363,100
PROP-076120,100
PROP-059552,100
PROP-006193,100
PROP-080130,100
PROP-029171,100
PROP-013133,100
PROP-005811,100
PROP-062758,100
PROP-027369,100
PROP-086221,100
PROP-078535,100
PROP-031737,100
PROP-042500,100
PROP-005965,100
PROP-060501,100
PROP-054851,100
PROP-097550,100
PROP-067581,100
PROP-086080,100
PROP-066612,100
PROP-025053,100
PROP-017503,100
PROP-023430,100
PROP-018795,100
PROP-008925,100
PROP-036073,100
PROP-061463,100
PROP-094638,100
PROP-088927,100
PROP-002949,100
PROP-001207,100
PROP-012203,100
PROP-085437,100
PROP-003922,100
PROP-089003,100
PROP-007989,100
PROP-002059,100
PROP-020219,100
PROP-084374,100
PROP-084968,100
PROP-058295,100
PROP-047643,100
PROP-075356,100
PROP-091390,100
PROP-046594,100
PROP-021388,100
PROP-012272,100
PROP-066907,100
PROP-057384,100
PROP-004828,100
PROP-049231,100
PROP-067933,100
PROP-065859,100
PROP-086260,100
PROP-009703,100
PROP-014809,100
PROP-087341,100
PROP-073570,100
PROP-059303,100
PROP-090069,100
PROP-098235,100
PROP-082733,100
PROP-096005,100
PROP-006896,100
PROP-001120,100
PROP-042376,100
PROP-094848,100
PROP-071749,100
PROP-082513,100
PROP-076949,100
PROP-073318,100
PROP-099249,100
PROP-020292,100
PROP-070489,100
PROP-068298,100
PROP-034886,100
PROP-024858,100
PROP-081021,100
PROP-026842,100
PROP-033749,100
PROP-081403,100
PROP-024249,100
PROP-095880,100
PROP-025003,100
PROP-000985,100
PROP-067457,100
PROP-010754,100
PROP-017905,100
PROP-062052,100
PROP-085490,100
PROP-006221,100
PROP-089880,100
PROP-044616,100
PROP-065395,100
PROP-037558,100
PROP-092178,100
PROP-011492,100
PROP-035314,100
PROP-059792,100
PROP-070810,100
PROP-056608,100
PROP-006863,100
PROP-035043,100
PROP-009168,100
PROP-027328,100
PROP-074050,100
PROP-059700,100
PROP-001362,100
PROP-025469,100
PROP-067602,100
PROP-048657,100
PROP-011852,100
PROP-039289,100
PROP-010202,100
PROP-001244,100
PROP-089555,100
PROP-075990,100
PROP-013218,100
PROP-074619,100
PROP-020198,100
PROP-092846,100
PROP-079132,100
PROP-092225,100
PROP-040741,100
PROP-061331,100
PROP-007754,100
PROP-092022,100
PROP-012826,100
PROP-051151,100
PROP-061592,100
PROP-052649,100
PROP-030005,100
PROP-017877,100
PROP-029010,100
PROP-043576,100
PROP-006933,100
PROP-088819,100
PROP-034713,100
PROP-020990,100
PROP-042045,100
PROP-043197,100
PROP-002435,100
PROP-034383,100
PROP-040027,100
PROP-086032,100
PROP-076602,100
PROP-025901,100
PROP-023892,100
PROP-016640,100
PROP-055934,100
PROP-062137,100
PROP-047624,100
PROP-023540,100
PROP-022149,100
PROP-075541,100
PROP-080943,100
PROP-095559,100
PROP-015367,100
PROP-085704,100
PROP-069700,100
PROP-045713,100
PROP-066248,100
PROP-056484,100
PROP-096275,100
PROP-085669,100
PROP-057420,100
PROP-033363,100
PROP-018106,100
PROP-029944,100
PROP-071957,100
PROP-094901,100
PROP-012603,100
PROP-079818,100
PROP-040226,100
PROP-012249,100
PROP-028429,100
PROP-040446,100
PROP-006845,100
PROP-002520,100
PROP-076503,100
PROP-007738,100
PROP-042077,100
PROP-028707,100
PROP-044469,100
PROP-023321,100
PROP-080241,100
PROP-046449,100
PROP-063752,100
PROP-030405,100
PROP-045147,100
PROP-071545,100
PROP-005887,100
PROP-098541,100
PROP-044490,100
PROP-012487,100
PROP-077130,100
PROP-040533,100
PROP-023318,100
PROP-023863,100
PROP-021851,100
PROP-076764,100
PROP-022870,100
PROP-017125,100
PROP-053420,100
PROP-065216,100
PROP-095206,100
PROP-088415,100
PROP-043103,100
PROP-067043,100
PROP-038468,100
PROP-063169,100
PROP-010651,100
PROP-072952,100
PROP-014004,100
PROP-034278,100
PROP-066214,100
PROP-099121,100
PROP-050088,100
PROP-053063,100
PROP-013579,100
PROP-083007,100
PROP-007749,100
PROP-036716,100
PROP-016183,100
PROP-054947,100
PROP-078263,100
PROP-084594,100
PROP-011517,100
PROP-051227,100
PROP-000199,100
PROP-000870,100
PROP-043171,100
PROP-088605,100
PROP-040673,100
PROP-003139,100
PROP-022767,100
PROP-073025,100
PROP-099033,100
PROP-007707,100
PROP-068782,100
PROP-024530,100
PROP-077968,100
PROP-060514,100
PROP-091255,100
PROP-075679,100
PROP-078774,100
PROP-059162,100
PROP-014476,100
PROP-069503,100
PROP-097054,100
PROP-013118,100
PROP-087489,100
PROP-069648,100
PROP-036715,100
PROP-030723,100
PROP-076908,100
PROP-076399,100
PROP-009317,100
PROP-080844,100
PROP-071057,100
PROP-088175,100
PROP-012542,100
PROP-065705,100
PROP-063137,100
PROP-036413,100
PROP-082253,100
PROP-068928,100
PROP-081612,100
PROP-037420,100
PROP-038681,100
PROP-050511,100
PROP-004068,100
PROP-020855,100
PROP-058308,100
PROP-061045,100
PROP-077620,100
PROP-010975,100
PROP-016449,100
PROP-072254,100
PROP-048324,100
PROP-020649,100
PROP-035116,100
PROP-093038,100
PROP-070704,100
PROP-094585,100
PROP-006297,100
PROP-094922,100
PROP-039246,100
PROP-011292,100
PROP-025760,100
PROP-050998,100
PROP-098602,100
PROP-063562,100
PROP-045793,100
PROP-032916,100
PROP-081039,100
PROP-062539,100
PROP-074223,100
PROP-069404,100
PROP-039264,100
PROP-058775,100
PROP-037910,100
PROP-058917,100
PROP-058625,100
PROP-008558,100
PROP-074592,100
PROP-018979,100
PROP-019687,100
PROP-069335,100
PROP-068099,100
PROP-046094,100
PROP-047258,100
PROP-092413,100
PROP-045839,100
PROP-067784,100
PROP-051515,100
PROP-088298,100
PROP-043439,100
PROP-059052,100
PROP-067637,100
PROP-078953,100
PROP-053751,100
PROP-044603,100
PROP-067082,100
PROP-066065,100
PROP-033580,100
PROP-070104,100
PROP-037399,100
PROP-059504,100
PROP-037021,100
PROP-071661,100
PROP-017452,100
PROP-064077,100
PROP-037199,100
PROP-005922,100
PROP-098233,100
PROP-024958,100
PROP-082737,100
PROP-000649,100
PROP-036875,100
PROP-053440,100
PROP-041982,100
PROP-056741,100
PROP-021563,100
PROP-085584,100
PROP-023133,100
PROP-005082,100
PROP-000839,100
PROP-013996,100
PROP-001299,100
PROP-065061,100
PROP-078761,100
PROP-016290,100
PROP-098318,100
PROP-033079,100
PROP-026940,100
PROP-058832,100
PROP-063774,100
PROP-055765,100
PROP-015712,100
PROP-030224,100
PROP-052813,100
PROP-066926,100
PROP-024277,100
PROP-014391,100
PROP-011908,100
PROP-077856,100
PROP-098223,100
PROP-009041,100
PROP-082591,100
PROP-007957,100
PROP-039068,100
PROP-085537,100
PROP-044846,100
PROP-045817,100
PROP-044930,100
PROP-059214,100
PROP-053625,100
PROP-089169,100
PROP-041189,100
PROP-076235,100
PROP-022106,100
PROP-097258,100
PROP-034106,100
PROP-077832,100
PROP-035084,100
PROP-020418,100
PROP-061928,100
PROP-053902,100
PROP-028260,100
PROP-015938,100
PROP-081377,100
PROP-086036,100
PROP-051750,100
PROP-050410,100
PROP-017462,100
PROP-037528,100
PROP-038883,100
PROP-025478,100
PROP-091464,100
PROP-076162,100
PROP-027505,100
PROP-011981,100
PROP-096706,100
PROP-020537,100
PROP-030956,100
PROP-020279,100
PROP-051408,100
PROP-058010,100
PROP-038093,100
PROP-084627,100
PROP-074325,100
PROP-084696,100
PROP-051266,100
PROP-011406,100
PROP-041645,100
PROP-023703,100
PROP-040166,100
PROP-007386,100
PROP-084399,100
PROP-044257,100
PROP-006957,100
PROP-093982,100
PROP-029531,100
PROP-012025,100
PROP-078728,100
PROP-032934,100
PROP-050988,100
PROP-068669,100
PROP-004302,100
PROP-070752,100
PROP-051187,100
PROP-082009,100
PROP-051854,100
PROP-037888,100
PROP-044401,100
PROP-016935,100
PROP-013615,100
PROP-037258,100
PROP-010307,100
PROP-027664,100
PROP-060575,100
PROP-066955,100
PROP-054895,100
PROP-008212,100
PROP-097237,100
PROP-082610,100
PROP-098183,100
PROP-099504,100
PROP-013044,100
PROP-074782,100
PROP-084549,100
PROP-076487,100
PROP-047281,100
PROP-069400,100
PROP-022568,100
PROP-058853,100
PROP-044713,100
PROP-050447,100
PROP-037201,100
PROP-040953,100
PROP-021405,100
PROP-041030,100
PROP-004929,100
PROP-012853,100
PROP-067488,100
PROP-017192,100
PROP-038319,100
PROP-028888,100
PROP-006924,100
PROP-021168,100
PROP-093331,100
PROP-009203,100
PROP-063066,100
PROP-012322,100
PROP-045790,100
PROP-058642,100
PROP-004456,100
PROP-076428,100
PROP-081725,100
PROP-082319,100
PROP-016602,100
PROP-021543,100
PROP-022680,100
PROP-036569,100
PROP-024618,100
PROP-036858,100
PROP-057037,100
PROP-013520,100
PROP-031482,100
PROP-044296,100
PROP-010708,100
PROP-037446,100
PROP-061827,100
PROP-041409,100
PROP-029248,100
PROP-015255,100
PROP-008425,100
PROP-042034,100
PROP-097620,100
PROP-082014,100
PROP-026640,100
PROP-010058,100
PROP-071420,100
PROP-083788,100
PROP-003782,100
PROP-019319,100
PROP-056209,100
PROP-039277,100
PROP-005485,100
PROP-016210,100
PROP-027979,100
PROP-013614,100
PROP-092481,100
PROP-080966,100
PROP-065229,100
PROP-051192,100
PROP-023173,100
PROP-023691,100
PROP-062432,100
PROP-089897,100
PROP-056840,100
PROP-061091,100
PROP-099181,100
PROP-052177,100
PROP-065718,100
PROP-096439,100
PROP-077116,100
PROP-085541,100
PROP-005898,100
PROP-069296,100
PROP-091330,100
PROP-044220,100
PROP-084137,100
PROP-031500,100
PROP-039387,100
PROP-046464,100
PROP-003867,100
PROP-086567,100
PROP-062538,100
PROP-052355,100
PROP-050077,100
PROP-077851,100
PROP-019186,100
PROP-025613,100
PROP-015285,100
PROP-028646,100
PROP-049485,100
PROP-045274,100
PROP-067478,100
PROP-033017,100
PROP-005827,100
PROP-059974,100
PROP-082422,100
PROP-091316,100
PROP-029696,100
PROP-022092,100
PROP-048772,100
PROP-077453,100
PROP-061590,100
PROP-007042,100
PROP-070305,100
PROP-068896,100
PROP-067589,100
PROP-017553,100
PROP-024909,100
PROP-043690,100
PROP-058663,100
PROP-031766,100
PROP-006341,100
PROP-099501,100
PROP-004629,100
PROP-088717,100
PROP-089027,100
PROP-034705,100
PROP-052098,100
PROP-043793,100
PROP-087557,100
PROP-022403,100
PROP-034387,100
PROP-006484,100
PROP-079509,100
PROP-071878,100
PROP-020139,100
PROP-030874,100
PROP-091627,100
PROP-089723,100
PROP-051107,100
PROP-041334,100
PROP-002213,100
PROP-010509,100
PROP-010750,100
PROP-019620,100
PROP-033316,100
PROP-071881,100
PROP-076945,100
PROP-097675,100
PROP-017406,100
PROP-093068,100
PROP-016499,100
PROP-068569,100
PROP-047788,100
PROP-040931,100
PROP-073320,100
PROP-029146,100
PROP-063879,100
PROP-046414,100
PROP-081035,100
PROP-070205,100
PROP-050726,100
PROP-059743,100
PROP-046977,100
PROP-010870,100
PROP-017567,100
PROP-085552,100
PROP-065095,100
PROP-083639,100
PROP-019794,100
PROP-088503,100
PROP-047881,100
PROP-020347,100
PROP-031386,100
PROP-072665,100
PROP-049527,100
PROP-057410,100
PROP-096902,100
PROP-006261,100
PROP-004648,100
PROP-058474,100
PROP-078541,100
PROP-080427,100
PROP-088911,100
PROP-083860,100
PROP-062576,100
PROP-069428,100
PROP-066040,100
PROP-083442,100
PROP-030186,100
PROP-028938,100
PROP-062687,100
PROP-067126,100
PROP-088982,100
PROP-050277,100
PROP-072582,100
PROP-082355,100
PROP-025783,100
PROP-075866,100
PROP-098952,100
PROP-050777,100
PROP-046750,100
PROP-019623,100
PROP-082673,100
PROP-009606,100
PROP-081674,100
PROP-056233,100
PROP-015272,100
PROP-014525,100
PROP-089399,100
PROP-049009,100
PROP-083394,100
PROP-013613,100
PROP-003428,100
PROP-048555,100
PROP-007525,100
PROP-052045,100
PROP-041455,100
PROP-000291,100
PROP-001656,100
PROP-094113,100
PROP-075147,100
PROP-003237,100
PROP-000608,100
PROP-056867,100
PROP-005603,100
PROP-025132,100
PROP-014603,100
PROP-095270,100
PROP-012518,100
PROP-018145,100
PROP-034164,100
PROP-029252,100
PROP-040984,100
PROP-045423,100
PROP-042883,100
PROP-095093,100
PROP-045656,100
PROP-061472,100
PROP-088187,100
PROP-099386,100
PROP-033927,100
PROP-037103,100
PROP-051993,100
PROP-005910,100
PROP-036154,100
PROP-001760,100
PROP-019358,100
PROP-043708,100
PROP-039608,100
PROP-064857,100
PROP-006697,100
PROP-092269,100
PROP-085804,100
PROP-078837,100
PROP-091624,100
PROP-040089,100
PROP-031385,100
PROP-026351,100
PROP-012052,100
PROP-036327,100
PROP-050279,100
PROP-032201,100
PROP-027984,100
PROP-072827,100
PROP-098837,100
PROP-065231,100
PROP-031111,100
PROP-043985,100
PROP-027352,100
PROP-033358,100
PROP-033824,100
PROP-002906,100
PROP-025594,100
PROP-060525,100
PROP-084013,100
PROP-083376,100
PROP-008313,100
PROP-086728,100
PROP-013582,100
PROP-070570,100
PROP-023553,100
PROP-080292,100
PROP-086245,100
PROP-085801,100
PROP-080034,100
PROP-037018,100
PROP-093031,100
PROP-086677,100
PROP-064861,100
PROP-064109,100
PROP-085108,100
PROP-081244,100
PROP-071648,100
PROP-057009,100
PROP-063279,100
PROP-055605,100
PROP-096332,100
PROP-033704,100
PROP-023094,100
PROP-025986,100
PROP-013313,100
PROP-064727,100
PROP-030604,100
PROP-067521,100
PROP-082684,100
PROP-041493,100
PROP-066473,100
PROP-029175,100
PROP-004524,100
PROP-035886,100
PROP-086821,100
PROP-045512,100
PROP-038935,100
PROP-077497,100
PROP-015193,100
PROP-025928,100
PROP-061434,100
PROP-044983,100
PROP-097053,100
PROP-046638,100
PROP-095238,100
PROP-033981,100
PROP-006035,100
PROP-091929,100
PROP-098035,100
PROP-001284,100
PROP-089333,100
PROP-024823,100
PROP-080469,100
PROP-005607,100
PROP-098535,100
PROP-017774,100
PROP-098514,100
PROP-080919,100
PROP-088847,100
PROP-079751,100
PROP-026659,100
PROP-041072,100
PROP-024464,100
PROP-070211,100
PROP-020105,100
PROP-006230,100
PROP-073425,100
PROP-097821,100
PROP-032377,100
PROP-072054,100
PROP-080232,100
PROP-070797,100
PROP-058366,100
PROP-002734,100
PROP-084674,100
PROP-053491,100
PROP-088784,100
PROP-083364,100
PROP-091453,100
PROP-081973,100
PROP-089776,100
PROP-097381,100
PROP-021031,100
PROP-065323,100
PROP-075168,100
PROP-005906,100
PROP-079145,100
PROP-041067,100
PROP-001470,100
PROP-077793,100
PROP-019055,100
PROP-086423,100
PROP-064293,100
PROP-091850,100
PROP-053228,100
PROP-001604,100
PROP-088929,100
PROP-053353,100
PROP-093544,100
PROP-055264,100
PROP-038717,100
PROP-051683,100
PROP-022894,100
PROP-079159,100
PROP-050960,100
PROP-039868,100
PROP-090626,100
PROP-021301,100
PROP-020524,100
PROP-014519,100
PROP-080969,100
PROP-061142,100
PROP-040608,100
PROP-021311,100
PROP-053931,100
PROP-029365,100
PROP-073634,100
PROP-086429,100
PROP-074241,100
PROP-017106,100
PROP-065923,100
PROP-079176,100
PROP-062491,100
PROP-094384,100
PROP-055877,100
PROP-067343,100
PROP-095982,100
PROP-021155,100
PROP-021193,100
PROP-066940,100
PROP-099545,100
PROP-062238,100
PROP-037291,100
PROP-055923,100
PROP-014781,100
PROP-019427,100
PROP-073238,100
PROP-095846,100
PROP-078457,100
PROP-001834,100
PROP-082489,100
PROP-025502,100
PROP-090981,100
PROP-094627,100
PROP-075377,100
PROP-039939,100
PROP-021037,100
PROP-017920,100
PROP-052291,100
PROP-089811,100
PROP-003029,100
PROP-084973,100
PROP-053730,100
PROP-069072,100
PROP-055185,100
PROP-031222,100
PROP-099205,100
PROP-069398,100
PROP-087033,100
PROP-041232,100
PROP-067204,100
PROP-038951,100
PROP-061672,100
PROP-004383,100
PROP-032333,100
PROP-060802,100
PROP-054344,100
PROP-061684,100
PROP-057535,100
PROP-095746,100
PROP-074150,100
PROP-082855,100
PROP-078848,100
PROP-082111,100
PROP-070440,100
PROP-072958,100
PROP-019889,100
PROP-053445,100
PROP-044667,100
PROP-052706,100
PROP-010970,100
PROP-036940,100
PROP-009472,100
PROP-038124,100
PROP-044879,100
PROP-073097,100
PROP-038425,100
PROP-045804,100
PROP-011910,100
PROP-031364,100
PROP-031031,100
PROP-011152,100
PROP-021908,100
PROP-049334,100
PROP-040903,100
PROP-094143,100
PROP-051662,100
PROP-015964,100
PROP-087501,100
PROP-043704,100
PROP-033695,100
PROP-036668,100
PROP-048977,100
PROP-067420,100
PROP-073505,100
PROP-094895,100
PROP-096797,100
PROP-086861,100
PROP-030031,100
PROP-056094,100
PROP-089708,100
PROP-071665,100
PROP-047118,100
PROP-024652,100
PROP-094963,100
PROP-039710,100
PROP-052009,100
PROP-096631,100
PROP-046677,100
PROP-085012,100
PROP-095696,100
PROP-021561,100
PROP-031632,100
PROP-049857,100
PROP-041298,100
PROP-068441,100
PROP-049489,100
PROP-007254,100
PROP-039452,100
PROP-064138,100
PROP-073220,100
PROP-015576,100
PROP-027333,100
PROP-013185,100
PROP-052507,100
PROP-026686,100
PROP-090872,100
PROP-037159,100
PROP-043090,100
PROP-084457,100
PROP-023444,100
PROP-017232,100
PROP-078406,100
PROP-040751,100
PROP-038739,100
PROP-072574,100
PROP-090140,100
PROP-007441,100
PROP-097693,100
PROP-081702,100
PROP-029763,100
PROP-048178,100
PROP-068958,100
PROP-054728,100
PROP-086962,100
PROP-002976,100
PROP-058476,100
PROP-049191,100
PROP-006413,100
PROP-082744,100
PROP-024211,100
PROP-040336,100
PROP-091785,100
PROP-041225,100
PROP-063832,100
PROP-097427,100
PROP-080951,100
PROP-049390,100
PROP-074974,100
PROP-072376,100
PROP-082484,100
PROP-060242,100
PROP-081685,100
PROP-014423,100
PROP-002325,100
PROP-090011,100
PROP-077999,100
PROP-089445,100
PROP-073459,100
PROP-054924,100
PROP-004493,100
PROP-091545,100
PROP-006072,100
PROP-096810,100
PROP-065498,100
PROP-018094,100
PROP-059062,100
PROP-021843,100
PROP-057431,100
PROP-035741,100
PROP-092541,100
PROP-085465,100
PROP-098280,100
PROP-088775,100
PROP-027744,100
PROP-019608,100
PROP-085197,100
PROP-076806,100
PROP-009410,100
PROP-033926,100
PROP-040520,100
PROP-032629,100
PROP-083488,100
PROP-004018,100
PROP-061622,100
PROP-086525,100
PROP-010329,100
PROP-065397,100
PROP-098049,100
PROP-057520,100
PROP-064532,100
PROP-073351,100
PROP-092166,100
PROP-005756,100
PROP-047743,100
PROP-087548,100
PROP-021208,100
PROP-068479,100
PROP-025924,100
PROP-037400,100
PROP-059419,100
PROP-081455,100
PROP-007722,100
PROP-091606,100
PROP-081200,100
PROP-013884,100
PROP-041930,100
PROP-075666,100
PROP-066957,100
PROP-080702,100
PROP-009761,100
PROP-018053,100
PROP-036107,100
PROP-015452,100
PROP-065757,100
PROP-033112,100
PROP-015397,100
PROP-016438,100
PROP-092347,100
PROP-038687,100
PROP-096177,100
PROP-052875,100
PROP-014218,100
PROP-039007,100
PROP-015691,100
PROP-010815,100
PROP-054747,100
PROP-059126,100
PROP-000358,100
PROP-068282,100
PROP-052780,100
PROP-079066,100
PROP-012731,100
PROP-068901,100
PROP-020858,100
PROP-021857,100
PROP-022786,100
PROP-040833,100
PROP-085131,100
PROP-032223,100
PROP-010409,100
PROP-000266,100
PROP-019347,100
PROP-021280,100
PROP-081809,100
PROP-090237,100
PROP-047486,100
PROP-007322,100
PROP-099208,100
PROP-078881,100
PROP-085881,100
PROP-029006,100
PROP-085286,100
PROP-068030,100
PROP-030580,100
PROP-017686,100
PROP-055449,100
PROP-093179,100
PROP-055499,100
PROP-061512,100
PROP-008087,100
PROP-016777,100
PROP-063218,100
PROP-083555,100
PROP-099754,100
PROP-068367,100
PROP-080336,100
PROP-015617,100
PROP-033945,100
PROP-089437,100
PROP-039589,100
PROP-082829,100
PROP-013106,100
PROP-002770,100
PROP-004225,100
PROP-064277,100
PROP-017384,100
PROP-000307,100
PROP-046718,100
PROP-084527,100
PROP-006648,100
PROP-018768,100
PROP-072371,100
PROP-064519,100
PROP-073474,100
PROP-010904,100
PROP-006808,100
PROP-023261,100
PROP-023229,100
PROP-007901,100
PROP-068752,100
PROP-063409,100
PROP-044655,100
PROP-035691,100
PROP-054801,100
PROP-073838,100
PROP-026499,100
PROP-033417,100
PROP-003599,100
PROP-001938,100
PROP-091404,100
PROP-036382,100
PROP-070010,100
PROP-016076,100
PROP-029358,100
PROP-070622,100
PROP-003510,100
PROP-082004,100
PROP-052767,100
PROP-013992,100
PROP-045897,100
PROP-000156,100
PROP-074871,100
PROP-050580,100
PROP-055622,100
PROP-037574,100
PROP-037080,100
PROP-099408,100
PROP-018783,100
PROP-080976,100
PROP-008625,100
PROP-049446,100
PROP-097561,100
PROP-078799,100
PROP-027776,100
PROP-044231,100
PROP-050913,100
PROP-028913,100
PROP-089264,100
PROP-055927,100
PROP-013191,100
PROP-011959,100
PROP-071802,100
PROP-057565,100
PROP-039045,100
PROP-014249,100
PROP-067411,100
PROP-065358,100
PROP-039247,100
PROP-028193,100
PROP-067918,100
PROP-041581,100
PROP-062764,100
PROP-076951,100
PROP-076901,100
PROP-048961,100
PROP-002472,100
PROP-054101,100
PROP-074758,100
PROP-068858,100
PROP-017733,100
PROP-005708,100
PROP-019972,100
PROP-096564,100
PROP-098452,100
PROP-056182,100
PROP-082173,100
PROP-067155,100
PROP-013852,100
PROP-036216,100
PROP-036577,100
PROP-081582,100
PROP-049896,100
PROP-049778,100
PROP-066844,100
PROP-020674,100
PROP-073044,100
PROP-061527,100
PROP-044084,100
PROP-098301,100
PROP-051796,100
PROP-012389,100
PROP-046573,100
PROP-091936,100
PROP-075720,100
PROP-015001,100
PROP-092790,100
PROP-021367,100
PROP-087162,100
PROP-050221,100
PROP-068745,100
PROP-009981,100
PROP-051840,100
PROP-011775,100
PROP-026822,100
PROP-014542,100
PROP-049851,100
PROP-084326,100
PROP-048170,100
PROP-083188,100
PROP-092806,100
PROP-090617,100
PROP-066908,100
PROP-092251,100
PROP-052970,100
PROP-021640,100
PROP-047613,100
PROP-042049,100
PROP-038779,100
PROP-014541,100
PROP-083170,100
PROP-042157,100
PROP-090818,100
PROP-017770,100
PROP-003228,100
PROP-091612,100
PROP-049095,100
PROP-091266,100
PROP-044912,100
PROP-028983,100
PROP-038505,100
PROP-056467,100
PROP-026506,100
PROP-074398,100
PROP-069143,100
PROP-001524,100
PROP-091823,100
PROP-094508,100
PROP-088767,100
PROP-002297,100
PROP-084717,100
PROP-007975,100
PROP-054204,100
PROP-097393,100
PROP-034031,100
PROP-012902,100
PROP-038797,100
PROP-001327,100
PROP-038640,100
PROP-050551,100
PROP-066349,100
PROP-046886,100
PROP-067829,100
PROP-065064,100
PROP-003383,100
PROP-059671,100
PROP-080882,100
PROP-066329,100
PROP-050007,100
PROP-007221,100
PROP-053099,100
PROP-075161,100
PROP-074720,100
PROP-008715,100
PROP-009692,100
PROP-016665,100
PROP-078200,100
PROP-069992,100
PROP-063294,100
PROP-058749,100
PROP-096080,100
PROP-071971,100
PROP-008802,100
PROP-089565,100
PROP-018031,100
PROP-063239,100
PROP-086053,100
PROP-057767,100
PROP-043988,100
PROP-016550,100
PROP-083437,100
PROP-042845,100
PROP-090461,100
PROP-048895,100
PROP-071518,100
PROP-097728,100
PROP-018528,100
PROP-082346,100
PROP-099986,100
PROP-012343,100
PROP-085901,100
PROP-055864,100
PROP-028939,100
PROP-050114,100
PROP-023194,100
PROP-040725,100
PROP-040356,100
PROP-042859,100
PROP-054609,100
PROP-061985,100
PROP-029631,100
PROP-004858,100
PROP-062529,100
PROP-088512,100
PROP-028459,100
PROP-040398,100
PROP-088110,100
PROP-036111,100
PROP-094706,100
PROP-052219,100
PROP-044589,100
PROP-060279,100
PROP-048063,100
PROP-003072,100
PROP-028813,100
PROP-070697,100
PROP-081076,100
PROP-050493,100
PROP-022709,100
PROP-081581,100
PROP-078755,100
PROP-032796,100
PROP-013587,100
PROP-091008,100
PROP-054791,100
PROP-037873,100
PROP-081270,100
PROP-011232,100
PROP-063368,100
PROP-001223,100
PROP-091796,100
PROP-001901,100
PROP-026243,100
PROP-014369,100
PROP-053864,100
PROP-021269,100
PROP-022678,100
PROP-041715,100
PROP-086830,100
PROP-014462,100
PROP-017836,100
PROP-023205,100
PROP-070430,100
PROP-039881,100
PROP-003343,100
PROP-076836,100
PROP-018486,100
PROP-001986,100
PROP-076550,100
PROP-022997,100
PROP-087540,100
PROP-015646,100
PROP-005434,100
PROP-097011,100
PROP-042908,100
PROP-074603,100
PROP-055733,100
PROP-051650,100
PROP-058592,100
PROP-001433,100
PROP-038399,100
PROP-046076,100
PROP-054100,100
PROP-065952,100
PROP-037902,100
PROP-024492,100
PROP-042793,100
PROP-042121,100
PROP-050679,100
PROP-029463,100
PROP-020353,100
PROP-063590,100
PROP-005838,100
PROP-081240,100
PROP-076490,100
PROP-026350,100
PROP-053551,100
PROP-062435,100
PROP-030735,100
PROP-029551,100
PROP-004887,100
PROP-025933,100
PROP-077694,100
PROP-094407,100
PROP-058550,100
PROP-037028,100
PROP-047069,100
PROP-029385,100
PROP-030239,100
PROP-018117,100
PROP-031977,100
PROP-005629,100
PROP-018843,100
PROP-049232,100
PROP-069141,100
PROP-077026,100
PROP-053174,100
PROP-087261,100
PROP-021239,100
PROP-094420,100
PROP-042388,100
PROP-066276,100
PROP-018909,100
PROP-050066,100
PROP-086311,100
PROP-010107,100
PROP-057875,100
PROP-083749,100
PROP-061112,100
PROP-012370,100
PROP-079386,100
PROP-057853,100
PROP-058782,100
PROP-095503,100
PROP-030103,100
PROP-040808,100
PROP-019738,100
PROP-053335,100
PROP-090703,100
PROP-002849,100
PROP-014355,100
PROP-061317,100
PROP-094920,100
PROP-017389,100
PROP-010943,100
PROP-030818,100
PROP-009802,100
PROP-052662,100
PROP-088652,100
PROP-032288,100
PROP-011029,100
PROP-046375,100
PROP-086437,100
PROP-033705,100
PROP-097792,100
PROP-091620,100
PROP-006194,100
PROP-022219,100
PROP-014966,100
PROP-063772,100
PROP-014353,100
PROP-095516,100
PROP-068925,100
PROP-007981,100
PROP-010408,100
PROP-013187,100
PROP-061034,100
PROP-061126,100
PROP-044141,100
PROP-003562,100
PROP-017472,100
PROP-006843,100
PROP-035621,100
PROP-020464,100
PROP-084590,100
PROP-081514,100
PROP-049550,100
PROP-008099,100
PROP-021200,100
PROP-029778,100
PROP-054982,100
PROP-073202,100
PROP-091674,100
PROP-086207,100
PROP-013138,100
PROP-081458,100
PROP-071797,100
PROP-070553,100
PROP-043651,100
PROP-046118,100
PROP-006950,100
PROP-088305,100
PROP-071064,100
PROP-052994,100
PROP-057575,100
PROP-041725,100
PROP-031080,100
PROP-019424,100
PROP-007984,100
PROP-073935,100
PROP-084634,100
PROP-097363,100
PROP-063546,100
PROP-010335,100
PROP-096619,100
PROP-055440,100
PROP-047799,100
PROP-023494,100
PROP-085196,100
PROP-035673,100
PROP-056618,100
PROP-058315,100
PROP-058695,100
PROP-032280,100
PROP-069435,100
PROP-030758,100
PROP-014344,100
PROP-079180,100
PROP-042561,100
PROP-052923,100
PROP-044612,100
PROP-065313,100
PROP-078092,100
PROP-035828,100
PROP-091608,100
PROP-093710,100
PROP-088203,100
PROP-002245,100
PROP-026699,100
PROP-047002,100
PROP-075105,100
PROP-083721,100
PROP-090772,100
PROP-031066,100
PROP-069458,100
PROP-060026,100
PROP-075621,100
PROP-078907,100
PROP-068290,100
PROP-080417,100
PROP-073745,100
PROP-052629,100
PROP-023981,100
PROP-011544,100
PROP-046819,100
PROP-091413,100
PROP-070476,100
PROP-063640,100
PROP-032489,100
PROP-073423,100
PROP-095347,100
PROP-062050,100
PROP-050107,100
PROP-015814,100
PROP-069042,100
PROP-035840,100
PROP-043472,100
PROP-024415,100
PROP-079778,100
PROP-098871,100
PROP-083877,100
PROP-038001,100
PROP-062522,100
PROP-022922,100
PROP-091884,100
PROP-069995,100
PROP-048926,100
PROP-073779,100
PROP-058229,100
PROP-067756,100
PROP-080055,100
PROP-075036,100
PROP-015444,100
PROP-026026,100
PROP-020028,100
PROP-081587,100
PROP-063350,100
PROP-025220,100
PROP-088367,100
PROP-015673,100
PROP-097122,100
PROP-011642,100
PROP-068482,100
PROP-048037,100
PROP-070505,100
PROP-087147,100
PROP-015848,100
PROP-058649,100
PROP-077021,100
PROP-086043,100
PROP-068204,100
PROP-048073,100
PROP-053955,100
PROP-097672,100
PROP-099256,100
PROP-093904,100
PROP-026737,100
PROP-019579,100
PROP-053304,100
PROP-029730,100
PROP-046219,100
PROP-022518,100
PROP-063145,100
PROP-079782,100
PROP-009303,100
PROP-084782,100
PROP-007592,100
PROP-041013,100
PROP-084184,100
PROP-000490,100
PROP-012413,100
PROP-089398,100
PROP-001025,100
PROP-027105,100
PROP-091175,100
PROP-000469,100
PROP-030421,100
PROP-041192,100
PROP-079267,100
PROP-067921,100
PROP-079192,100
PROP-021009,100
PROP-001112,100
PROP-040940,100
PROP-099052,100
PROP-004514,100
PROP-061841,100
PROP-036648,100
PROP-057503,100
PROP-066626,100
PROP-012700,100
PROP-013989,100
PROP-002971,100
PROP-079338,100
PROP-070292,100
PROP-050501,100
PROP-061122,100
PROP-005686,100
PROP-097112,100
PROP-086769,100
PROP-091207,100
PROP-031586,100
PROP-058800,100
PROP-050601,100
PROP-023448,100
PROP-087679,100
PROP-024510,100
PROP-075950,100
PROP-083259,100
PROP-050587,100
PROP-016209,100
PROP-011396,100
PROP-019038,100
PROP-044367,100
PROP-089441,100
PROP-099513,100
PROP-064972,100
PROP-098763,100
PROP-042306,100
PROP-033888,100
PROP-036128,100
PROP-026871,100
PROP-039463,100
PROP-079763,100
PROP-040424,100
PROP-058930,100
PROP-035329,100
PROP-050260,100
PROP-014351,100
PROP-083990,100
PROP-081682,100
PROP-086833,100
PROP-051827,100
PROP-028144,100
PROP-049838,100
PROP-090471,100
PROP-005826,100
PROP-045467,100
PROP-099313,100
PROP-013339,100
PROP-003632,100
PROP-063192,100
PROP-081751,100
PROP-006533,100
PROP-020603,100
PROP-009325,100
PROP-061439,100
PROP-039217,100
PROP-023212,100
PROP-084756,100
PROP-046637,100
PROP-094820,100
PROP-017765,100
PROP-035785,100
PROP-022274,100
PROP-062143,100
PROP-044783,100
PROP-033019,100
PROP-030788,100
PROP-018171,100
PROP-052341,100
PROP-087772,100
PROP-056402,100
PROP-008777,100
PROP-014071,100
PROP-046338,100
PROP-093306,100
PROP-022019,100
PROP-035477,100
PROP-042128,100
PROP-059186,100
PROP-094701,100
PROP-030325,100
PROP-076229,100
PROP-076121,100
PROP-098950,100
PROP-011353,100
PROP-000259,100
PROP-011000,100
PROP-017583,100
PROP-071031,100
PROP-040567,100
PROP-019250,100
PROP-047471,100
PROP-068439,100
PROP-052183,100
PROP-079770,100
PROP-003506,100
PROP-067192,100
PROP-045859,100
PROP-029098,100
PROP-032804,100
PROP-047230,100
PROP-054620,100
PROP-000327,100
PROP-093060,100
PROP-023038,100
PROP-017612,100
PROP-055287,100
PROP-080052,100
PROP-027447,100
PROP-047135,100
PROP-010311,100
PROP-014389,100
PROP-009060,100
PROP-003949,100
PROP-025240,100
PROP-009689,100
PROP-050737,100
PROP-006836,100
PROP-030326,100
PROP-027451,100
PROP-048548,100
PROP-029683,100
PROP-014297,100
PROP-007865,100
PROP-081554,100
PROP-013612,100
PROP-085420,100
PROP-068956,100
PROP-079895,100
PROP-054554,100
PROP-096617,100
PROP-019205,100
PROP-012257,100
PROP-007163,100
PROP-070200,100
PROP-092578,100
PROP-076296,100
PROP-034509,100
PROP-091223,100
PROP-036850,100
PROP-028554,100
PROP-058037,100
PROP-028321,100
PROP-019722,100
PROP-088075,100
PROP-033240,100
PROP-063179,100
PROP-085748,100
PROP-054070,100
PROP-049435,100
PROP-050176,100
PROP-025862,100
PROP-019352,100
PROP-026582,100
PROP-055664,100
PROP-046979,100
PROP-080433,100
PROP-082710,100
PROP-004412,100
PROP-093037,100
PROP-008865,100
PROP-050309,100
PROP-000562,100
PROP-010678,100
PROP-059110,100
PROP-069144,100
PROP-003179,100
PROP-039539,100
PROP-011769,100
PROP-002943,100
PROP-043209,100
PROP-053296,100
PROP-026634,100
PROP-082722,100
PROP-086946,100
PROP-056877,100
PROP-081014,100
PROP-025139,100
PROP-019509,100
PROP-070861,100
PROP-022633,100
PROP-068215,100
PROP-057494,100
PROP-010373,100
PROP-037594,100
PROP-080825,100
PROP-010043,100
PROP-039986,100
PROP-090279,100
PROP-067355,100
PROP-043767,100
PROP-006209,100
PROP-095129,100
PROP-083407,100
PROP-068631,100
PROP-019316,100
PROP-072651,100
PROP-081434,100
PROP-088193,100
PROP-033908,100
PROP-088813,100
PROP-010490,100
PROP-077286,100
PROP-013176,100
PROP-054817,100
PROP-028916,100
PROP-056392,100
PROP-047713,100
PROP-030768,100
PROP-008993,100
PROP-033784,100
PROP-098720,100
PROP-082923,100
PROP-090215,100
PROP-068718,100
PROP-021111,100
PROP-041906,100
PROP-028267,100
PROP-075659,100
PROP-065875,100
PROP-045984,100
PROP-093987,100
PROP-054702,100
PROP-019875,100
PROP-014130,100
PROP-098784,100
PROP-012418,100
PROP-001565,100
PROP-000798,100
PROP-030270,100
PROP-055761,100
PROP-024142,100
PROP-022687,100
PROP-096636,100
PROP-067190,100
PROP-009137,100
PROP-064588,100
PROP-070175,100
PROP-089167,100
PROP-050785,100
PROP-098785,100
PROP-089125,100
PROP-090971,100
PROP-078007,100
PROP-008892,100
PROP-007910,100
PROP-000625,100
PROP-081765,100
PROP-005676,100
PROP-059195,100
PROP-060455,100
PROP-042931,100
PROP-040025,100
PROP-057533,100
PROP-094746,100
PROP-031891,100
PROP-062514,100
PROP-025122,100
PROP-048906,100
PROP-098528,100
PROP-036667,100
PROP-020748,100
PROP-063674,100
PROP-082893,100
PROP-089483,100
PROP-062554,100
PROP-099679,100
PROP-037688,100
PROP-020342,100
PROP-077799,100
PROP-011124,100
PROP-073466,100
PROP-037573,100
PROP-068029,100
PROP-054009,100
PROP-037535,100
PROP-033974,100
PROP-075185,100
PROP-053563,100
PROP-018402,100
PROP-089992,100
PROP-069723,100
PROP-099766,100
PROP-095004,100
PROP-063035,100
PROP-036153,100
PROP-086660,100
PROP-021764,100
PROP-087847,100
PROP-016073,100
PROP-041777,100
PROP-077686,100
PROP-037148,100
PROP-080190,100
PROP-030094,100
PROP-028259,100
PROP-096799,100
PROP-034619,100
PROP-069009,100
PROP-058484,100
PROP-098673,100
PROP-095039,100
PROP-080842,100
PROP-058771,100
PROP-003175,100
PROP-017929,100
PROP-033051,100
PROP-031756,100
PROP-088335,100
PROP-054286,100
PROP-055706,100
PROP-056237,100
PROP-032714,100
PROP-055010,100
PROP-008261,100
PROP-046003,100
PROP-041138,100
PROP-038807,100
PROP-083297,100
PROP-056654,100
PROP-088483,100
PROP-057260,100
PROP-034257,100
PROP-023601,100
PROP-026764,100
PROP-021106,100
PROP-056719,100
PROP-007509,100
PROP-014507,100
PROP-047493,100
PROP-060823,100
PROP-070403,100
PROP-094218,100
PROP-021762,100
PROP-052167,100
PROP-098572,100
PROP-015812,100
PROP-059060,100
PROP-042169,100
PROP-030259,100
PROP-081450,100
PROP-089025,100
PROP-053699,100
PROP-039088,100
PROP-069212,100
PROP-055920,100
PROP-004441,100
PROP-031428,100
PROP-074281,100
PROP-063355,100
PROP-056026,100
PROP-040954,100
PROP-099456,100
PROP-029621,100
PROP-053556,100
PROP-029318,100
PROP-078249,100
PROP-073977,100
PROP-020614,100
PROP-007307,100
PROP-092692,100
PROP-012705,100
PROP-005343,100
PROP-043268,100
PROP-015057,100
PROP-084950,100
PROP-042199,100
PROP-029933,100
PROP-065180,100
PROP-047632,100
PROP-073621,100
PROP-065882,100
PROP-034968,100
PROP-048970,100
PROP-003351,100
PROP-092218,100
PROP-077278,100
PROP-067068,100
PROP-024711,100
PROP-037823,100
PROP-030098,100
PROP-046125,100
PROP-077390,100
PROP-090667,100
PROP-048349,100
PROP-095865,100
PROP-079361,100
PROP-064767,100
PROP-067093,100
PROP-053085,100
PROP-025548,100
PROP-031217,100
PROP-075458,100
PROP-002778,100
PROP-033617,100
PROP-041612,100
PROP-039496,100
PROP-066834,100
PROP-074338,100
PROP-010303,100
PROP-055783,100
PROP-044109,100
PROP-005914,100
PROP-010843,100
PROP-003030,100
PROP-047979,100
PROP-065832,100
PROP-086760,100
PROP-030986,100
PROP-003404,100
PROP-057417,100
PROP-091602,100
PROP-018491,100
PROP-031965,100
PROP-023507,100
PROP-058020,100
PROP-036538,100
PROP-067917,100
PROP-023416,100
PROP-050669,100
PROP-099687,100
PROP-085765,100
PROP-085314,100
PROP-059465,100
PROP-017498,100
PROP-093474,100
PROP-053573,100
PROP-097326,100
PROP-053132,100
PROP-034024,100
PROP-045845,100
PROP-043326,100
PROP-089373,100
PROP-099230,100
PROP-070907,100
PROP-057366,100
PROP-051056,100
PROP-095209,100
PROP-091905,100
PROP-070102,100
PROP-069252,100
PROP-005429,100
PROP-043877,100
PROP-062495,100
PROP-054644,100
PROP-047071,100
PROP-029597,100
PROP-043419,100
PROP-043607,100
PROP-060505,100
PROP-010526,100
PROP-016193,100
PROP-045976,100
PROP-037850,100
PROP-065310,100
PROP-010456,100
PROP-003375,100
PROP-095810,100
PROP-016159,100
PROP-092922,100
PROP-005861,100
PROP-097921,100
PROP-008754,100
PROP-058402,100
PROP-059254,100
PROP-044663,100
PROP-096068,100
PROP-042079,100
PROP-091371,100
PROP-072440,100
PROP-094979,100
PROP-049826,100
PROP-029913,100
PROP-056649,100
PROP-019574,100
PROP-006321,100
PROP-063084,100
PROP-039402,100
PROP-075051,100
PROP-060168,100
PROP-069288,100
PROP-057109,100
PROP-030944,100
PROP-065904,100
PROP-065674,100
PROP-042409,100
PROP-067905,100
PROP-072601,100
PROP-037950,100
PROP-076900,100
PROP-030794,100
PROP-042493,100
PROP-064528,100
PROP-042123,100
PROP-039563,100
PROP-060346,100
PROP-020761,100
PROP-097868,100
PROP-000119,100
PROP-064027,100
PROP-042186,100
PROP-028779,100
PROP-006908,100
PROP-081665,100
PROP-050456,100
PROP-094909,100
PROP-052902,100
PROP-007770,100
PROP-076769,100
PROP-062452,100
PROP-031360,100
PROP-085963,100
PROP-078958,100
PROP-071042,100
PROP-079444,100
PROP-064535,100
PROP-080963,100
PROP-007275,100
PROP-057935,100
PROP-038417,100
PROP-021491,100
PROP-074653,100
PROP-070255,100
PROP-070997,100
PROP-077467,100
PROP-020734,100
PROP-049968,100
PROP-026879,100
PROP-018617,100
PROP-052806,100
PROP-043919,100
PROP-088369,100
PROP-062279,100
PROP-022634,100
PROP-079599,100
PROP-035441,100
PROP-002351,100
PROP-059813,100
PROP-007035,100
PROP-039346,100
PROP-015927,100
PROP-080285,100
PROP-063811,100
PROP-064620,100
PROP-061670,100
PROP-019361,100
PROP-030358,100
PROP-032864,100
PROP-075126,100
PROP-033813,100
PROP-057346,100
PROP-092716,100
PROP-052001,100
PROP-025211,100
PROP-027364,100
PROP-068879,100
PROP-074640,100
PROP-093812,100
PROP-056497,100
PROP-007327,100
PROP-087249,100
PROP-039697,100
PROP-066271,100
PROP-040083,100
PROP-000240,100
PROP-063705,100
PROP-066846,100
PROP-064237,100
PROP-035599,100
PROP-075604,100
PROP-060097,100
PROP-092531,100
PROP-078031,100
PROP-077207,100
PROP-019093,100
PROP-047438,100
PROP-022462,100
PROP-013431,100
PROP-022944,100
PROP-066669,100
PROP-046017,100
PROP-066504,100
PROP-035573,100
PROP-002323,100
PROP-016056,100
PROP-097246,100
PROP-043294,100
PROP-073402,100
PROP-016166,100
PROP-062350,100
PROP-006295,100
PROP-024468,100
PROP-042206,100
PROP-014033,100
PROP-067245,100
PROP-005409,100
PROP-091406,100
PROP-099290,100
PROP-087199,100
PROP-063848,100
PROP-015075,100
PROP-043313,100
PROP-008990,100
PROP-091980,100
PROP-085714,100
PROP-042248,100
PROP-021519,100
PROP-050594,100
PROP-084274,100
PROP-049881,100
PROP-007004,100
PROP-085478,100
PROP-019519,100
PROP-054682,100
PROP-038069,100
PROP-093992,100
PROP-033777,100
PROP-046019,100
PROP-056601,100
PROP-032184,100
PROP-030112,100
PROP-073316,100
PROP-000650,100
PROP-032941,100
PROP-026959,100
PROP-021178,100
PROP-004114,100
PROP-082116,100
PROP-080166,100
PROP-012644,100
PROP-072874,100
PROP-011554,100
PROP-001035,100
PROP-090999,100
PROP-082264,100
PROP-071701,100
PROP-010346,100
PROP-040207,100
PROP-036708,100
PROP-053948,100
PROP-005259,100
PROP-064758,100
PROP-021013,100
PROP-065473,100
PROP-093454,100
PROP-091057,100
PROP-012384,100
PROP-055297,100
PROP-034517,100
PROP-075817,100
PROP-093013,100
PROP-087624,100
PROP-030792,100
PROP-030215,100
PROP-051663,100
PROP-097951,100
PROP-047912,100
PROP-017676,100
PROP-023628,100
PROP-028375,100
PROP-042210,100
PROP-023064,100
PROP-063801,100
PROP-082299,100
PROP-051825,100
PROP-059622,100
PROP-009949,100
PROP-038496,100
PROP-095989,100
PROP-087104,100
PROP-012825,100
PROP-027324,100
PROP-091994,100
PROP-051197,100
PROP-041840,100
PROP-022917,100
PROP-066837,100
PROP-081738,100
PROP-058978,100
PROP-017975,100
PROP-070126,100
PROP-041180,100
PROP-017798,100
PROP-023539,100
PROP-059746,100
PROP-058615,100
PROP-057487,100
PROP-085601,100
PROP-092386,100
PROP-056121,100
PROP-076869,100
PROP-032380,100
PROP-002553,100
PROP-090232,100
PROP-082002,100
PROP-031267,100
PROP-096182,100
PROP-087618,100
PROP-002985,100
PROP-024108,100
PROP-074679,100
PROP-032774,100
PROP-016901,100
PROP-088010,100
PROP-089270,100
PROP-074898,100
PROP-035987,100
PROP-078033,100
PROP-064002,100
PROP-039311,100
PROP-013726,100
PROP-027296,100
PROP-022281,100
PROP-055690,100
PROP-051315,100
PROP-058313,100
PROP-091090,100
PROP-070793,100
PROP-010572,100
PROP-040388,100
PROP-060631,100
PROP-018616,100
PROP-069026,100
PROP-053609,100
PROP-065150,100
PROP-014905,100
PROP-013866,100
PROP-062761,100
PROP-060579,100
PROP-039660,100
PROP-052359,100
PROP-090719,100
PROP-082990,100
PROP-017569,100
PROP-089506,100
PROP-096202,100
PROP-005631,100
PROP-084263,100
PROP-084898,100
PROP-092107,100
PROP-073169,100
PROP-038377,100
PROP-094007,100
PROP-004084,100
PROP-037668,100
PROP-052645,100
PROP-036431,100
PROP-072447,100
PROP-042557,100
PROP-014973,100
PROP-054262,100
PROP-066146,100
PROP-008378,100
PROP-042756,100
PROP-075423,100
PROP-034865,100
PROP-079020,100
PROP-016970,100
PROP-089669,100
PROP-059291,100
PROP-095251,100
PROP-012244,100
PROP-006824,100
PROP-059112,100
PROP-078106,100
PROP-038335,100
PROP-023085,100
PROP-029459,100
PROP-041710,100
PROP-087671,100
PROP-003900,100
PROP-069583,100
PROP-084675,100
PROP-005959,100
PROP-016951,100
PROP-069363,100
PROP-064709,100
PROP-046004,100
PROP-016759,100
PROP-032090,100
PROP-012329,100
PROP-082423,100
PROP-032149,100
PROP-038154,100
PROP-018947,100
PROP-040981,100
PROP-082730,100
PROP-093866,100
PROP-005949,100
PROP-015733,100
PROP-074958,100
PROP-062643,100
PROP-019624,100
PROP-019763,100
PROP-062789,100
PROP-034761,100
PROP-056235,100
PROP-097825,100
PROP-064734,100
PROP-044234,100
PROP-049683,100
PROP-046612,100
PROP-036354,100
PROP-089672,100
PROP-050751,100
PROP-046155,100
PROP-066017,100
PROP-095120,100
PROP-075101,100
PROP-095017,100
PROP-041981,100
PROP-061964,100
PROP-035453,100
PROP-052244,100
PROP-080981,100
PROP-038877,100
PROP-055462,100
PROP-057278,100
PROP-082122,100
PROP-071872,100
PROP-045321,100
PROP-053047,100
PROP-054062,100
PROP-026483,100
PROP-023292,100
PROP-058486,100
PROP-084566,100
PROP-095514,100
PROP-099441,100
PROP-011150,100
PROP-021076,100
PROP-016898,100
PROP-062030,100
PROP-066748,100
PROP-041287,100
PROP-009403,100
PROP-045040,100
PROP-054072,100
PROP-013306,100
PROP-058759,100
PROP-086554,100
PROP-002578,100
PROP-045712,100
PROP-078255,100
PROP-014837,100
PROP-053600,100
PROP-091701,100
PROP-011116,100
PROP-047422,100
PROP-032836,100
PROP-057422,100
PROP-059123,100
PROP-050089,100
PROP-058066,100
PROP-017784,100
PROP-055121,100
PROP-043262,100
PROP-014127,100
PROP-076434,100
PROP-047953,100
PROP-018809,100
PROP-024972,100
PROP-039291,100
PROP-023671,100
PROP-003910,100
PROP-053652,100
PROP-051902,100
PROP-063734,100
PROP-050407,100
PROP-012982,100
PROP-004517,100
PROP-006004,100
PROP-062178,100
PROP-052967,100
PROP-080877,100
PROP-013742,100
PROP-010041,100
PROP-063188,100
PROP-014089,100
PROP-042955,100
PROP-028804,100
PROP-002978,100
PROP-031420,100
PROP-043316,100
PROP-096012,100
PROP-053103,100
PROP-002329,100
PROP-029472,100
PROP-071966,100
PROP-077665,100
PROP-041970,100
PROP-056550,100
PROP-002142,100
PROP-047320,100
PROP-068533,100
PROP-070508,100
PROP-047345,100
PROP-016352,100
PROP-004934,100
PROP-076258,100
PROP-055197,100
PROP-068043,100
PROP-080434,100
PROP-034364,100
PROP-039544,100
PROP-069679,100
PROP-052409,100
PROP-077148,100
PROP-038889,100
PROP-027417,100
PROP-033046,100
PROP-049016,100
PROP-064895,100
PROP-012466,100
PROP-060050,100
PROP-081321,100
PROP-098409,100
PROP-048240,100
PROP-045583,100
PROP-025653,100
PROP-055247,100
PROP-049909,100
PROP-062182,100
PROP-062048,100
PROP-089898,100
PROP-078707,100
PROP-060798,100
PROP-088131,100
PROP-094931,100
PROP-097248,100
PROP-035249,100
PROP-064568,100
PROP-014103,100
PROP-003734,100
PROP-063909,100
PROP-075460,100
PROP-067811,100
PROP-075388,100
PROP-079452,100
PROP-064691,100
PROP-085814,100
PROP-030154,100
PROP-074772,100
PROP-020030,100
PROP-017489,100
PROP-078349,100
PROP-083897,100
PROP-049249,100
PROP-077677,100
PROP-018651,100
PROP-069595,100
PROP-099069,100
PROP-048005,100
PROP-051668,100
PROP-063130,100
PROP-074077,100
PROP-002230,100
PROP-049933,100
PROP-020481,100
PROP-096966,100
PROP-043668,100
PROP-059842,100
PROP-091831,100
PROP-090255,100
PROP-069382,100
PROP-016548,100
PROP-092493,100
PROP-012051,100
PROP-017779,100
PROP-058823,100
PROP-097457,100
PROP-089755,100
PROP-041175,100
PROP-014221,100
PROP-042942,100
PROP-001993,100
PROP-036610,100
PROP-090409,100
PROP-094052,100
PROP-096429,100
PROP-020764,100
PROP-052202,100
PROP-029814,100
PROP-078209,100
PROP-054880,100
PROP-034280,100
PROP-025316,100
PROP-064522,100
PROP-093768,100
PROP-081382,100
PROP-071992,100
PROP-072703,100
PROP-085936,100
PROP-046239,100
PROP-041195,100
PROP-041038,100
PROP-038337,100
PROP-024916,100
PROP-021932,100
PROP-036058,100
PROP-003527,100
PROP-099207,100
PROP-048998,100
PROP-010191,100
PROP-016487,100
PROP-046279,100
PROP-073706,100
PROP-034085,100
PROP-040873,100
PROP-031564,100
PROP-079810,100
PROP-043577,100
PROP-062617,100
PROP-092709,100
PROP-041330,100
PROP-078042,100
PROP-046102,100
PROP-040939,100
PROP-084824,100
PROP-033192,100
PROP-028647,100
PROP-047758,100
PROP-055505,100
PROP-055764,100
PROP-027236,100
PROP-021569,100
PROP-036486,100
PROP-060378,100
PROP-046420,100
PROP-093749,100
PROP-064236,100
PROP-076015,100
PROP-007144,100
PROP-099549,100
PROP-072290,100
PROP-045113,100
PROP-050697,100
PROP-056708,100
PROP-088102,100
PROP-067691,100
PROP-091367,100
PROP-069971,100
PROP-095617,100
PROP-035975,100
PROP-015247,100
PROP-004380,100
PROP-022016,100
PROP-017940,100
PROP-012491,100
PROP-011970,100
PROP-017036,100
PROP-072345,100
PROP-049430,100
PROP-040259,100
PROP-010952,100
PROP-047821,100
PROP-090957,100
PROP-022280,100
PROP-096138,100
PROP-038398,100
PROP-063297,100
PROP-039473,100
PROP-056937,100
PROP-079320,100
PROP-095875,100
PROP-017122,100
PROP-026236,100
PROP-098336,100
PROP-046185,100
PROP-069310,100
PROP-071311,100
PROP-020082,100
PROP-042269,100
PROP-008780,100
PROP-095850,100
PROP-004118,100
PROP-081733,100
PROP-001703,100
PROP-049783,100
PROP-062744,100
PROP-075490,100
PROP-006709,100
PROP-025189,100
PROP-078167,100
PROP-028075,100
PROP-001815,100
PROP-069462,100
PROP-077316,100
PROP-012556,100
PROP-042678,100
PROP-032573,100
PROP-044269,100
PROP-096034,100
PROP-034554,100
PROP-092947,100
PROP-091178,100
PROP-026183,100
PROP-030904,100
PROP-078510,100
PROP-044214,100
PROP-000401,100
PROP-062573,100
PROP-033465,100
PROP-053804,100
PROP-036788,100
PROP-054365,100
PROP-092883,100
PROP-084615,100
PROP-025681,100
PROP-088891,100
PROP-067235,100
PROP-079373,100
PROP-073486,100
PROP-075874,100
PROP-075398,100
PROP-056389,100
PROP-046278,100
PROP-083935,100
PROP-049066,100
PROP-008168,100
PROP-026422,100
PROP-027565,100
PROP-091462,100
PROP-053367,100
PROP-096529,100
PROP-062612,100
PROP-023177,100
PROP-057093,100
PROP-023963,100
PROP-073862,100
PROP-081112,100
PROP-011489,100
PROP-093686,100
PROP-091190,100
PROP-091490,100
PROP-049327,100
PROP-090132,100
PROP-058667,100
PROP-016963,100
PROP-081616,100
PROP-028249,100
PROP-053686,100
PROP-022201,100
PROP-069711,100
PROP-074303,100
PROP-051178,100
PROP-053889,100
PROP-084998,100
PROP-084587,100
PROP-018582,100
PROP-081739,100
PROP-060908,100
PROP-080666,100
PROP-025504,100
PROP-096222,100
PROP-080523,100
PROP-026395,100
PROP-081451,100
PROP-022480,100
PROP-036699,100
PROP-070351,100
PROP-094405,100
PROP-065926,100
PROP-052635,100
PROP-022043,100
PROP-001153,100
PROP-012820,100
PROP-022957,100
PROP-022507,100
PROP-080671,100
PROP-044696,100
PROP-026488,100
PROP-029288,100
PROP-012306,100
PROP-079367,100
PROP-017045,100
PROP-000028,100
PROP-092209,100
PROP-063571,100
PROP-061638,100
PROP-034885,100
PROP-000479,100
PROP-002217,100
PROP-003318,100
PROP-082859,100
PROP-068202,100
PROP-043967,100
PROP-057812,100
PROP-070577,100
PROP-054150,100
PROP-015086,100
PROP-041046,100
PROP-088072,100
PROP-017426,100
PROP-048979,100
PROP-051113,100
PROP-096393,100
PROP-089195,100
PROP-074074,100
PROP-008907,100
PROP-022233,100
PROP-090790,100
PROP-049373,100
PROP-044926,100
PROP-053339,100
PROP-030378,100
PROP-026615,100
PROP-067755,100
PROP-019462,100
PROP-093748,100
PROP-017015,100
PROP-059649,100
PROP-009919,100
PROP-005026,100
PROP-094191,100
PROP-055623,100
PROP-098967,100
PROP-033334,100
PROP-093369,100
PROP-044459,100
PROP-046806,100
PROP-037334,100
PROP-064275,100
PROP-090914,100
PROP-096239,100
PROP-093789,100
PROP-063262,100
PROP-056423,100
PROP-031089,100
PROP-041594,100
PROP-003895,100
PROP-081584,100
PROP-037311,100
PROP-078064,100
PROP-021669,100
PROP-059113,100
PROP-042880,100
PROP-024676,100
PROP-094796,100
PROP-095170,100
PROP-073991,100
PROP-034304,100
PROP-061511,100
PROP-000909,100
PROP-027330,100
PROP-046141,100
PROP-042816,100
PROP-048470,100
PROP-005480,100
PROP-040688,100
PROP-093654,100
PROP-033130,100
PROP-035502,100
PROP-049496,100
PROP-017140,100
PROP-050818,100
PROP-018157,100
PROP-007721,100
PROP-001482,100
PROP-028992,100
PROP-003140,100
PROP-035126,100
PROP-008047,100
PROP-094488,100
PROP-019733,100
PROP-024371,100
PROP-018206,100
PROP-075257,100
PROP-087156,100
PROP-024965,100
PROP-068393,100
PROP-051760,100
PROP-037180,100
PROP-010845,100
PROP-027174,100
PROP-024640,100
PROP-029599,100
PROP-046498,100
PROP-095790,100
PROP-067208,100
PROP-010558,100
PROP-053517,100
PROP-050521,100
PROP-095172,100
PROP-066706,100
PROP-069692,100
PROP-078695,100
PROP-052118,100
PROP-090235,100
PROP-001553,100
PROP-039549,100
PROP-010711,100
PROP-026607,100
PROP-078743,100
PROP-021248,100
PROP-068444,100
PROP-001480,100
PROP-028028,100
PROP-038487,100
PROP-043042,100
PROP-045265,100
PROP-037622,100
PROP-057721,100
PROP-087722,100
PROP-087753,100
PROP-079352,100
PROP-042582,100
PROP-083199,100
PROP-028235,100
PROP-089631,100
PROP-043407,100
PROP-023596,100
PROP-022450,100
PROP-074023,100
PROP-044420,100
PROP-071932,100
PROP-076577,100
PROP-028769,100
PROP-018493,100
PROP-079403,100
PROP-036514,100
PROP-073260,100
PROP-063464,100
PROP-004501,100
PROP-002992,100
PROP-016055,100
PROP-044169,100
PROP-042163,100
PROP-005880,100
PROP-015320,100
PROP-069079,100
PROP-011650,100
PROP-089433,100
PROP-036840,100
PROP-028027,100
PROP-053575,100
PROP-060632,100
PROP-080770,100
PROP-069609,100
PROP-039607,100
PROP-079172,100
PROP-085075,100
PROP-088166,100
PROP-037094,100
PROP-087477,100
PROP-081460,100
PROP-070127,100
PROP-034270,100
PROP-096841,100
PROP-096687,100
PROP-078291,100
PROP-016203,100
PROP-040348,100
PROP-045619,100
PROP-073755,100
PROP-052658,100
PROP-087054,100
PROP-058074,100
PROP-004134,100
PROP-090992,100
PROP-073649,100
PROP-036223,100
PROP-094247,100
PROP-007611,100
PROP-044379,100
PROP-041466,100
PROP-000226,100
PROP-042764,100
PROP-079861,100
PROP-053274,100
PROP-053866,100
PROP-035248,100
PROP-074449,100
PROP-051454,100
PROP-003073,100
PROP-038695,100
PROP-039834,100
PROP-096502,100
PROP-045851,100
PROP-078517,100
PROP-024079,100
PROP-086969,100
PROP-004581,100
PROP-046836,100
PROP-053675,100
PROP-074906,100
PROP-019091,100
PROP-025813,100
PROP-030105,100
PROP-067357,100
PROP-018177,100
PROP-022319,100
PROP-057046,100
PROP-002302,100
PROP-052060,100
PROP-067702,100
PROP-032770,100
PROP-099491,100
PROP-060609,100
PROP-000296,100
PROP-034682,100
PROP-092216,100
PROP-055608,100
PROP-074786,100
PROP-084921,100
PROP-051423,100
PROP-009338,100
PROP-005134,100
PROP-077956,100
PROP-068344,100
PROP-084328,100
PROP-070004,100
PROP-000450,100
PROP-009335,100
PROP-057360,100
PROP-016509,100
PROP-061496,100
PROP-013632,100
PROP-081177,100
PROP-077091,100
PROP-052270,100
PROP-072556,100
PROP-009173,100
PROP-047313,100
PROP-092509,100
PROP-016703,100
PROP-049612,100
PROP-098823,100
PROP-004195,100
PROP-067873,100
PROP-050358,100
PROP-066747,100
PROP-018769,100
PROP-017628,100
PROP-072187,100
PROP-027755,100
PROP-035218,100
PROP-018897,100
PROP-007741,100
PROP-051291,100
PROP-038473,100
PROP-096391,100
PROP-068133,100
PROP-038989,100
PROP-029028,100
PROP-004538,100
PROP-064572,100
PROP-073669,100
PROP-015708,100
PROP-013748,100
PROP-086250,100
PROP-001883,100
PROP-009956,100
PROP-049650,100
PROP-079933,100
PROP-092381,100
PROP-071405,100
PROP-026005,100
PROP-066544,100
PROP-012909,100
PROP-007968,100
PROP-029417,100
PROP-036509,100
PROP-005012,100
PROP-079340,100
PROP-095574,100
PROP-005232,100
PROP-003736,100
PROP-006797,100
PROP-058655,100
PROP-065476,100
PROP-072217,100
PROP-093800,100
PROP-026081,100
PROP-092898,100
PROP-097134,100
PROP-044087,100
PROP-097619,100
PROP-029647,100
PROP-001865,100
PROP-010523,100
PROP-002839,100
PROP-055234,100
PROP-091933,100
PROP-027730,100
PROP-011708,100
PROP-029056,100
PROP-051969,100
PROP-058928,100
PROP-029680,100
PROP-051438,100
PROP-017083,100
PROP-018549,100
PROP-084757,100
PROP-070658,100
PROP-063163,100
PROP-068586,100
PROP-048436,100
PROP-055788,100
PROP-097993,100
PROP-030778,100
PROP-028676,100
PROP-097618,100
PROP-054860,100
PROP-044615,100
PROP-070264,100
PROP-057252,100
PROP-004737,100
PROP-091213,100
PROP-046508,100
PROP-098600,100
PROP-040949,100
PROP-037547,100
PROP-068593,100
PROP-015598,100
PROP-010974,100
PROP-094550,100
PROP-086898,100
PROP-045633,100
PROP-092419,100
PROP-033668,100
PROP-085405,100
PROP-099499,100
PROP-036680,100
PROP-030566,100
PROP-024243,100
PROP-028499,100
PROP-066608,100
PROP-077451,100
PROP-048866,100
PROP-057653,100
PROP-061807,100
PROP-022533,100
PROP-035548,100
PROP-072680,100
PROP-036050,100
PROP-036493,100
PROP-053250,100
PROP-005250,100
PROP-081282,100
PROP-090137,100
PROP-072742,100
PROP-099808,100
PROP-010154,100
PROP-017450,100
PROP-018351,100
PROP-039438,100
PROP-048401,100
PROP-079605,100
PROP-088247,100
PROP-053458,100
PROP-076663,100
PROP-044547,100
PROP-053140,100
PROP-089257,100
PROP-082015,100
PROP-095295,100
PROP-049567,100
PROP-051691,100
PROP-036060,100
PROP-082454,100
PROP-032025,100
PROP-048987,100
PROP-019171,100
PROP-059718,100
PROP-071782,100
PROP-046075,100
PROP-070364,100
PROP-033870,100
PROP-081344,100
PROP-067511,100
PROP-015555,100
PROP-090549,100
PROP-015306,100
PROP-010638,100
PROP-091192,100
PROP-049798,100
PROP-041460,100
PROP-013760,100
PROP-071184,100
PROP-068437,100
PROP-081866,100
PROP-008204,100
PROP-024212,100
PROP-014928,100
PROP-086666,100
PROP-074436,100
PROP-004433,100
PROP-086828,100
PROP-052770,100
PROP-001053,100
PROP-015924,100
PROP-026413,100
PROP-026896,100
PROP-012123,100
PROP-064533,100
PROP-014483,100
PROP-012317,100
PROP-091752,100
PROP-096620,100
PROP-059756,100
PROP-014746,100
PROP-034547,100
PROP-093778,100
PROP-028548,100
PROP-091071,100
PROP-064712,100
PROP-095274,100
PROP-063908,100
PROP-078883,100
PROP-038699,100
PROP-083855,100
PROP-066943,100
PROP-021197,100
PROP-031269,100
PROP-061382,100
PROP-056044,100
PROP-094045,100
PROP-085098,100
PROP-036834,100
PROP-068109,100
PROP-058500,100
PROP-020891,100
PROP-043630,100
PROP-067907,100
PROP-089558,100
PROP-054450,100
PROP-036081,100
PROP-043279,100
PROP-083985,100
PROP-095457,100
PROP-029256,100
PROP-032486,100
PROP-027318,100
PROP-074294,100
PROP-033257,100
PROP-086895,100
PROP-036121,100
PROP-001220,100
PROP-063699,100
PROP-053591,100
PROP-060702,100
PROP-066061,100
PROP-008584,100
PROP-008444,100
PROP-005820,100
PROP-018655,100
PROP-078265,100
PROP-065698,100
PROP-058149,100
PROP-041867,100
PROP-022993,100
PROP-065692,100
PROP-083295,100
PROP-026444,100
PROP-029275,100
PROP-083808,100
PROP-024378,100
PROP-096403,100
PROP-089962,100
PROP-020551,100
PROP-051443,100
PROP-045535,100
PROP-019939,100
PROP-018140,100
PROP-027813,100
PROP-007862,100
PROP-066838,100
PROP-054865,100
PROP-046259,100
PROP-061835,100
PROP-010557,100
PROP-081178,100
PROP-021187,100
PROP-064132,100
PROP-009548,100
PROP-049127,100
PROP-038885,100
PROP-066245,100
PROP-087382,100
PROP-089435,100
PROP-020507,100
PROP-087913,100
PROP-087809,100
PROP-045010,100
PROP-003873,100
PROP-084811,100
PROP-065843,100
PROP-017379,100
PROP-029221,100
PROP-048067,100
PROP-088426,100
PROP-022142,100
PROP-044043,100
PROP-087519,100
PROP-083319,100
PROP-013388,100
PROP-081216,100
PROP-066398,100
PROP-092735,100
PROP-070521,100
PROP-067038,100
PROP-005509,100
PROP-063326,100
PROP-068720,100
PROP-096977,100
PROP-051833,100
PROP-008418,100
PROP-027222,100
PROP-011727,100
PROP-047888,100
PROP-009999,100
PROP-032362,100
PROP-033201,100
PROP-033711,100
PROP-086582,100
PROP-083251,100
PROP-007776,100
PROP-007101,100
PROP-019893,100
PROP-075343,100
PROP-030038,100
PROP-077757,100
PROP-061252,100
PROP-023761,100
PROP-082303,100
PROP-002630,100
PROP-078972,100
PROP-021630,100
PROP-051059,100
PROP-067363,100
PROP-093079,100
PROP-063391,100
PROP-056030,100
PROP-025874,100
PROP-070914,100
PROP-029775,100
PROP-009040,100
PROP-050312,100
PROP-015422,100
PROP-065336,100
PROP-075115,100
PROP-014252,100
PROP-033430,100
PROP-044748,100
PROP-049015,100
PROP-079866,100
PROP-081928,100
PROP-098549,100
PROP-017287,100
PROP-051944,100
PROP-075104,100
PROP-059696,100
PROP-091146,100
PROP-011524,100
PROP-003808,100
PROP-096925,100
PROP-043844,100
PROP-093185,100
PROP-014453,100
PROP-021408,100
PROP-016160,100
PROP-075993,100
PROP-045803,100
PROP-042853,100
PROP-053969,100
PROP-063329,100
PROP-082678,100
PROP-002580,100
PROP-074357,100
PROP-093048,100
PROP-039721,100
PROP-094612,100
PROP-099193,100
PROP-062910,100
PROP-025694,100
PROP-083329,100
PROP-029156,100
PROP-023944,100
PROP-037613,100
PROP-040396,100
PROP-059971,100
PROP-017188,100
PROP-092814,100
PROP-077716,100
PROP-060796,100
PROP-089746,100
PROP-082212,100
PROP-022236,100
PROP-065790,100
PROP-077302,100
PROP-083792,100
PROP-061190,100
PROP-059885,100
PROP-006382,100
PROP-061975,100
PROP-004217,100
PROP-028057,100
PROP-012957,100
PROP-048059,100
PROP-045305,100
PROP-039562,100
PROP-039386,100
PROP-011328,100
PROP-076473,100
PROP-030919,100
PROP-012912,100
PROP-008359,100
PROP-013804,100
PROP-034726,100
PROP-092455,100
PROP-091911,100
PROP-060906,100
PROP-034405,100
PROP-028505,100
PROP-029074,100
PROP-091293,100
PROP-011248,100
PROP-077145,100
PROP-062819,100
PROP-096826,100
PROP-072738,100
PROP-051874,100
PROP-094004,100
PROP-015480,100
PROP-097953,100
PROP-020618,100
PROP-094964,100
PROP-010428,100
PROP-037965,100
PROP-022969,100
PROP-007419,100
PROP-061545,100
PROP-019846,100
PROP-018740,100
PROP-039166,100
PROP-089287,100
PROP-005267,100
PROP-081346,100
PROP-049128,100
PROP-062220,100
PROP-036433,100
PROP-012900,100
PROP-041542,100
PROP-071572,100
PROP-089671,100
PROP-016585,100
PROP-026498,100
PROP-098621,100
PROP-083716,100
PROP-092433,100
PROP-082538,100
PROP-061923,100
PROP-014618,100
PROP-075258,100
PROP-037809,100
PROP-019989,100
PROP-067839,100
PROP-069804,100
PROP-069768,100
PROP-022950,100
PROP-086782,100
PROP-036452,100
PROP-038995,100
PROP-085489,100
PROP-008620,100
PROP-089814,100
PROP-000714,100
PROP-044925,100
PROP-081621,100
PROP-016289,100
PROP-078075,100
PROP-099018,100
PROP-006800,100
PROP-014819,100
PROP-017153,100
PROP-021594,100
PROP-022082,100
PROP-016106,100
PROP-009214,100
PROP-017084,100
PROP-062028,100
PROP-016532,100
PROP-015401,100
PROP-088257,100
PROP-080217,100
PROP-086360,100
PROP-047018,100
PROP-080452,100
PROP-055727,100
PROP-098505,100
PROP-011297,100
PROP-055193,100
PROP-016778,100
PROP-041048,100
PROP-039440,100
PROP-028080,100
PROP-030300,100
PROP-047870,100
PROP-079241,100
PROP-085692,100
PROP-022517,100
PROP-038024,100
PROP-016243,100
PROP-015041,100
PROP-018841,100
PROP-088928,100
PROP-055769,100
PROP-034476,100
PROP-081878,100
PROP-078957,100
PROP-083675,100
PROP-063531,100
PROP-033851,100
PROP-036560,100
PROP-024151,100
PROP-038766,100
PROP-074341,100
PROP-088618,100
PROP-033472,100
PROP-060148,100
PROP-034578,100
PROP-065327,100
PROP-097614,100
PROP-089744,100
PROP-074233,100
PROP-011600,100
PROP-069206,100
PROP-011497,100
PROP-028535,100
PROP-007168,100
PROP-080958,100
PROP-084619,100
PROP-046112,100
PROP-001398,100
PROP-049027,100
PROP-084805,100
PROP-073554,100
PROP-025494,100
PROP-096583,100
PROP-075770,100
PROP-076425,100
PROP-068076,100
PROP-007648,100
PROP-053622,100
PROP-012424,100
PROP-098151,100
PROP-059079,100
PROP-053669,100
PROP-020123,100
PROP-079243,100
PROP-026359,100
PROP-007374,100
PROP-047985,100
PROP-098315,100
PROP-062492,100
PROP-037119,100
PROP-093956,100
PROP-077909,100
PROP-045829,100
PROP-004239,100
PROP-093973,100
PROP-026495,100
PROP-086057,100
PROP-042924,100
PROP-055933,100
PROP-055084,100
PROP-032217,100
PROP-028597,100
PROP-092181,100
PROP-077603,100
PROP-091024,100
PROP-049416,100
PROP-070599,100
PROP-081406,100
PROP-050800,100
PROP-008012,100
PROP-026403,100
PROP-050443,100
PROP-090147,100
PROP-036445,100
PROP-059940,100
PROP-057611,100
PROP-083207,100
PROP-003939,100
PROP-067316,100
PROP-009059,100
PROP-016377,100
PROP-018368,100
PROP-013316,100
PROP-008188,100
PROP-064485,100
PROP-003809,100
PROP-062323,100
PROP-089523,100
PROP-029011,100
PROP-024268,100
PROP-007233,100
PROP-067878,100
PROP-073119,100
PROP-074376,100
PROP-040368,100
PROP-036146,100
PROP-095005,100
PROP-095297,100
PROP-089584,100
PROP-079182,100
PROP-009980,100
PROP-083665,100
PROP-094955,100
PROP-088026,100
PROP-011541,100
PROP-056027,100
PROP-038601,100
PROP-081486,100
PROP-074353,100
PROP-062227,100
PROP-064812,100
PROP-098935,100
PROP-054432,100
PROP-012766,100
PROP-055349,100
PROP-004036,100
PROP-078704,100
PROP-049643,100
PROP-046444,100
PROP-076309,100
PROP-047079,100
PROP-016801,100
PROP-024271,100
PROP-051198,100
PROP-082118,100
PROP-087523,100
PROP-025198,100
PROP-067196,100
PROP-017181,100
PROP-044488,100
PROP-089239,100
PROP-014982,100
PROP-069225,100
PROP-062469,100
PROP-042151,100
PROP-086836,100
PROP-005623,100
PROP-006635,100
PROP-088525,100
PROP-074020,100
PROP-012779,100
PROP-056321,100
PROP-093588,100
PROP-080959,100
PROP-090900,100
PROP-055227,100
PROP-084864,100
PROP-084068,100
PROP-058776,100
PROP-082534,100
PROP-016279,100
PROP-039192,100
PROP-070517,100
PROP-061862,100
PROP-088888,100
PROP-017771,100
PROP-002259,100
PROP-024019,100
PROP-084321,100
PROP-095122,100
PROP-058333,100
PROP-033753,100
PROP-036181,100
PROP-060621,100
PROP-037857,100
PROP-013822,100
PROP-022342,100
PROP-075167,100
PROP-075772,100
PROP-086936,100
PROP-057259,100
PROP-051260,100
PROP-073880,100
PROP-025217,100
PROP-079690,100
PROP-081187,100
PROP-066992,100
PROP-033869,100
PROP-045513,100
PROP-014417,100
PROP-066521,100
PROP-060236,100
PROP-023128,100
PROP-075547,100
PROP-017150,100
PROP-082840,100
PROP-095508,100
PROP-061780,100
PROP-038015,100
PROP-032396,100
PROP-061430,100
PROP-064195,100
PROP-086891,100
PROP-070365,100
PROP-008926,100
PROP-098522,100
PROP-068321,100
PROP-045312,100
PROP-089115,100
PROP-044495,100
PROP-058547,100
PROP-027622,100
PROP-050890,100
PROP-014079,100
PROP-063180,100
PROP-082279,100
PROP-071368,100
PROP-041584,100
PROP-055763,100
PROP-082935,100
PROP-059525,100
PROP-060950,100
PROP-030218,100
PROP-030001,100
PROP-044452,100
PROP-079409,100
PROP-019776,100
PROP-077616,100
PROP-089424,100
PROP-038265,100
PROP-006015,100
PROP-079581,100
PROP-056590,100
PROP-046923,100
PROP-025446,100
PROP-036444,100
PROP-083399,100
PROP-051032,100
PROP-088511,100
PROP-035293,100
PROP-060176,100
PROP-049808,100
PROP-049058,100
PROP-018292,100
PROP-062556,100
PROP-074729,100
PROP-004028,100
PROP-099925,100
PROP-065683,100
PROP-059993,100
PROP-021072,100
PROP-008868,100
PROP-013912,100
PROP-055125,100
PROP-053764,100
PROP-051163,100
PROP-039756,100
PROP-013286,100
PROP-007249,100
PROP-008698,100
PROP-056727,100
PROP-028300,100
PROP-077684,100
PROP-058761,100
PROP-065367,100
PROP-007156,100
PROP-015590,100
PROP-022573,100
PROP-077032,100
PROP-082378,100
PROP-057857,100
PROP-081954,100
PROP-053580,100
PROP-054655,100
PROP-021603,100
PROP-070909,100
PROP-059225,100
PROP-008610,100
PROP-067633,100
PROP-092092,100
PROP-070057,100
PROP-049993,100
PROP-078192,100
PROP-097365,100
PROP-087177,100
PROP-093190,100
PROP-064927,100
PROP-031978,100
PROP-088395,100
PROP-079949,100
PROP-033562,100
PROP-078876,100
