Property_ID,Price_INR_Lakhs
PROP-009209,183.3118419214684
PROP-053772,120.63892482044028
PROP-001197,386.59448686750244
PROP-043368,100.35820397231497
PROP-058815,193.58959496542394
PROP-038284,236.78860642484133
PROP-007780,257.50558510214046
PROP-050321,177.12164199201484
PROP-050246,59.59936602504786
PROP-025067,161.10309803460422
PROP-033525,-88.97039681925003
PROP-012437,30.648083127164185
PROP-086621,331.84715087048085
PROP-034290,250.2570284958532
PROP-092076,83.29529108758001
PROP-022461,78.86227583724423
PROP-084912,76.87982708800237
PROP-015090,14.856177438231372
PROP-034822,114.25521106829592
PROP-058300,22.409342489844292
PROP-062944,35.941506576491456
PROP-099265,61.34093494224119
PROP-012140,283.3959785525252
PROP-038198,172.73715399303458
PROP-078547,313.39909674574375
PROP-042330,109.85582590083847
PROP-071779,115.00389311658087
PROP-035686,46.11126249352823
PROP-044053,31.647325496549183
PROP-060256,9.652243149783295
PROP-048517,-8.233731705249504
PROP-001258,-48.39961791743183
PROP-028593,71.5914346335591
PROP-077849,346.02160777401525
PROP-018475,92.35454904747522
PROP-092052,304.95664146757565
PROP-073809,275.58762952085453
PROP-011692,29.59125842608344
PROP-005120,408.07477363602675
PROP-049852,80.76821042752015
PROP-008719,328.00333928067624
PROP-089571,27.896927586436163
PROP-013390,19.759806105869192
PROP-097490,85.14507325496001
PROP-035593,99.70639690178946
PROP-084362,237.32409564074797
PROP-061825,89.6373685667929
PROP-050287,7.5734897649460144
PROP-026455,111.49586850737215
PROP-046940,415.3195436645057
PROP-019096,234.8137282197865
PROP-081053,55.62939578433679
PROP-080215,101.61854030682052
PROP-035342,23.738934189438766
PROP-058537,233.62520537222497
PROP-063436,98.83902025166232
PROP-095226,290.8770552576678
PROP-019721,112.99662150726049
PROP-055282,120.39732356056953
PROP-007943,204.32473971339888
PROP-094855,319.85355057507803
PROP-082653,64.3821037125995
PROP-068822,71.77582590967464
PROP-091376,43.39220331996296
PROP-051927,346.53750386976503
PROP-092459,46.94076513208441
PROP-055024,55.424201854108574
PROP-097528,90.17404695439697
PROP-060415,384.7340928974465
PROP-014729,284.5295724464293
PROP-065701,10.833832605011565
PROP-041976,-3.4393985635737803
PROP-041664,101.26268701854188
PROP-004742,300.88094742437215
PROP-097012,313.62148131125105
PROP-012629,93.58468865678103
PROP-001530,40.756566139334566
PROP-019723,184.30678592259574
PROP-025779,64.84887827752657
PROP-084207,75.9382398235958
PROP-095162,97.85645412048476
PROP-064153,35.201123387517626
PROP-061763,231.14788854755622
PROP-058567,349.6800994701124
PROP-099492,0.11987009885968547
PROP-078124,244.1051733266363
PROP-034356,6.1284500385739875
PROP-082645,-19.526507235960167
PROP-052964,20.545477584475005
PROP-048341,34.77292024122229
PROP-039101,245.85741290245542
PROP-000051,158.4870183662174
PROP-035644,68.21012111760889
PROP-028783,236.05273134596837
PROP-040354,169.49899625471866
PROP-086128,50.655308226253425
PROP-021444,44.64830896951226
PROP-039579,164.33413821953593
PROP-025825,150.26251800775282
PROP-035672,285.4801877706644
PROP-065469,363.3447524160363
PROP-010930,320.1713181182402
PROP-065462,273.82452625236556
PROP-091802,74.91695377652404
PROP-038850,101.86818591665627
PROP-038696,6.442660885814558
PROP-007929,167.29651318266366
PROP-000569,124.36705723915509
PROP-075660,403.125719327262
PROP-028066,222.05100699140277
PROP-052278,325.32828218824795
PROP-095400,130.19996955236024
PROP-027395,88.55869229107913
PROP-000793,364.18455575385536
PROP-056531,115.36423489119547
PROP-076128,174.26960666166178
PROP-080855,276.22976845930503
PROP-088266,-93.06513272877804
PROP-049652,102.73797364711046
PROP-095060,15.801944160017982
PROP-095466,46.888694138776614
PROP-043384,350.33476321339265
PROP-080455,301.50359996187694
PROP-012148,382.7490291237146
PROP-095711,-1.798483919803104
PROP-098238,221.38083471479763
PROP-074973,22.655771152441563
PROP-093426,177.05913044500466
PROP-047101,235.14867210505795
PROP-096953,44.22127402388199
PROP-030999,152.23041490379404
PROP-038134,211.39538104292595
PROP-086255,15.318979296870097
PROP-058878,86.49509384328094
PROP-031225,276.31596928582337
PROP-026230,45.00162755251798
PROP-065646,48.592247132277
PROP-019626,112.93533668968597
PROP-099389,49.711752855533256
PROP-066200,126.54358581519138
PROP-068494,-7.5828602643729965
PROP-016937,-53.350449821446595
PROP-029353,121.02171245541166
PROP-032575,130.52375206627949
PROP-070619,46.705985365595076
PROP-000169,256.51203044377223
PROP-058167,25.048305967005078
PROP-047212,229.35283084850528
PROP-021684,155.26564736878953
PROP-038270,207.67149527574804
PROP-008182,69.01308172605486
PROP-047791,144.69039338227924
PROP-077023,50.78181878491328
PROP-062160,31.428582484557683
PROP-095461,255.86343137490155
PROP-036979,63.60146426045883
PROP-020733,99.10877559407587
PROP-085796,192.05776562269793
PROP-006795,193.48828733517672
PROP-020588,430.8703324726332
PROP-054593,90.57805638026052
PROP-069843,10.086782654552772
PROP-087592,-52.332832475082945
PROP-040802,294.9296734849052
PROP-056093,140.3308914529774
PROP-093843,367.2338912265808
PROP-044927,-8.680598842194776
PROP-012428,235.9707258364159
PROP-054417,108.749595006305
PROP-006286,9.009044104791048
PROP-051679,63.87296793566437
PROP-003009,122.37752855135153
PROP-096554,147.4582655814996
PROP-059926,170.62930339914277
PROP-054127,47.1437332596912
PROP-026203,434.8812560231588
PROP-021484,118.69391355218545
PROP-028839,312.46559058287903
PROP-015461,159.04601977499973
PROP-000834,-63.49792577911233
PROP-037452,131.9372907879056
PROP-019317,516.0829506041567
PROP-031798,338.6330374888484
PROP-077866,41.456203593605764
PROP-038549,198.9468016324894
PROP-075509,12.040754087728619
PROP-059188,193.179112768812
PROP-013621,76.42597949614144
PROP-095844,429.10580227515817
PROP-078483,81.75420748833685
PROP-016560,57.055940715643644
PROP-050057,-66.312138279868
PROP-047354,-0.8517907653200991
PROP-027268,270.45603222417276
PROP-095700,304.4936549439584
PROP-089908,31.46466589629633
PROP-072278,30.519039032898334
PROP-075474,139.0991963405111
PROP-066142,138.75388044999033
PROP-025108,383.45434144571163
PROP-049353,327.02209814966966
PROP-036887,4.162831811298935
PROP-073204,4.978251018885501
PROP-020259,70.72512073544996
PROP-019460,-18.831750230186493
PROP-036575,-2.8684066404449524
PROP-065383,143.9801104698301
PROP-046207,23.92723273718697
PROP-033873,47.74603005937543
PROP-025951,256.219807026221
PROP-086674,51.45517920393032
PROP-087506,18.660916007589144
PROP-072237,59.17833904088717
PROP-035504,242.3400922039064
PROP-011957,125.00872954216871
PROP-009885,103.16248190169227
PROP-081955,123.8131263463546
PROP-079682,193.6759714911943
PROP-013577,11.052877534699897
PROP-036227,303.4919392079627
PROP-008630,28.2186008314228
PROP-076356,206.47256886950214
PROP-001692,94.42120615217482
PROP-050657,347.06585084805454
PROP-059568,340.9756342121424
PROP-039021,-49.1308636351892
PROP-033162,272.7276929150428
PROP-080701,224.6557262743455
PROP-069238,328.7373192423151
PROP-035557,105.95770995157119
PROP-005954,58.95937608188846
PROP-041084,-13.056090618747639
PROP-009195,94.64646849039461
PROP-025439,206.23359511975187
PROP-059077,68.28681364385778
PROP-000894,-51.277112898224864
PROP-041545,219.06410022821927
PROP-008963,452.71247401840776
PROP-007971,286.3816744156522
PROP-076968,166.13305435408975
PROP-007403,13.353258357967253
PROP-048577,67.98241267998473
PROP-052978,136.92587557197422
PROP-054547,95.43067419752971
PROP-020315,16.584328085703717
PROP-024713,185.82071190659354
PROP-084831,96.25097659512905
PROP-090815,23.333438875253414
PROP-037804,269.64812059459155
PROP-014970,374.4192957674449
PROP-053434,96.10931601060575
PROP-047660,105.3923722518615
PROP-092291,252.23505854179763
PROP-092293,261.3926306966914
PROP-056968,37.23704518624881
PROP-043727,298.1712571626232
PROP-066660,64.51156002303537
PROP-018847,114.84109846604106
PROP-049971,344.1511770984987
PROP-054882,18.653576880898193
PROP-096768,196.38904109423626
PROP-084131,104.35910816764824
PROP-074801,-0.7154129902438378
PROP-098999,-49.689077022787615
PROP-092221,277.97769177672717
PROP-091857,63.78646119087799
PROP-039287,360.20984906811486
PROP-061539,155.94736947563635
PROP-085346,354.648445502044
PROP-067767,444.63094551475365
PROP-090641,62.74133643393185
PROP-021495,9.984346950953348
PROP-007409,249.92965707293365
PROP-022667,26.096383791875194
PROP-024967,238.74407435616
PROP-044737,82.23711685719609
PROP-037447,16.550963976577833
PROP-092727,-18.826335004067502
PROP-008823,285.1158679469032
PROP-095485,1.2146176132578361
PROP-018328,144.45776751310498
PROP-017690,-11.897932798851784
PROP-021965,122.00747175947565
PROP-085923,6.446687280667041
PROP-021768,34.35224493048769
PROP-070636,62.298120018341464
PROP-016250,153.0504513029584
PROP-049197,287.90153486033125
PROP-010169,81.20414408200351
PROP-056314,229.02178547556554
PROP-063693,8.887913370810033
PROP-024646,202.28961867621325
PROP-057524,294.31368578666587
PROP-084596,83.79141595536291
PROP-086679,68.310249256274
PROP-072569,87.09569228976437
PROP-059621,51.6733589523555
PROP-018712,57.45180792987974
PROP-095218,139.0249369467518
PROP-061264,152.65104098510895
PROP-064960,161.95340880781478
PROP-044999,38.78170849037896
PROP-037719,50.00418166365357
PROP-019003,39.246851599842486
PROP-054113,200.55977616331137
PROP-049020,31.935519358391353
PROP-091311,100.90700239055764
PROP-034560,50.724613585324576
PROP-032903,283.82017526888404
PROP-065094,388.2509421455096
PROP-016373,252.1960282179204
PROP-071127,129.5439751761027
PROP-095003,4.797418893997191
PROP-094633,383.0083619910076
PROP-059121,21.48019330349227
PROP-041640,18.93325367063406
PROP-051019,94.72647451928505
PROP-005028,19.905035923764487
PROP-026405,180.77089897506923
PROP-037867,-46.243131171356254
PROP-005084,95.16486811461992
PROP-020778,245.7816498117149
PROP-033774,105.08225795226913
PROP-012674,55.741875395787815
PROP-021245,135.9357600354934
PROP-027527,177.04716927092562
PROP-073844,109.39205205177058
PROP-075576,127.15103578294632
PROP-068615,261.0867254355416
PROP-099671,62.593981911315566
PROP-048751,-7.266928753300192
PROP-047341,207.9240278402628
PROP-063841,238.18669945275533
PROP-032365,97.88003450078045
PROP-055301,-8.50919284802498
PROP-063887,352.3368620192573
PROP-008068,394.5286265310494
PROP-027210,189.00910519772304
PROP-006580,144.92681019166488
PROP-033431,109.88945913669716
PROP-046258,93.66841557421543
PROP-087804,123.56499637110225
PROP-058906,27.84742193752242
PROP-033497,42.433568532446515
PROP-017819,16.183158881045916
PROP-084088,-35.31072223593584
PROP-032109,-28.150861549958595
PROP-087310,230.82116438101178
PROP-013624,94.0208828132403
PROP-093556,-40.08616429891488
PROP-005516,203.45129350247737
PROP-022131,349.6968041779381
PROP-027139,40.30881294736664
PROP-026352,69.0719410741349
PROP-049129,425.71127935177407
PROP-059507,31.831593067677744
PROP-022454,56.09194953523801
PROP-024342,119.01530333759345
PROP-040201,148.93005340304427
PROP-049452,46.751156986018856
PROP-092018,138.40269541765673
PROP-090154,-31.51067850596958
PROP-094261,37.64753536317459
PROP-007542,344.95389176900517
PROP-017517,70.48080682991451
PROP-028344,79.31116358826455
PROP-062410,465.87098219458744
PROP-097847,161.1001826833648
PROP-067100,185.3746512450765
PROP-089250,33.795733390752716
PROP-002841,535.3089204315622
PROP-027263,366.952576219805
PROP-064172,218.21097340202982
PROP-092021,168.136240797494
PROP-023911,289.3969062495652
PROP-094644,171.71034372894587
PROP-086111,-46.03267549342486
PROP-098855,323.18860292158996
PROP-097439,367.51382636309506
PROP-068914,125.64554954436447
PROP-092689,167.77912131338508
PROP-093206,50.19615302924544
PROP-026815,253.21430328944746
PROP-080372,424.3720463305085
PROP-032602,426.7114580508506
PROP-065699,185.23006542405903
PROP-098592,116.56551356472077
PROP-022892,20.752212574711546
PROP-033836,125.45299696353308
PROP-006502,178.44574574056517
PROP-060269,262.0153858139064
PROP-075131,123.64399320104229
PROP-088778,157.72091057782683
PROP-097229,66.35268945403033
PROP-031268,52.762701484432796
PROP-028563,69.41476588670635
PROP-076830,260.2483109816635
PROP-063172,440.87959547877585
PROP-098943,266.338200532341
PROP-078016,239.43571688910114
PROP-058465,148.48355263544488
PROP-098698,220.28091947671118
PROP-008855,49.40960569295552
PROP-090159,-28.841945516896473
PROP-033067,192.5682962832537
PROP-034180,363.8115912122151
PROP-076355,229.8963407240659
PROP-029886,431.50437177795635
PROP-013780,301.2575216460592
PROP-077084,146.5176195019343
PROP-089283,93.64094876142181
PROP-060600,196.56927844475013
PROP-037952,364.9457659823663
PROP-046296,370.6362364904452
PROP-087528,63.90860215196676
PROP-011993,169.35939292819128
PROP-068804,94.67956757346856
PROP-043752,268.65038436023593
PROP-074937,252.0186826466944
PROP-087140,15.49103980988301
PROP-033139,25.77290502105406
PROP-089084,-39.75723656556542
PROP-006001,127.29888236100842
PROP-051357,67.87446007004135
PROP-016326,159.2615171537759
PROP-009466,-50.728643633607625
PROP-016024,254.84890632574002
PROP-080656,94.13715008225539
PROP-021023,268.6229917783967
PROP-097158,95.68698580855698
PROP-047109,77.68051090911041
PROP-033751,-7.658421874233519
PROP-005901,453.6242957069575
PROP-092835,130.9035359355302
PROP-043932,42.12268200247544
PROP-062421,151.12022032684985
PROP-086106,277.63836192472354
PROP-099114,24.029657302475364
PROP-094727,65.54849855430142
PROP-038708,150.17340724022932
PROP-064369,234.45223951135682
PROP-097616,125.19612917952199
PROP-051102,345.58162264270305
PROP-067889,92.40166628614398
PROP-032059,269.4129711103056
PROP-007482,11.783212706630096
PROP-088530,22.954076324368497
PROP-084495,195.02264482801954
PROP-088098,142.54348486964838
PROP-061271,36.25603335612106
PROP-028905,57.14371903021723
PROP-053725,68.44610454334908
PROP-050769,90.91746322155392
PROP-094232,264.02774802474306
PROP-088236,276.07431591951655
PROP-042497,264.64034785621715
PROP-059758,201.60739104495443
PROP-093215,266.0251197125732
PROP-093562,78.94211522538963
PROP-079433,60.4423987451553
PROP-089061,155.17508463218883
PROP-021065,441.8477527277083
PROP-056976,225.85266987288088
PROP-047769,132.28857203379835
PROP-095061,18.001511884488046
PROP-036314,248.2068343518198
PROP-067845,170.30771036808943
PROP-058345,-21.374394046031156
PROP-004714,557.2219468632188
PROP-034410,6.321176892577764
PROP-005130,-51.73430542400949
PROP-035302,-3.8879821623048905
PROP-000061,73.71978438452128
PROP-079112,77.72264471324293
PROP-054414,234.422013055437
PROP-092039,-20.10796184853454
PROP-069488,19.75936165310268
PROP-093465,69.88683152557999
PROP-074207,-40.07752962557624
PROP-048126,51.56051305179659
PROP-040744,378.1385861882467
PROP-067985,-13.595163042386185
PROP-084195,78.9247290725828
PROP-035729,316.3578958035275
PROP-027097,220.22125373101784
PROP-007382,331.31861754636645
PROP-037320,280.82416802944863
PROP-065489,48.72781324821369
PROP-046095,51.817343073127056
PROP-061675,15.213368643048199
PROP-017038,204.44765165327797
PROP-069997,207.10216952344254
PROP-089450,89.20058285069462
PROP-002175,215.35172568078622
PROP-006212,-12.112977014976048
PROP-027547,132.24116599301377
PROP-037907,29.97289719537423
PROP-058139,88.52750083229631
PROP-076715,137.08388720862015
PROP-092648,280.51196984235855
PROP-091437,103.84568959962074
PROP-026963,225.35812336425008
PROP-063221,75.15360763095694
PROP-035073,97.84636256199502
PROP-098540,205.99328948845329
PROP-031548,80.5175935152634
PROP-045176,203.35372011086855
PROP-006571,-22.486125496603282
PROP-058788,101.49590794287886
PROP-018046,-36.59591238131924
PROP-025821,27.945783887391862
PROP-054977,431.4963889430368
PROP-034999,7.555184054361427
PROP-063557,228.89823034565643
PROP-013890,192.38870724144527
PROP-023248,153.17443373208374
PROP-052663,212.11534874586494
PROP-041862,57.57129538570667
PROP-001581,258.6288294294262
PROP-011151,341.4931848217403
PROP-087920,24.295082978485564
PROP-097312,35.189152759970796
PROP-080074,-48.640827214634655
PROP-066516,372.37762546286353
PROP-075142,89.34633909995563
PROP-025983,94.41381396805998
PROP-009379,258.7828751670409
PROP-029806,115.1175994352628
PROP-057658,52.477230270419994
PROP-040847,308.5858758175279
PROP-070401,59.09186814680923
PROP-012359,71.1004046381322
PROP-046302,56.975634878954665
PROP-071191,25.15901798705216
PROP-037038,89.45725078235657
PROP-040028,137.41621859036027
PROP-016790,69.60901355692374
PROP-012253,24.460023611367852
PROP-065294,259.8015435776987
PROP-027688,306.898519870059
PROP-043883,13.869757351431907
PROP-097636,106.17633224574327
PROP-035597,95.90454365764853
PROP-044501,111.64485691134611
PROP-003767,181.42314888497918
PROP-058734,292.6250298240119
PROP-084329,147.0083390985446
PROP-082837,377.04289959985437
PROP-008343,11.602368227219884
PROP-057832,117.93871315585466
PROP-028662,173.77558612373275
PROP-013166,531.7295884861312
PROP-024418,147.109859149751
PROP-036997,87.37145836019926
PROP-097599,-49.00972991983947
PROP-050149,30.435395111120336
PROP-013528,401.11936480749745
PROP-038789,0.6352405078880228
PROP-091576,114.56957438137394
PROP-052737,182.03904083156283
PROP-059668,206.19386767573192
PROP-044740,107.23245962442826
PROP-020908,66.23574248988315
PROP-089492,77.83615287745742
PROP-055716,278.0544679737436
PROP-046309,356.30560552270765
PROP-056801,-14.210432536450265
PROP-027679,200.56530050924454
PROP-076186,47.36947574869644
PROP-096578,-22.356676096508934
PROP-088123,-20.15724565720716
PROP-080674,37.800927948360005
PROP-064294,73.12069827420207
PROP-089198,302.80313588854517
PROP-048299,68.08623441301604
PROP-058008,153.25166506530806
PROP-009855,259.7051567455766
PROP-024126,24.361127239226082
PROP-064643,124.60144938711552
PROP-058463,64.77607586183464
PROP-024228,48.998977058254056
PROP-022075,244.8905624410865
PROP-042516,87.60082932483262
PROP-084112,125.16749373931151
PROP-090456,-29.913949954461316
PROP-062009,88.63570513088209
PROP-027666,59.189081333269144
PROP-071851,76.76070565848637
PROP-065983,20.571591506968623
PROP-017309,45.78642149985929
PROP-099573,-12.628606648448256
PROP-042143,-21.917432389905315
PROP-057339,277.79989121210343
PROP-073161,73.37665150733267
PROP-070881,224.09147941618048
PROP-036730,174.2576366549593
PROP-056352,33.46039460121889
PROP-015292,188.7823218767036
PROP-080796,36.709128034413276
PROP-068166,489.77762281354285
PROP-065865,120.14909748142375
PROP-002894,31.894020832788875
PROP-083308,90.6678954058998
PROP-013426,39.9102212628705
PROP-074364,50.199593052156544
PROP-000453,89.12002515017224
PROP-074409,494.4749204992572
PROP-043861,111.98996524732587
PROP-023117,61.07690408245111
PROP-006044,137.12009288280166
PROP-097815,272.58179904459155
PROP-087123,464.57786567949563
PROP-059333,109.07328388778112
PROP-001900,307.97767242672535
PROP-046080,121.20282992355422
PROP-096241,59.07421162337783
PROP-016062,-29.571829563278005
PROP-029426,144.03371179351458
PROP-084413,124.5623389938797
PROP-067070,22.27436992476524
PROP-049263,144.16624791199754
PROP-064333,306.5954411298179
PROP-066172,-0.5836939844233058
PROP-001214,157.3630864120093
PROP-085526,216.00022005057582
PROP-044895,69.5741110357484
PROP-000184,190.5451654798361
PROP-012800,96.6325217207203
PROP-074299,-16.846904522249787
PROP-061793,84.65563739210481
PROP-068755,160.11347476135262
PROP-021314,38.8582830411068
PROP-069174,95.38447326894642
PROP-047470,453.6200348457128
PROP-096086,57.122323245467726
PROP-077932,2.917877662805444
PROP-055697,201.643159401106
PROP-076484,326.3302011004407
PROP-086626,42.118658179214506
PROP-078807,88.77700478033563
PROP-051938,296.03766521430975
PROP-016238,15.309225232830894
PROP-043909,219.09788268055706
PROP-055452,104.1553106945899
PROP-059512,146.8240236985063
PROP-007755,119.7538332057778
PROP-045533,260.22080526600865
PROP-006509,-56.037556044448564
PROP-031459,252.70221289333347
PROP-042843,357.17390014609646
PROP-063539,79.72590945391849
PROP-002106,81.5676848261649
PROP-054303,80.21828997442663
PROP-016950,192.00390346897277
PROP-097684,297.9246547954913
PROP-062862,94.0941332590316
PROP-024528,403.6595088116464
PROP-012856,115.96586786029859
PROP-085937,281.8091111572843
PROP-067443,113.3484765084812
PROP-066560,109.47452816411293
PROP-099903,5.196268212706251
PROP-093316,335.9545483662222
PROP-045954,95.54854375630352
PROP-022207,54.00011102190465
PROP-032271,155.62866133380035
PROP-069217,121.37530809207657
PROP-057501,76.2230293804635
PROP-083063,254.267796335152
PROP-069145,54.450076249278766
PROP-058670,92.7933754310144
PROP-057981,158.20343680664087
PROP-057429,15.235875226188615
PROP-051500,72.0323707586018
PROP-044532,47.91837873527312
PROP-091120,27.018005795957396
PROP-008083,148.54668491968118
PROP-069003,40.009862246667396
PROP-034555,-65.71110143209233
PROP-093651,467.3544851763444
PROP-042208,104.93599758817837
PROP-015608,263.48173010035265
PROP-057139,225.92503891177046
PROP-067021,33.090040336396086
PROP-058311,97.06303640541503
PROP-042116,52.0782735698454
PROP-082222,90.96609826734935
PROP-079093,110.3703465205709
PROP-049949,37.45255205596487
PROP-042061,26.39233760694131
PROP-055286,60.24532146555278
PROP-026807,115.2789034734249
PROP-098470,-46.832729605550576
PROP-085907,67.94091633153896
PROP-046025,111.68203667790766
PROP-087895,136.5441418371295
PROP-058671,329.09299307619597
PROP-016000,209.346867638045
PROP-033474,266.7695679203388
PROP-016017,292.47188979800865
PROP-095815,177.70642981951914
PROP-020308,19.07133784713472
PROP-084372,42.13911752509965
PROP-048744,242.00867785793417
PROP-079432,106.91318105320377
PROP-009247,304.9401097115226
PROP-014812,167.99177438640098
PROP-007457,71.36265234330664
PROP-001123,270.3014776252884
PROP-054666,302.1870579676396
PROP-087487,-4.121739061094982
PROP-083910,-3.379901064213229
PROP-095888,148.2088835547667
PROP-041796,101.42575234209131
PROP-046673,156.46030973611602
PROP-030142,55.00754028318712
PROP-021897,132.72078142949937
PROP-026701,370.4845162798234
PROP-089541,264.6346042818155
PROP-072336,75.72942860502279
PROP-090614,172.39249749964
PROP-087802,399.6066158308336
PROP-083728,274.51053736094343
PROP-049473,76.35736579171731
PROP-088632,209.94072932977141
PROP-047611,113.440409882784
PROP-022416,150.75582906723525
PROP-079912,109.22257902356056
PROP-014494,109.55239578883132
PROP-042496,82.6452805596638
PROP-039207,128.5380479911351
PROP-008174,232.9407400077911
PROP-095734,133.3503635868748
PROP-087836,253.57273096035786
PROP-012964,176.72526790917397
PROP-027683,-62.11005442698551
PROP-021775,328.6996230046103
PROP-082890,190.40173269314684
PROP-087507,187.56379358468502
PROP-050982,390.9089425622386
PROP-035684,284.71123605777694
PROP-009517,15.713640037003318
PROP-087357,424.0953940652466
PROP-060152,176.5830310627447
PROP-042482,-35.361343597155326
PROP-038177,-43.06682594718395
PROP-026439,45.65683089024978
PROP-071226,117.65465755876701
PROP-067162,412.83685510144096
PROP-058003,71.66279047871552
PROP-051737,352.8128547745866
PROP-024913,-3.8149773421003284
PROP-065719,157.58304588776394
PROP-047005,144.77201187235556
PROP-096464,33.890723018865216
PROP-035615,72.75250919575599
PROP-061041,62.37625371387692
PROP-040441,243.05859603796307
PROP-023089,50.94073045476478
PROP-002170,-1.0710397244359555
PROP-033445,236.9175350956823
PROP-077668,141.22318030962742
PROP-086812,257.126056002212
PROP-048634,225.8799406679188
PROP-068819,310.61415186215095
PROP-068056,48.24675994529535
PROP-004333,-20.01200651080728
PROP-095540,34.14576679143799
PROP-036333,-49.40077129135774
PROP-046586,75.44372012280033
PROP-047968,96.52671719198915
PROP-068394,182.5858295508356
PROP-079827,89.77414062494424
PROP-054634,279.2599313733133
PROP-047028,180.18894553096487
PROP-076005,240.84824958095
PROP-027044,-27.556191645258355
PROP-056579,106.19193340617021
PROP-098674,61.09807531927039
PROP-022914,193.95186347549952
PROP-073709,107.03632353946105
PROP-042814,166.8521177105377
PROP-033631,21.329795691897736
PROP-096876,93.18515754786196
PROP-035288,57.02550822167097
PROP-027168,56.46680659152473
PROP-003644,48.923760958520056
PROP-070190,97.66513869593356
PROP-075586,-11.035769442754034
PROP-016501,-33.442450240371606
PROP-076023,180.28718641302504
PROP-076756,227.22179635688178
PROP-098520,108.52768525201022
PROP-063613,96.8264998453694
PROP-030315,229.2606322490675
PROP-034912,90.15758513675166
PROP-029845,5.474339868500742
PROP-013307,71.94966926776667
PROP-062855,226.43325463868098
PROP-088176,144.6061596299806
PROP-021948,277.7422587807536
PROP-026812,-34.36687217999818
PROP-068584,-52.284905726783954
PROP-010423,218.67535703931853
PROP-028903,123.42681970047985
PROP-077752,78.56452704044615
PROP-072409,135.4765763407755
PROP-026677,279.5793726508005
PROP-011928,77.46299100038966
PROP-080547,183.3488482732149
PROP-055860,13.174298879338266
PROP-015464,115.90618094623478
PROP-088628,54.007992208149474
PROP-091160,67.15819746099778
PROP-090839,431.9815709630661
PROP-023453,99.97886360798859
PROP-013938,94.87919419726884
PROP-007740,48.64546368171443
PROP-057890,221.6534755005563
PROP-096383,256.2895171130589
PROP-032196,49.36711797932957
PROP-093619,145.23022373870205
PROP-030312,166.59727694553652
PROP-063597,34.8225490861883
PROP-091130,101.16908506440649
PROP-066498,88.07446022113547
PROP-010595,108.09159750493048
PROP-060934,186.78646946741685
PROP-070848,111.58511425114644
PROP-027648,223.62394960701164
PROP-009593,11.105741157587808
PROP-057714,200.26784682898352
PROP-031528,285.2488986434332
PROP-050499,266.87842672771916
PROP-093758,221.17384284201628
PROP-028480,508.6651124191631
PROP-059831,386.1383277072604
PROP-057112,502.0088898398717
PROP-086138,290.77102522209947
PROP-048975,85.52205334374517
PROP-017444,184.5944152227938
PROP-079484,54.692578117582656
PROP-029574,248.42698690497198
PROP-062251,-77.53848789307062
PROP-056689,97.1343992275927
PROP-017146,290.91703351516946
PROP-016905,239.4364489349602
PROP-097067,11.196281777522904
PROP-045762,109.90083463565128
PROP-075520,43.120487098935314
PROP-033594,-0.8978505058302337
PROP-096990,276.8166525454558
PROP-022702,76.47624664888639
PROP-015894,54.5071961119348
PROP-077634,88.35252570656243
PROP-087789,259.9994701665824
PROP-040467,59.80335536417143
PROP-087169,244.65755731016355
PROP-072268,51.66270785436839
PROP-079464,-25.129416895471113
PROP-042188,150.79947522650968
PROP-066619,250.38040215378308
PROP-018211,142.7475218915988
PROP-062924,61.39631407616612
PROP-048536,7.663969739260213
PROP-065115,252.21155932008716
PROP-092007,101.39232361992374
PROP-029005,251.21305826768648
PROP-013152,186.34994803283433
PROP-088224,168.81596032998786
PROP-062821,293.84743599486785
PROP-015747,209.7834320345711
PROP-020638,43.69380421251346
PROP-045044,136.2598899974417
PROP-005179,327.2793239878069
PROP-020974,299.5747297751112
PROP-083344,-1.9479035492439642
PROP-098849,265.2178237684303
PROP-024946,8.756829738731238
PROP-000668,46.50281385530158
PROP-009638,1.4352072312936777
PROP-036215,232.94383218323097
PROP-055946,344.13274088081994
PROP-013005,291.3634815041995
PROP-033131,51.306868137063084
PROP-048163,45.960599558525345
PROP-052401,28.32898908966775
PROP-094283,16.303853288995025
PROP-014142,295.2988176941147
PROP-020325,138.51232551992513
PROP-034638,418.47609667603683
PROP-055429,79.17154446244466
PROP-003391,155.48941977578127
PROP-048637,42.4556180393538
PROP-094929,156.2564445879285
PROP-047524,152.2519947499467
PROP-095811,322.5549018506599
PROP-065490,189.90807518389843
PROP-007096,-106.69080209160974
PROP-036633,-6.47734597129997
PROP-072335,448.1783665732987
PROP-076219,275.8733014412803
PROP-066726,83.85714674184464
PROP-070603,8.715993744696503
PROP-079972,59.821483242288004
PROP-038076,39.98789227402171
PROP-069893,45.25013417478919
PROP-021765,22.327379193461105
PROP-014357,47.39993044833777
PROP-083720,17.95010677054212
PROP-080117,44.16345881708915
PROP-055051,15.953686231521754
PROP-009349,70.17635396440737
PROP-082241,117.47981305093498
PROP-001493,80.75528968273274
PROP-025838,302.3327587855452
PROP-009141,41.241598812916045
PROP-052563,-7.605236917383174
PROP-029726,132.94622116403326
PROP-048615,65.09508945598142
PROP-072163,371.6681450808568
PROP-013423,28.508492529779414
PROP-036659,188.46918255743986
PROP-083282,80.12479193125236
PROP-009109,103.66102642967425
PROP-034938,321.95847497861615
PROP-010851,189.89570229866132
PROP-024561,80.88574897225448
PROP-032460,-107.91146078094708
PROP-075507,28.669286128009638
PROP-031014,171.72891512454277
PROP-075824,36.2422979967248
PROP-090253,35.32252377333194
PROP-009435,309.3175658893294
PROP-088921,25.159111637924532
PROP-074736,11.895495578626186
PROP-035517,299.98316033693004
PROP-099612,20.292423977453154
PROP-097032,258.4735742386508
PROP-067830,19.88317526551159
PROP-028774,58.061168133515984
PROP-038421,15.676134228002176
PROP-007890,66.78106915047344
PROP-062552,139.87948924907758
PROP-064130,91.51550279244557
PROP-058141,-47.89605934793299
PROP-040360,-4.870908773890285
PROP-012461,168.99862984920514
PROP-029495,43.73209330913873
PROP-091798,-34.48519452847317
PROP-028474,232.3665505101921
PROP-066166,178.2631176478847
PROP-056714,9.301667155643948
PROP-008101,175.82636807436185
PROP-075289,-27.314617896264092
PROP-034008,289.50126882640984
PROP-062080,63.42705357860594
PROP-022229,283.3221008783446
PROP-083827,1.1947270054422265
PROP-046628,115.91155441278735
PROP-061898,174.47929208374245
PROP-035611,38.34629412951407
PROP-011384,321.0084826330173
PROP-028966,-33.90869646596464
PROP-026751,-66.02792284235127
PROP-083296,48.90119539549588
PROP-026570,22.01474906680494
PROP-057447,36.71224002053452
PROP-029032,467.2443597454985
PROP-093897,-3.649348738157327
PROP-073733,224.59964606250492
PROP-076853,99.33840747107095
PROP-091326,131.71483711946806
PROP-046205,27.53101483420017
PROP-076588,204.71342147940504
PROP-051741,39.11338710748009
PROP-054542,181.94421749195914
PROP-014641,173.177335576782
PROP-063558,283.2087369174412
PROP-046735,97.71990025792292
PROP-017031,26.548318269040003
PROP-040277,71.59790165286982
PROP-071391,84.07838951398278
PROP-028395,-9.971619870371775
PROP-029712,342.28184812916277
PROP-044763,111.28273839612783
PROP-041074,4.671634640610176
PROP-038352,-11.810383883943924
PROP-017312,11.223002692162009
PROP-094745,199.43715372770075
PROP-067374,201.81544442243725
PROP-029078,98.42110422336566
PROP-009501,-27.40737360481646
PROP-069464,105.18541638231966
PROP-060873,164.72430824712126
PROP-041988,182.57892187496174
PROP-004404,228.94978952378227
PROP-044139,117.45978260011852
PROP-029791,20.596453144048645
PROP-003224,211.5212221313207
PROP-012950,130.84644408203906
PROP-018337,300.7651723112514
PROP-094386,15.274519317381817
PROP-073055,249.86598554053103
PROP-017843,152.27385336257214
PROP-018408,68.93011787801574
PROP-083347,54.93069599377474
PROP-044115,75.9750835891278
PROP-045826,16.602218659430612
PROP-004268,28.89649362342667
PROP-018525,35.0292059483739
PROP-090123,55.31836628758016
PROP-069879,267.1553652845453
PROP-028058,320.1368318800887
PROP-049973,-43.81559488883267
PROP-038733,-5.448854473565576
PROP-082008,16.794187830209896
PROP-091412,66.38892032312248
PROP-074004,115.39974422585334
PROP-069617,80.03452661521976
PROP-040812,40.1010999026091
PROP-070878,72.9463708425678
PROP-049339,199.6551964404546
PROP-006805,266.5214781614317
PROP-084281,287.0689436448778
PROP-004115,342.71527123556467
PROP-057154,109.8502610596945
PROP-022768,99.15911213554227
PROP-032213,308.53733844627976
PROP-049811,59.85310612117434
PROP-030110,91.86274173751772
PROP-030070,298.3968959516673
PROP-078890,35.72112031422834
PROP-027874,-1.833859191839899
PROP-045939,32.50865311989515
PROP-045121,378.8467562886686
PROP-064475,36.9180918091114
PROP-001676,130.31001697290878
PROP-017512,342.7532798817155
PROP-010482,238.55821223515375
PROP-057336,-8.038271709661833
PROP-038554,106.2400782002029
PROP-028308,224.31977035576492
PROP-043057,51.92135017483348
PROP-080585,118.16143270653056
PROP-078456,176.6284858804878
PROP-096104,238.23889520157604
PROP-033391,224.0196126746263
PROP-065600,54.492909379378034
PROP-078856,239.8459785307228
PROP-054992,55.95108152770655
PROP-048375,190.3414458570159
PROP-065552,177.84190851923717
PROP-017509,0.9047627143806727
PROP-011024,264.11219147005113
PROP-086034,301.26322730270226
PROP-037962,77.00039404341334
PROP-034268,62.85035345391986
PROP-058638,123.95379906927542
PROP-075857,230.76459010755877
PROP-055660,367.78951146441295
PROP-092035,76.58506928662784
PROP-081817,208.45944775520022
PROP-085055,146.0933891935207
PROP-056705,199.64349336578738
PROP-099332,227.79334587002774
PROP-007296,210.24712924606035
PROP-039675,24.326557336910795
PROP-068310,42.57246751380115
PROP-078105,72.83166883595153
PROP-047423,15.87522269282613
PROP-068155,27.163800842344692
PROP-031497,352.1146173513823
PROP-032207,139.4499047855898
PROP-041360,216.08948146578504
PROP-004045,98.69413163844888
PROP-024299,-1.315887086088975
PROP-064941,359.22251731935455
PROP-010213,-1.8537532700610297
PROP-045971,318.83781928995995
PROP-082871,5.967604732811944
PROP-017828,256.9823805867149
PROP-083698,20.278157896243563
PROP-093272,117.4403604317519
PROP-064943,6.376387829047118
PROP-019815,114.89238652180447
PROP-078071,336.88278563758274
PROP-022103,54.091127847609165
PROP-061797,31.945932046233725
PROP-042770,125.19921334845493
PROP-087556,170.45156850589922
PROP-084705,330.9692474539388
PROP-099642,34.39827219573561
PROP-073804,56.88605676147694
PROP-025583,-64.43227107180084
PROP-018264,184.9117667833198
PROP-097099,-82.04532113724143
PROP-044757,36.18689326526757
PROP-014319,177.93226692060685
PROP-005539,259.9456512438575
PROP-092285,85.78725900381147
PROP-093296,-17.033842857391967
PROP-096100,207.17107212143156
PROP-025046,163.63620478061216
PROP-081164,53.403068939357155
PROP-096933,215.02084429767726
PROP-042542,49.29006594368728
PROP-043083,22.10666590332885
PROP-079456,158.23418761924307
PROP-055209,109.14052474696966
PROP-015188,145.66157662020635
PROP-099601,4.01645319071013
PROP-092427,85.15350295077256
PROP-013323,294.40242338607715
PROP-081207,7.924077851384332
PROP-061491,81.82177092139179
PROP-003099,113.9188350609672
PROP-048288,97.47482200093393
PROP-037132,132.46654506685152
PROP-055160,-27.363049223613874
PROP-080746,335.4819159124129
PROP-076280,101.96614346916681
PROP-054535,82.61776727832168
PROP-016575,113.35390527635214
PROP-099719,204.73879199655877
PROP-064822,31.181060203827197
PROP-030481,433.6532903907253
PROP-078399,243.6021432063978
PROP-013668,145.37069291851307
PROP-073215,132.0504390833533
PROP-006229,135.87703933941452
PROP-088704,262.55555560047355
PROP-094741,208.02940381232452
PROP-081064,-11.359385152066402
PROP-045046,73.94067260453735
PROP-040485,17.240849933105387
PROP-004357,310.5103632643802
PROP-026136,165.19433699748896
PROP-090476,-22.565776976211296
PROP-025610,219.23802378609298
PROP-016715,72.88496391996904
PROP-085735,75.96134900095609
PROP-090701,260.89605719132095
PROP-035205,246.35372777219288
PROP-020513,89.24152131269796
PROP-018266,188.4306279136539
PROP-069365,120.64130618332713
PROP-030619,116.7967192281876
PROP-087221,381.5000774802008
PROP-049554,368.75087745468045
PROP-085491,92.83083872352631
PROP-025190,14.862142556316009
PROP-045676,60.20117369869538
PROP-067662,208.91743130472764
PROP-006164,213.008254340619
PROP-067437,149.46147883039467
PROP-087236,39.46971141712042
PROP-065152,95.66859352469292
PROP-076673,65.31391399443191
PROP-041675,95.97619680566571
PROP-047027,45.97233270721671
PROP-047328,44.262357435854064
PROP-011487,37.99927041304605
PROP-044676,304.7216590039736
PROP-050085,-30.701447177723036
PROP-089715,198.88271412511588
PROP-048394,175.3122081571392
PROP-011202,7.858674604165287
PROP-036343,267.06846609864994
PROP-053233,-80.69885680889365
PROP-054939,268.74069986653984
PROP-096694,62.22285087403793
PROP-054626,54.22756239924033
PROP-093940,372.0227923881713
PROP-043742,300.8933475604168
PROP-004750,100.48154417162951
PROP-050537,61.16742988063826
PROP-044604,5.967656183263689
PROP-037044,9.141027785961258
PROP-048114,186.75068108197883
PROP-043557,99.04360614662913
PROP-000272,-21.547072952314856
PROP-005411,280.1949111495984
PROP-016351,116.1197372369772
PROP-086630,17.882065630787064
PROP-029642,367.6646805369427
PROP-053474,225.21466473185515
PROP-006140,202.9526707634586
PROP-015820,92.74955664724558
PROP-052907,-28.03453856614498
PROP-012613,31.898105915585518
PROP-010995,-15.896085380853979
PROP-000941,136.1317086850094
PROP-003717,88.28334091045069
PROP-093378,-41.075077541495716
PROP-035788,7.466455599735098
PROP-083557,73.6149066525568
PROP-087797,134.95209857326512
PROP-072274,4.303051364943036
PROP-074534,288.3290485533303
PROP-084260,80.94807531827377
PROP-008463,4.60621431108089
PROP-099738,10.89997510304704
PROP-013644,173.4877060509294
PROP-019189,268.37837912862653
PROP-093578,55.59718337127267
PROP-065132,271.05276967517466
PROP-062562,149.89143765197596
PROP-053080,86.78613099157656
PROP-035141,271.10922837012293
PROP-011146,62.49665354176459
PROP-015709,-2.178562377747639
PROP-013571,209.3913103554827
PROP-060678,-22.430157292123983
PROP-046564,66.50957963200074
PROP-007301,33.16336866100844
PROP-087695,202.18890774694572
PROP-079188,-9.510377545975143
PROP-005397,361.19252057672213
PROP-092656,39.888569152624314
PROP-039916,63.33230190337158
PROP-089046,326.1493045837429
PROP-034140,187.17225400423368
PROP-097611,226.44749733670736
PROP-036461,77.54434341179294
PROP-083099,269.6512598786611
PROP-065579,295.31948185332226
PROP-071280,59.76880099725205
PROP-060606,48.653119855641
PROP-067030,305.0614189417956
PROP-096303,57.60001681223682
PROP-044054,106.10030629209287
PROP-079455,117.55126407860895
PROP-059438,269.92810454668563
PROP-095043,100.1253771487382
PROP-069104,145.40119474807966
PROP-035229,169.63303779008635
PROP-056465,89.04531678619063
PROP-006299,230.59528091906145
PROP-041995,417.7237956557003
PROP-076316,325.8867335669181
PROP-056458,369.8908035402394
PROP-074031,105.78851634806925
PROP-054226,99.00915082267076
PROP-000005,95.00733580142632
PROP-082244,37.257285940106954
PROP-025353,392.329021070523
PROP-017439,47.68336436773331
PROP-043022,154.1291619420525
PROP-090248,117.03832630017965
PROP-049549,141.35063985800014
PROP-047222,41.75616690708319
PROP-051353,251.23541873161912
PROP-090562,189.17236636518228
PROP-059029,407.18028455766625
PROP-000378,234.6129762113163
PROP-092969,248.88719640103358
PROP-070813,71.99805468219083
PROP-001326,249.43215319661505
PROP-017402,227.52310403284406
PROP-071345,-12.713108958272684
PROP-006723,117.69344405917778
PROP-067750,310.56126362818543
PROP-078172,282.6716171243826
PROP-080461,70.74230296215427
PROP-096497,336.0643143014885
PROP-029776,34.67766368862507
PROP-086964,82.41327954254976
PROP-062661,13.186783068421903
PROP-035026,135.0259121167452
PROP-032999,-7.040378613729544
PROP-067280,68.13840653385918
PROP-003500,266.2365808741268
PROP-073114,382.9054613183305
PROP-050043,-8.549835964007507
PROP-001169,71.51213632815113
PROP-074607,245.3911560465421
PROP-040853,297.75397038222894
PROP-032994,236.76801085694834
PROP-065306,170.5980269112697
PROP-075492,154.8378431275248
PROP-078154,18.992494914276048
PROP-041354,65.37806030604315
PROP-029153,238.28138095755742
PROP-057160,109.1478300593089
PROP-028658,159.75859553133768
PROP-033610,64.38504840332182
PROP-066231,29.618970286136182
PROP-031875,53.73908274049674
PROP-090564,207.6555153342662
PROP-052383,335.8810248397075
PROP-011870,217.50093383452338
PROP-036425,311.3888827891067
PROP-049635,-14.260198756850716
PROP-059183,259.0698080046497
PROP-095480,217.3911767123708
PROP-087626,-0.6004278015814748
PROP-022849,192.91928639848376
PROP-072833,3.17752090723393
PROP-026454,90.65940382185491
PROP-033591,337.69879793392784
PROP-078472,220.45347754548675
PROP-050084,217.20462969719048
PROP-069065,-12.207998711584779
PROP-078056,121.61867355339251
PROP-000597,188.46239513623803
PROP-064207,192.0020512664886
PROP-046060,262.26614693901166
PROP-030846,25.970006458714884
PROP-049444,169.20757957859198
PROP-028423,110.26234448929671
PROP-045883,303.4650828161437
PROP-076329,167.67066117092327
PROP-014972,92.24080474255783
PROP-063606,353.29414216195744
PROP-055312,308.39751260152286
PROP-082148,278.7606035516708
PROP-067168,65.71716154741114
PROP-090784,192.09069296471998
PROP-035019,108.0065543821943
PROP-042078,11.960023008172094
PROP-004684,394.51590740348274
PROP-097802,45.6906251011657
PROP-068217,-70.67216450365697
PROP-000331,445.18143116085974
PROP-021050,94.04876009109347
PROP-093016,167.5222810280129
PROP-084858,359.9097859476163
PROP-095977,14.228272338724565
PROP-047980,271.2726672340565
PROP-084070,88.81953659473169
PROP-010048,93.66578355627465
PROP-047878,-1.4751422947328798
PROP-046406,83.80021489435633
PROP-084624,124.35954678645187
PROP-026756,-14.12777556364864
PROP-076032,195.02526740314906
PROP-020110,70.87107623601743
PROP-051027,282.9966067140918
PROP-019643,322.5928402782979
PROP-073551,205.23510017059218
PROP-051812,289.3073470770458
PROP-071223,56.92974790732404
PROP-031713,-45.54099901193143
PROP-053258,47.2506079909344
PROP-082724,6.719977771240494
PROP-094155,91.85423859482276
PROP-015676,109.65709636307969
PROP-049036,95.23413244726403
PROP-006080,97.73567265413539
PROP-059713,60.715060527285345
PROP-086811,303.5533077347222
PROP-009451,212.67586053119015
PROP-012532,202.22864013999552
PROP-033852,377.1099976695981
PROP-086698,126.4515274033827
PROP-097626,409.2346471693731
PROP-054041,247.28395144225993
PROP-092232,96.09773817249106
PROP-053796,271.5537323349214
PROP-073531,123.15132575731872
PROP-062253,9.346011675499614
PROP-017141,67.15580395683719
PROP-058735,138.2984559301427
PROP-061914,-10.602900355151789
PROP-014697,-3.3440003198261916
PROP-033498,217.2912858944277
PROP-062339,195.71277669812577
PROP-057886,118.36434657707886
PROP-025334,32.32640315020532
PROP-084604,276.64849593449475
PROP-004158,35.892114014442754
PROP-031299,97.34795410753125
PROP-041920,179.11373431729675
PROP-050485,2.4465578057857122
PROP-047451,27.63617437905501
PROP-057627,196.3802607260471
PROP-065241,91.4963046162568
PROP-081528,450.3735443131412
PROP-004081,42.83783258331312
PROP-016019,127.43978642020562
PROP-060493,59.45180469017111
PROP-000074,247.81091959712498
PROP-090010,85.59029106186655
PROP-030120,156.44274588381955
PROP-043095,53.62874637497664
PROP-083284,140.68215755528348
PROP-098914,205.82982424917097
PROP-005435,116.77715601087533
PROP-001818,94.87475500045893
PROP-094692,151.2876466572637
PROP-074650,395.0337154915925
PROP-066300,90.69576956340553
PROP-091115,215.90930168099442
PROP-085944,198.62572069086752
PROP-053589,359.49482119849665
PROP-077608,82.34005358688378
PROP-017040,242.70114606555896
PROP-092157,312.04404125244207
PROP-076762,29.145663664459416
PROP-029883,0.18996821394760843
PROP-056943,87.99119950703809
PROP-020146,92.45714292265521
PROP-050365,111.54154608948559
PROP-052834,237.65123353868378
PROP-040836,15.431578487850807
PROP-047774,-2.8919678254013057
PROP-014219,157.4393718861794
PROP-099978,288.86671011856924
PROP-091729,325.4688898312874
PROP-016822,20.328259205112374
PROP-008009,336.12878817588165
PROP-028941,54.40501810255945
PROP-051510,47.198372780630805
PROP-021363,188.05641105647928
PROP-003064,30.416958357729243
PROP-024262,97.61576401505167
PROP-024597,72.06698493133241
PROP-073473,-0.11738750997267378
PROP-018323,132.84405589151555
PROP-061589,-38.218730352059815
PROP-022883,204.9105482509778
PROP-091048,59.94843406583037
PROP-062487,169.7127787950957
PROP-067562,54.07396961830191
PROP-066144,46.46856202969212
PROP-061989,228.7538113368105
PROP-050042,165.3268209622927
PROP-053024,129.75733673888936
PROP-055777,201.34970161222637
PROP-019391,57.92612693467629
PROP-090081,71.97163726679828
PROP-006739,162.67878947218392
PROP-065622,85.21950960935641
PROP-034668,121.0182488582084
PROP-067996,447.6662116959335
PROP-060521,84.50782062868618
PROP-047592,257.31058447376364
PROP-042825,170.6092262311123
PROP-075695,78.0539585431278
PROP-059405,210.56190068146645
PROP-061467,14.506698402769011
PROP-006633,47.67678411796197
PROP-054036,56.64787455522429
PROP-063251,51.70784535163539
PROP-065485,157.80934472271167
PROP-011365,-5.263149660919588
PROP-060608,285.4629990455044
PROP-014634,262.5912369837112
PROP-007231,165.5172827482238
PROP-002410,388.1237614714443
PROP-035534,310.12446932276225
PROP-043639,277.88708619196103
PROP-008879,69.43984028778554
PROP-093660,193.70233304391286
PROP-046789,275.43741096503044
PROP-037163,34.61056912460467
PROP-070543,308.80515287670596
PROP-097348,327.4527734496368
PROP-072820,46.40074639859999
PROP-087227,273.11870322703834
PROP-040146,0.7508218404476557
PROP-053621,-27.795429373648872
PROP-079223,26.208028883701168
PROP-014066,298.5788240020669
PROP-031785,167.5630681284169
PROP-035486,487.08651294624457
PROP-024757,306.9472068784431
PROP-027248,52.4575358185984
PROP-045612,55.04410103844156
PROP-019333,213.0150183413906
PROP-025255,6.722152243517087
PROP-005237,195.48203211638003
PROP-095956,-16.136498631572863
PROP-087694,119.07851341027595
PROP-028158,123.34085803037901
PROP-093750,51.74210484712619
PROP-018822,158.21561981672332
PROP-096025,35.10143662671849
PROP-099137,153.68620646545858
PROP-000944,250.03481278458213
PROP-033298,128.91519649032318
PROP-083544,123.5699885509381
PROP-057538,-8.89214034431949
PROP-078199,0.1924140636253142
PROP-055885,-33.79979881019294
PROP-048193,41.324384123873514
PROP-075194,184.50914761626177
PROP-017274,-79.99002148721753
PROP-047698,173.09849648917026
PROP-016734,148.40842062136392
PROP-069691,270.91056959760226
PROP-064573,120.4900112311769
PROP-017235,62.64376718574263
PROP-086364,-10.994706308107045
PROP-042171,28.496870277775486
PROP-059025,163.63552105379532
PROP-055432,160.58637581603432
PROP-022790,34.81594990590965
PROP-004244,321.7208998677222
PROP-032812,-18.68330676776634
PROP-043680,-40.63165379805997
PROP-041473,155.4893043565749
PROP-031706,362.184574982867
PROP-011452,-54.981351529316306
PROP-070831,-26.58538993335142
PROP-032101,190.6676985364065
PROP-014640,58.44674295481179
PROP-085318,372.64907274022596
PROP-047919,5.334496003837894
PROP-096357,-40.05532353851083
PROP-004048,127.74849104402395
PROP-085282,403.0028399125524
PROP-027170,-1.92403700456501
PROP-050930,273.8051023372286
PROP-026669,309.54256172252866
PROP-067981,123.97060735273504
PROP-063737,33.774950312055736
PROP-072455,369.6821935976475
PROP-074835,48.64191721682354
PROP-069484,175.3712781537575
PROP-084515,79.2332408084743
PROP-010956,136.12514639131922
PROP-069492,257.13402529154064
PROP-021721,260.40954901796954
PROP-060959,116.14673488404335
PROP-085893,18.78335771598035
PROP-003526,211.9501644467506
PROP-052384,48.78027247268085
PROP-023296,16.31389827143174
PROP-021396,61.95169935049104
PROP-008042,359.4858263031166
PROP-098118,192.43794021619826
PROP-089889,-5.259370488094133
PROP-014227,210.81854232755134
PROP-088491,215.16213758507632
PROP-030679,439.9605526514845
PROP-081285,38.902422054914865
PROP-067260,312.8443391891752
PROP-031133,-83.62390811768871
PROP-074883,174.78512833584958
PROP-012184,259.4086714374007
PROP-079789,110.91026631450491
PROP-038279,249.03426830761953
PROP-068093,68.69995938314895
PROP-056067,19.163402222051094
PROP-056350,149.80677611834955
PROP-055678,206.34831131603028
PROP-055876,37.93328008909809
PROP-030205,91.66625036330765
PROP-018892,357.9355990868702
PROP-082800,333.94608455161057
PROP-096854,18.2723881504915
PROP-001265,129.72954378838295
PROP-017709,56.39138727834765
PROP-099345,188.25721588246998
PROP-048576,24.168266730331645
PROP-051046,169.97783237412753
PROP-030598,82.94640423975989
PROP-077017,50.3738064345012
PROP-051767,14.405406832188469
PROP-074920,102.12414832215013
PROP-002097,272.72160621809553
PROP-011204,343.611471935425
PROP-059601,171.36699040104907
PROP-014488,307.2238226722567
PROP-057802,107.89078661896718
PROP-003455,125.43570337954847
PROP-034313,1.9631956129611732
PROP-098931,-6.515408933429782
PROP-023760,114.49778242906815
PROP-099851,68.45102878014549
PROP-000438,4.732582003556551
PROP-066664,438.05650425356794
PROP-090249,174.5603437410216
PROP-076059,163.54552820755274
PROP-003352,109.60462021409803
PROP-001788,254.02867459442535
PROP-078828,234.336210436388
PROP-083385,59.28556326047084
PROP-049387,131.9815953173199
PROP-024201,119.14587197270035
PROP-024732,95.91956419266428
PROP-029716,339.6829768703933
PROP-033978,19.336808550802832
PROP-036301,360.53633630281826
PROP-067226,65.03020957322882
PROP-066723,78.95645641932886
PROP-015661,281.8737855740083
PROP-020224,100.47367736855281
PROP-037900,281.8332274714972
PROP-020121,6.268148131526164
PROP-009774,199.60690338998435
PROP-026553,-69.77417362293957
PROP-067664,54.41320393810456
PROP-069408,254.22524979716562
PROP-099165,19.492641501294184
PROP-008776,182.26962650066667
PROP-062148,72.06699123592016
PROP-052007,216.84312679785552
PROP-060299,236.62780652935206
PROP-063308,228.41959101644198
PROP-026694,307.8604892061517
PROP-037567,18.389015708204212
PROP-026718,16.45042966189258
PROP-024557,175.5734991970205
PROP-007815,95.65361142896725
PROP-040330,339.77967688893705
PROP-027213,116.4800308118143
PROP-081784,5.092011798193052
PROP-086771,223.6302338866326
PROP-004144,223.71279963505958
PROP-075178,-7.555528439200512
PROP-062163,1.640257401145849
PROP-085713,-33.393167872987966
PROP-040747,120.46140855719473
PROP-057649,317.1942188197709
PROP-000857,185.02137902774007
PROP-070152,33.34074515814922
PROP-013036,127.60382504208908
PROP-092116,54.989984155977126
PROP-039849,91.74974607805969
PROP-064932,180.75280951399694
PROP-057035,-7.407190863087573
PROP-055806,288.9607090949711
PROP-040630,218.77120971836166
PROP-047298,361.5812086876965
PROP-089325,220.87404816367197
PROP-032254,-46.97777646463877
PROP-024942,163.81757440723132
PROP-024934,285.308246059496
PROP-042818,72.75843330922014
PROP-082857,461.27407055100093
PROP-017372,18.50955212398642
PROP-055646,103.01388616656656
PROP-007379,8.595733858121392
PROP-068999,347.8372561460769
PROP-040404,174.3056497524416
PROP-007091,140.73167271621082
PROP-019926,6.41871512712727
PROP-070899,185.3861294360368
PROP-056806,23.308866894821396
PROP-068756,48.356455349301434
PROP-009711,60.88998594771004
PROP-068292,275.67958306047706
PROP-023104,510.17133721476006
PROP-089567,140.3286636228027
PROP-052113,270.1341787600818
PROP-081852,67.61511095976678
PROP-099724,75.83136380170397
PROP-006568,140.93772825863337
PROP-023265,37.09374677985886
PROP-071673,99.04809916221174
PROP-081350,-19.95789213326347
PROP-091088,257.8115228064688
PROP-028279,53.03126964657434
PROP-081224,296.7797775375368
PROP-033983,107.59835257954651
PROP-010181,412.3137435779246
PROP-060522,68.47171041242211
PROP-012441,37.731556956768635
PROP-051404,418.0767902663845
PROP-073312,265.4132531105237
PROP-047900,454.66411901182795
PROP-065299,6.479663505428895
PROP-058182,161.04422010372494
PROP-088852,68.37799100606983
PROP-008829,80.4041884011759
PROP-012076,68.32278258698999
PROP-016465,19.67160738632211
PROP-019128,182.21399992507142
PROP-095646,332.2588994531136
PROP-023815,316.4606123460349
PROP-098987,24.320168704240544
PROP-072611,304.17955536632684
PROP-079317,91.67191852974996
PROP-015047,65.70737455722328
PROP-064449,146.29239351432952
PROP-012934,102.6539483200896
PROP-091296,237.24096213208603
PROP-061134,43.67439969711495
PROP-039864,-48.54264504561047
PROP-063765,148.01878569440723
PROP-041342,158.98077280093457
PROP-000844,36.52240878369911
PROP-034153,132.20597918774212
PROP-077424,235.6477392827863
PROP-054872,243.29179748412764
PROP-056291,266.2666456372087
PROP-061673,147.9709495550191
PROP-067504,286.11110733246005
PROP-011440,281.5066384371115
PROP-007671,151.19761368988168
PROP-085987,260.4295805359863
PROP-085695,326.07285800593246
PROP-048080,199.42842328632125
PROP-065550,45.192519832732536
PROP-033609,278.32141969422844
PROP-042020,85.42466589432559
PROP-095638,22.564501410149987
PROP-075995,224.30379442599863
PROP-025507,-33.36468373583652
PROP-050694,251.90653380347288
PROP-082418,120.38942592125193
PROP-095409,352.5555632231885
PROP-008492,262.0447072653002
PROP-078937,176.60127225861567
PROP-053273,65.02960987109046
PROP-038348,128.02653775905543
PROP-069962,215.80870418408122
PROP-042934,387.4307181543294
PROP-066030,51.354324763783495
PROP-079151,165.105689641332
PROP-099689,226.15992649085487
PROP-056982,87.395614799083
PROP-039855,222.58746168190228
PROP-015852,297.60929637690464
PROP-001851,363.35429300884823
PROP-045197,48.171052891551604
PROP-069015,197.6574422529335
PROP-043613,272.3840002532094
PROP-028199,174.6596074877561
PROP-074007,558.8000006399865
PROP-074427,240.79287754299725
PROP-084987,38.578730298734264
PROP-047567,101.69855911529285
PROP-025787,258.52233792370896
PROP-083102,67.57527653355075
PROP-029286,299.6428481095679
PROP-027949,336.7144802824311
PROP-062119,94.55686740135454
PROP-079411,19.230157396846977
PROP-072584,237.98951047795867
PROP-029111,281.7836125055045
PROP-095921,116.05744893975594
PROP-020291,126.34529149966971
PROP-013068,156.65515251986136
PROP-004626,316.26311856913446
PROP-071268,89.29144606489888
PROP-022627,124.6666757027658
PROP-085015,98.64715921182714
PROP-020728,27.97074355712386
PROP-098779,24.89032900436473
PROP-016815,167.34932097820712
PROP-088534,179.10948772254628
PROP-062320,181.40974420603314
PROP-026434,230.73559024097176
PROP-065581,357.8088968807339
PROP-010260,0.4024295102291866
PROP-063082,38.09416571272233
PROP-080732,325.54399549761376
PROP-056266,332.91026641146595
PROP-061563,-39.90075852141834
PROP-019501,284.25699167076635
PROP-002774,377.677250549168
PROP-016720,304.3733809761459
PROP-026321,137.62458885953833
PROP-039682,174.60248024018628
PROP-000589,255.94192885600054
PROP-000256,208.14442937178853
PROP-011946,91.39100192561881
PROP-046227,55.361073665205595
PROP-011988,106.72224539004739
PROP-054296,120.03386996517027
PROP-000820,506.5164770591912
PROP-047681,144.7818900152026
PROP-080860,225.86320147728443
PROP-010946,35.499741367904264
PROP-097121,6.190588480105053
PROP-033029,279.03763754378997
PROP-065099,154.38877105078902
PROP-078640,186.5818094087067
PROP-025090,23.425411826327952
PROP-049110,549.2027609443905
PROP-028625,155.08681125366098
PROP-060315,193.51789609884997
PROP-061040,157.14908931867194
PROP-050607,154.3790857124502
PROP-036022,28.803522767575835
PROP-097899,60.12331664845605
PROP-019155,197.54218162128012
PROP-012650,-14.686648151275637
PROP-029891,113.48197736868376
PROP-027292,204.95078536153974
PROP-039690,422.7027374625105
PROP-014509,21.193530241487316
PROP-094535,71.52304257801126
PROP-001736,118.94161118579378
PROP-041832,254.55482229905593
PROP-007115,65.21886914104161
PROP-010452,26.574463868772476
PROP-063688,301.19707700987595
PROP-073266,450.72131826758545
PROP-046882,12.394786135744923
PROP-084141,117.33872830995598
PROP-000706,103.85258529169236
PROP-096813,257.2205264250815
PROP-055707,54.603106768507004
PROP-012955,112.40370102981855
PROP-015400,165.0586936105485
PROP-077713,276.1134384458753
PROP-098826,195.27488419755917
PROP-077472,35.578626192370095
PROP-036776,-1.9204177350083995
PROP-038292,40.73738428767871
PROP-046888,111.9440549878297
PROP-068025,375.17289994101014
PROP-087788,224.5882937900446
PROP-047836,78.75815719657967
PROP-025497,44.03422308685762
PROP-075199,224.04647849948077
PROP-093243,-25.810952839832346
PROP-070048,389.547813655816
PROP-092723,-10.750618897338033
PROP-056170,144.39112356914615
PROP-057195,258.29714335098686
PROP-082550,403.4929998476844
PROP-078833,49.52190315895595
PROP-079820,87.84859817070506
PROP-042052,137.48055802056496
PROP-085780,204.93240011115657
PROP-057297,140.05585398426038
PROP-057597,83.1125607801516
PROP-049494,-9.863838985028552
PROP-016807,79.53532140225825
PROP-055380,231.901638307186
PROP-091089,133.18991443929662
PROP-074078,93.13100969288047
PROP-081026,333.4977057249802
PROP-061977,304.3870724111207
PROP-012641,256.9867792036281
PROP-091433,85.44779792624475
PROP-032473,164.39124019481523
PROP-095396,171.85882439755932
PROP-063047,134.28588872366538
PROP-082018,77.62104335393829
PROP-076083,141.02130593907472
PROP-020064,519.3002602556733
PROP-085338,118.50338757040743
PROP-043997,114.32332277881035
PROP-093915,252.5564275323177
PROP-077827,77.4597768399604
PROP-019463,123.39616671929468
PROP-042333,80.17549664221137
PROP-018464,0.7387391146427085
PROP-097118,70.33500355982596
PROP-077515,105.17095385809841
PROP-058241,99.86084837742705
PROP-054703,156.82097335598405
PROP-065510,62.1746907367393
PROP-002860,206.6621612727512
PROP-046846,69.3845937611936
PROP-005162,-4.0962999402635925
PROP-001387,268.49046376328045
PROP-069578,-32.07707121484138
PROP-069360,16.452004666781168
PROP-041129,361.8645544836618
PROP-079311,311.2078569881793
PROP-032272,9.269446047497901
PROP-097191,522.0512019120297
PROP-004259,168.68624831350905
PROP-045782,-26.276701980681427
PROP-087344,6.383623329488206
PROP-062381,275.03775988487826
PROP-048486,57.60646186196982
PROP-095738,254.48757868414145
PROP-000563,210.47366736883194
PROP-084032,238.52936410207167
PROP-036188,190.97115237121818
PROP-017649,152.1251161324695
PROP-085371,89.10624343729293
PROP-078589,151.51456917918566
PROP-027071,37.71433529557502
PROP-085755,295.7946805377947
PROP-006995,125.63005160634728
PROP-090595,11.158224389116928
PROP-056767,166.88880160961554
PROP-020933,73.58876822676942
PROP-004886,76.55279694520996
PROP-000533,62.67931397025286
PROP-086069,50.31696007233593
PROP-071956,83.59440969611411
PROP-035014,-9.347017840480493
PROP-097468,453.5399248864445
PROP-049340,7.374762068680514
PROP-082160,44.14257794507587
PROP-061391,406.17974780199586
PROP-059744,388.42448047845943
PROP-056837,335.2243540360737
PROP-050759,369.1675930418721
PROP-032191,36.89595090739701
PROP-011311,207.77919135713694
PROP-033564,340.3856092360031
PROP-000598,178.79701157199133
PROP-087259,124.21084583765979
PROP-021505,257.9523347918424
PROP-096677,47.95014735299999
PROP-002366,78.26804224215734
PROP-058025,66.85831894242742
PROP-080188,314.9116659561748
PROP-068833,138.22443088594758
PROP-063245,59.01268768673671
PROP-036783,55.440600066766365
PROP-064884,140.43063572006275
PROP-083104,-5.071700836167729
PROP-003810,139.8358015865973
PROP-068326,504.0022256495711
PROP-054758,237.39583290840346
PROP-015699,210.67011021013292
PROP-096343,58.380462394829145
PROP-014040,5.945245168050221
PROP-002337,71.90320535460393
PROP-087143,203.8161227816833
PROP-098074,61.19182444968217
PROP-047586,226.2781741967754
PROP-094169,44.665809913027246
PROP-035651,-29.27376611690413
PROP-084304,85.3898793250502
PROP-024665,172.14493570728172
PROP-025399,345.11967868052625
PROP-012920,8.374419886943473
PROP-011371,176.4374904375354
PROP-067469,185.4902040513327
PROP-038242,137.71012559024385
PROP-031040,295.94406060111305
PROP-059481,94.67398124959603
PROP-020033,195.48033239235758
PROP-019708,386.06796583648577
PROP-058858,276.02909958758534
PROP-026258,21.913482223130856
PROP-091523,51.40580922286411
PROP-026104,320.06979237671936
PROP-027643,214.33645795393224
PROP-035714,111.23327731181814
PROP-035941,576.584115035145
PROP-057488,16.207147148658144
PROP-028371,234.42883937686372
PROP-034891,52.861906547756035
PROP-086187,150.66405179422597
PROP-052281,101.66774864660707
PROP-025086,74.48122999321922
PROP-073979,1.5440611593995115
PROP-046005,59.280913338727736
PROP-060400,57.44377229527471
PROP-064050,254.25475411827802
PROP-044008,114.29519933432641
PROP-063611,219.83853585999654
PROP-080972,107.47129908398047
PROP-062513,22.471937272436
PROP-008723,242.55127356597046
PROP-002678,244.42664113056097
PROP-054720,8.263791217589173
PROP-092140,162.80168619733163
PROP-055202,249.53748750860615
PROP-076630,66.80123352611076
PROP-007392,306.07613199205514
PROP-032782,20.608157463006258
PROP-027365,141.41805410867528
PROP-056357,34.73497311401245
PROP-030406,116.41138442796539
PROP-058926,304.798684389402
PROP-034220,165.10274866365086
PROP-057170,4.987169044395909
PROP-089288,72.02069022248139
PROP-037445,75.5519826845143
PROP-072529,250.68868063431418
PROP-088548,61.620153205391176
PROP-061930,122.20283848346006
PROP-038803,90.35216194992265
PROP-030713,223.622857077314
PROP-013167,161.00051676076995
PROP-003966,9.680027619292275
PROP-048266,133.09653136784942
PROP-052680,296.68489944337574
PROP-058316,-7.272363423917994
PROP-095579,35.510175927168696
PROP-019192,406.76851736784613
PROP-041365,152.75897025060843
PROP-090017,115.90142136299146
PROP-023919,114.71840163559878
PROP-021641,506.0634142647845
PROP-064566,24.216317855591832
PROP-008415,341.7659067148652
PROP-003342,-68.68706661323998
PROP-082297,133.91331544098264
PROP-057817,199.64107009893243
PROP-014251,216.4300654519816
PROP-099085,42.373323258576896
PROP-025878,297.59192773449263
PROP-057323,254.23319238630722
PROP-077159,324.9022318940215
PROP-058862,220.99563475404304
PROP-088248,122.82006684611466
PROP-089966,253.8077056784197
PROP-023501,27.55443969186469
PROP-066703,19.87713390310062
PROP-066013,5.10341521993044
PROP-049362,79.71418732140006
PROP-023478,272.22794847442873
PROP-069924,113.51076095449116
PROP-096627,159.55852165079293
PROP-008344,-20.41236202078638
PROP-079419,101.12589568256756
PROP-030905,38.91935175207845
PROP-088370,393.33075714157155
PROP-050189,311.1435164891475
PROP-012028,151.35008243374196
PROP-053398,51.03190328447989
PROP-069985,112.4653139864313
PROP-027588,104.29274982105983
PROP-093846,70.3094287196511
PROP-096387,-17.243846696962326
PROP-009579,83.05480625360273
PROP-033003,-20.659002634878366
PROP-095870,162.93455425883775
PROP-030597,236.05637219528685
PROP-019381,17.82522976079521
PROP-006914,-0.7450368783019599
PROP-049021,71.56807069778503
PROP-002296,175.30969095432476
PROP-024171,294.28686298251887
PROP-053607,263.98366593241667
PROP-086784,82.52987268616944
PROP-080104,54.82160770819089
PROP-093219,37.600688271233686
PROP-087742,535.7450212602316
PROP-081323,316.75252290944724
PROP-078327,44.209885997005074
PROP-096796,34.807642832153384
PROP-081421,261.02161822570963
PROP-030914,125.44757122160371
PROP-024294,89.48897418599839
PROP-064435,93.2054417235403
PROP-083603,276.45617784094156
PROP-051769,274.73053202888616
PROP-070872,95.16149974274664
PROP-038202,42.824585936700835
PROP-074276,4.970366037877817
PROP-084164,437.397045527089
PROP-002024,186.23493216915986
PROP-055325,190.73143800259805
PROP-036768,151.42177901849544
PROP-064885,110.49016152932737
PROP-041502,44.41787038744473
PROP-067430,88.60542971763456
PROP-046756,168.82583404975185
PROP-054428,67.14474131558207
PROP-054664,230.65076365192854
PROP-026324,240.1872326685955
PROP-062078,81.08497191440813
PROP-016909,228.43413366818294
PROP-087977,43.44442271822311
PROP-066165,58.892107955050975
PROP-015678,100.63088172142987
PROP-021621,140.59652930488622
PROP-038972,146.58381685886422
PROP-062169,61.006005237273385
PROP-007075,103.76826592648814
PROP-085335,107.51962569700689
PROP-002192,56.669964248864574
PROP-079285,-0.31266275636890306
PROP-085035,58.7257220610476
PROP-001695,170.43627748911513
PROP-017537,402.83129003007946
PROP-018834,308.3878643042929
PROP-095116,106.76755396922088
PROP-091033,392.003775540524
PROP-062728,31.380640791625225
PROP-056771,45.06376716523194
PROP-061700,144.72273055389962
PROP-027753,84.66195700137372
PROP-045222,211.01863553035253
PROP-069154,71.07518628814675
PROP-067733,318.7439369552469
PROP-025832,148.96434947174646
PROP-026215,170.73864491199706
PROP-034536,94.00679484668052
PROP-091728,32.65349848760793
PROP-030211,118.95424279264103
PROP-050619,131.2798048181335
PROP-065852,95.61587132033554
PROP-055268,93.56824795658412
PROP-062957,210.3709593510509
PROP-042602,128.88049510058698
PROP-053145,85.76026283441192
PROP-073552,73.00846604722301
PROP-061032,177.97049490665222
PROP-060018,147.81209714553148
PROP-016668,-1.4860078888267827
PROP-034508,99.81940339337433
PROP-045695,285.7917243398085
PROP-040571,296.8420205734559
PROP-084875,47.24289552378298
PROP-003989,9.847486120227778
PROP-062240,92.76464163088673
PROP-001246,69.87767931813477
PROP-068459,-20.580570392888863
PROP-093196,4.063570729082972
PROP-083683,55.22933086238517
PROP-016841,151.43155865092925
PROP-049398,365.96256882818574
PROP-045333,281.4162264212207
PROP-085274,216.47906139945403
PROP-064606,259.4024453409356
PROP-054477,346.88102883758677
PROP-010352,101.41964265399419
PROP-017603,156.65407196406028
PROP-051543,-13.059493789272302
PROP-087827,254.88899344399707
PROP-057847,80.48027158478533
PROP-088744,37.92596806055979
PROP-014189,336.84497998916885
PROP-080516,76.69753365052023
PROP-077143,141.17191863992218
PROP-035896,217.17406809198928
PROP-068916,119.43295803656108
PROP-095498,122.3057137855626
PROP-055595,68.88139265440117
PROP-008448,168.95061157871694
PROP-023060,33.07286736749466
PROP-042399,-23.542828031294793
PROP-011385,86.75271286786891
PROP-007866,389.7983779588629
PROP-093002,48.69808723380119
PROP-082076,28.009016483101597
PROP-078043,283.48553627822554
PROP-099320,368.29374660992505
PROP-077862,196.71814808627352
PROP-091095,90.56276981335432
PROP-056998,84.74528703271899
PROP-085162,239.57094646928357
PROP-025173,22.376799637118737
PROP-001965,157.11353109613498
PROP-030568,6.709469703961538
PROP-043736,219.48842167338225
PROP-013622,103.78507851624194
PROP-011612,51.046373116195014
PROP-081023,9.586840459340117
PROP-074610,139.34116979887705
PROP-065969,16.068450921728566
PROP-010554,54.84496486397335
PROP-015831,83.86851812104314
PROP-075426,108.82338793403912
PROP-027729,250.0311500405058
PROP-070348,210.63320753775685
PROP-005182,49.96227237914084
PROP-051050,-22.853119642111434
PROP-000345,115.27944451951848
PROP-027600,-51.214481218519275
PROP-091605,53.04210729484361
PROP-036101,41.718786948509965
PROP-006954,135.53038763531296
PROP-087083,126.86420623569722
PROP-098145,-19.335531078275466
PROP-033798,59.54663329297037
PROP-018090,166.5084865015803
PROP-053537,198.71382051017338
PROP-002511,80.4149886834773
PROP-074865,281.7034460917573
PROP-058424,447.5574355313977
PROP-074774,90.15852959407496
PROP-008597,72.17175768777615
PROP-048109,18.25678118797356
PROP-033005,51.82706728369527
PROP-048413,204.1196077421657
PROP-075253,88.65901899490811
PROP-061864,103.67168597606178
PROP-077027,43.978634570288996
PROP-051526,302.36389787338544
PROP-010441,81.90514023836191
PROP-011488,166.121697205229
PROP-003355,242.7911005792521
PROP-071914,247.38477943410692
PROP-004653,277.38195227977553
PROP-075222,196.5646351502378
PROP-001506,258.3052746351965
PROP-073484,201.85597089440301
PROP-077398,238.8380285717085
PROP-050868,99.73593783435345
PROP-054092,220.69585975618256
PROP-052115,-6.199984041673595
PROP-047939,194.44215197202277
PROP-018581,28.889277698038438
PROP-014402,68.39942197563744
PROP-033195,245.52383981505358
PROP-051910,177.9875861843227
PROP-074623,34.25019332159198
PROP-065700,138.45673663154355
PROP-063888,78.49336401111792
PROP-072226,280.07526173722675
PROP-073772,27.005576301222526
PROP-032430,61.575886052101666
PROP-079733,66.82636216473585
PROP-063299,55.545595042758364
PROP-032621,90.96509078545341
PROP-046987,199.17305123903105
PROP-099124,163.96172833562332
PROP-019390,66.67922153956663
PROP-081895,242.3453358150953
PROP-046214,198.26826570701326
PROP-035086,156.87861048957123
PROP-089893,74.41136062037539
PROP-086189,38.42191029139481
PROP-030676,286.72343043668826
PROP-058371,176.93904146882306
PROP-035712,128.4070750468614
PROP-097491,78.8990151056331
PROP-067965,39.747540750902246
PROP-088748,210.2816901085035
PROP-027189,115.2981128111482
PROP-035011,227.07238021577754
PROP-045700,41.05572788471389
PROP-010668,92.78400848182913
PROP-093980,319.35264071619616
PROP-042272,172.50537748093274
PROP-057604,27.256923870971406
PROP-031146,245.43616809918456
PROP-028399,128.70856368820407
PROP-053455,104.37470945158299
PROP-077577,53.51599530149233
PROP-005635,51.47634234904828
PROP-035847,106.09160676380114
PROP-038222,191.60768091101187
PROP-094150,-4.746003851103744
PROP-002467,130.1079272148417
PROP-036952,186.6151669301021
PROP-003713,54.64323595200851
PROP-064574,92.28237972735646
PROP-078404,218.82274520658734
PROP-098846,46.3349248249356
PROP-004187,60.30328853584629
PROP-025078,73.32401631330421
PROP-000080,-38.476277371327754
PROP-045297,266.5023327397828
PROP-081730,81.60785331403724
PROP-065749,314.9892484781537
PROP-028986,127.3100917922535
PROP-029198,9.187213418191533
PROP-039295,187.83193919678354
PROP-098959,411.1165077192704
PROP-099797,248.86990658936236
PROP-020120,-35.77103355134456
PROP-016591,10.657996332575301
PROP-094738,74.88908974808368
PROP-004183,74.76276870931983
PROP-008149,115.54740977948546
PROP-074171,168.22901596857724
PROP-076031,122.41069685883224
PROP-027137,70.56134868740119
PROP-054164,-28.664112471292732
PROP-025156,14.88603637051341
PROP-051886,251.50112765583557
PROP-066344,410.7991428356474
PROP-002195,61.66132934334274
PROP-084245,20.327112850470602
PROP-031910,150.55475550076974
PROP-087420,265.6202119418305
PROP-084168,488.07547747440856
PROP-085943,-43.96627677483198
PROP-026340,146.92772984528696
PROP-029984,64.18511186590813
PROP-025929,316.36690293390535
PROP-002751,60.57598481485763
PROP-050466,351.7712425346693
PROP-053307,-30.539581785293077
PROP-061038,177.4539357152854
PROP-016576,35.188063909587285
PROP-073295,45.080468542059215
PROP-019378,45.86573777257488
PROP-079859,23.90690700904191
PROP-012070,122.90182584149824
PROP-059455,365.85845460365147
PROP-046991,-35.17212471142705
PROP-076192,88.37686894535152
PROP-052430,461.63643584018246
PROP-034179,315.4557964842613
PROP-018029,284.22920951428597
PROP-085736,219.04317656791608
PROP-099600,101.4914496227297
PROP-062790,63.775661912312955
PROP-099668,100.0004765002442
PROP-053778,32.101608282804214
PROP-098133,134.00744298364586
PROP-071691,112.45254702925652
PROP-081007,77.78068271435717
PROP-067906,164.13428699561752
PROP-085550,-11.190149939836035
PROP-079077,80.7473412972847
PROP-080063,-12.662976760879364
PROP-034835,114.05057002102706
PROP-053626,123.9909841123349
PROP-082533,95.07031408652037
PROP-009016,50.355712621512836
PROP-052993,2.3135956208476287
PROP-094385,127.83590439081576
PROP-085607,287.9897961400196
PROP-057747,73.8376002761749
PROP-046215,-21.72417608666229
PROP-007577,243.0792393580124
PROP-056863,79.69088055276399
PROP-074873,-59.23595574225619
PROP-023340,269.20132621261723
PROP-035244,9.683495973989608
PROP-080858,116.52332530538284
PROP-066048,51.072142791733285
PROP-075001,70.31327070961461
PROP-076652,384.3467536102916
PROP-000896,236.94769702924225
PROP-053324,12.29094726344087
PROP-004146,57.61945046642533
PROP-055611,258.07005613729723
PROP-008474,345.41259102768583
PROP-067031,153.43203714572735
PROP-035137,64.80909517561406
PROP-040340,-5.92402690679608
PROP-092262,-19.90917184782211
PROP-041758,294.228951161198
PROP-066693,11.069272280172397
PROP-062044,177.29853831308685
PROP-018418,56.69839608046699
PROP-024932,169.18305717456948
PROP-021545,109.78249503371194
PROP-065122,-19.39123824576089
PROP-055003,277.4455267690107
PROP-090737,-60.93329005538798
PROP-097837,190.4294750918452
PROP-048319,56.54163436266268
PROP-073679,124.52282021261357
PROP-007962,7.968881092922233
PROP-094175,228.92074063087512
PROP-005131,76.73228582202034
PROP-008552,299.3458577111461
PROP-079219,175.8667667090351
PROP-063101,2.743869788014436
PROP-066783,86.96501855702154
PROP-045032,338.9185843247301
PROP-009826,58.61086480161091
PROP-098504,102.71091740342024
PROP-012305,180.40987678378715
PROP-095086,47.10634570430939
PROP-013953,126.98609296134069
PROP-090796,550.58411520247
PROP-042528,272.43918244548445
PROP-024265,100.4023373651231
PROP-064732,31.360876489827092
PROP-067916,183.36409190981675
PROP-081298,170.57778194356507
PROP-058018,279.9492615934351
PROP-012284,32.87605696552832
PROP-059771,13.491032985010431
PROP-039510,207.1702007602783
PROP-066262,-19.189055605962096
PROP-033863,101.3074515550245
PROP-079274,35.018418307528805
PROP-091520,118.38757848542329
PROP-007860,91.06301896282835
PROP-060669,87.86630368149743
PROP-074856,150.1921546706689
PROP-084964,187.82612623964522
PROP-054319,-11.162284122514986
PROP-090979,107.93565879291504
PROP-089083,335.56033060818874
PROP-028668,171.99533626721964
PROP-082794,62.39719673697205
PROP-074647,31.679876118079584
PROP-054387,317.3437338007197
PROP-025343,-13.074880631686781
PROP-029882,346.6811970351265
PROP-029753,29.49474792293404
PROP-016288,195.44594572352037
PROP-007772,340.1847819444621
PROP-081188,57.57588615068698
PROP-094271,112.7179537258835
PROP-084353,275.7753859540027
PROP-006174,3.1645014961443536
PROP-050197,156.8965182916027
PROP-042411,56.72316292906066
PROP-057553,146.26888336396402
PROP-005975,126.23563666336274
PROP-044119,279.4362295644182
PROP-098864,-61.00608486473396
PROP-028233,81.84667336040984
PROP-068004,288.9812733200393
PROP-016825,324.47681490861476
PROP-009361,247.60744634259993
PROP-018377,185.80410334459765
PROP-084445,20.256502716345693
PROP-091328,80.28401311853207
PROP-057778,8.376293259188827
PROP-019901,93.66337103668403
PROP-058216,-49.58435274770838
PROP-051140,82.92053502152967
PROP-065687,145.86435444868212
PROP-057231,365.8596912577077
PROP-002672,281.90302496264985
PROP-026575,167.97650789821319
PROP-077776,49.86130904351762
PROP-017246,40.65555128994137
PROP-044561,89.77703854520098
PROP-011030,94.64118370175504
PROP-026943,-70.65337764447364
PROP-084855,179.31354522681144
PROP-080926,79.57574978505616
PROP-046647,212.26848206930933
PROP-039276,225.00436779848468
PROP-099070,299.5246034699765
PROP-095895,96.53074274980871
PROP-047189,35.60903238098328
PROP-096148,32.85737370950068
PROP-049400,327.283774189039
PROP-068526,141.7434232213829
PROP-068384,56.10769304296794
PROP-084670,87.69867173292549
PROP-052107,-1.4294176031940715
PROP-012799,46.66550310482463
PROP-039070,129.4741646611309
PROP-029862,43.833960302636676
PROP-054810,108.35328495856082
PROP-063951,557.0732626633413
PROP-014648,9.883044597109464
PROP-048447,27.59264805076505
PROP-038575,264.0749433651454
PROP-001017,107.20579924380365
PROP-066219,69.9298990652195
PROP-022425,14.25917215331722
PROP-048297,128.87790338615957
PROP-047214,209.10640730728363
PROP-039082,114.38972148244946
PROP-018855,-56.99450816759428
PROP-083948,351.5611911685273
PROP-080961,108.56937788048162
PROP-082894,76.12227630073522
PROP-003426,-12.177094287380068
PROP-097135,235.90127688331654
PROP-047047,166.07309364966403
PROP-034652,-12.68481183246251
PROP-035426,541.5735162233581
PROP-022289,379.55513711864677
PROP-027520,104.80838868441177
PROP-066826,52.204315490996045
PROP-089405,233.4427982621554
PROP-071309,263.8018147817968
PROP-082096,316.5451064772339
PROP-018039,-9.979863052789838
PROP-038887,264.0891627411676
PROP-008274,5.808663118705002
PROP-030007,110.78643788243397
PROP-034795,190.00123241821785
PROP-019599,409.8521060176871
PROP-099955,195.70220838965338
PROP-029040,293.5147385302167
PROP-075246,24.545887983320362
PROP-054867,216.35105965032898
PROP-050609,-19.404723635197403
PROP-070321,-5.889361920034852
PROP-099298,86.11664193756471
PROP-077099,178.04857419026524
PROP-028010,55.61405423299456
PROP-093906,108.90895323154331
PROP-039053,119.80204333990831
PROP-056841,145.77887096884905
PROP-090732,252.74506876803892
PROP-016195,48.51996024426099
PROP-004147,68.32761075927709
PROP-094643,302.12853759625074
PROP-007429,111.366036327743
PROP-038971,257.9759245032699
PROP-044279,12.327149788053458
PROP-019698,73.31306338989178
PROP-082716,523.4993505560177
PROP-047184,15.570642342883854
PROP-072888,428.0552117066139
PROP-014563,235.15879331240762
PROP-006856,307.8943917755514
PROP-055387,178.3478766699189
PROP-030149,176.65438078829246
PROP-007318,303.4412158169109
PROP-093564,9.070942029397582
PROP-029341,93.5109185510054
PROP-001161,110.33225321681017
PROP-099589,9.913833521698237
PROP-077804,-24.986171234604605
PROP-071557,238.61089974289342
PROP-045139,259.0995263243245
PROP-005126,370.3691930200091
PROP-094661,58.78483707022072
PROP-035522,238.4407448541479
PROP-088864,18.136208739062873
PROP-020054,172.44692691998205
PROP-056812,43.309373477345424
PROP-053950,311.5803509263704
PROP-022065,295.4987689128675
PROP-027312,-8.843166226666343
PROP-029295,127.9336924250743
PROP-058180,85.72360758071156
PROP-098932,52.00270397470847
PROP-047431,287.63991077810874
PROP-085585,363.07255555068986
PROP-063230,94.67840612323147
PROP-068114,-12.69190151201403
PROP-045625,257.2314423210735
PROP-082340,143.9722204715612
PROP-015982,231.00647072467976
PROP-085266,-34.57072932735756
PROP-025643,353.7316720345916
PROP-024610,280.1834155504406
PROP-096010,337.1076592384623
PROP-042594,187.37022508227406
PROP-059145,287.755992953386
PROP-001378,229.30703697031907
PROP-049166,285.84928011229226
PROP-024296,358.1350375591579
PROP-068748,297.10928322468567
PROP-070641,-26.162463885394658
PROP-098603,357.37587800616603
PROP-050774,48.263383677702386
PROP-030811,-18.301427065039046
PROP-031641,176.90157084561366
PROP-078717,350.77841916923296
PROP-073912,227.69515440043074
PROP-094868,444.76452317288533
PROP-086351,164.8183560215982
PROP-092921,44.04730714204665
PROP-078389,569.4837404349702
PROP-024827,227.71954268672638
PROP-005079,193.37455414732074
PROP-043827,65.01133520148645
PROP-033653,121.38439793716167
PROP-029326,-30.177257582082998
PROP-055699,109.1569766022291
PROP-099842,20.065090379147033
PROP-087304,146.52639987071828
PROP-090710,155.83112560959628
PROP-070986,133.37137997599126
PROP-015665,258.16009877653113
PROP-017205,127.9707020708659
PROP-078339,-55.7494544041422
PROP-026214,85.11818613019334
PROP-036817,-38.82904037662534
PROP-090301,131.22575768179982
PROP-023381,72.6644146208002
PROP-053130,55.7139188035966
PROP-072060,136.40052194056716
PROP-085383,170.25989681933052
PROP-012992,81.66984793057341
PROP-003998,75.49476594524778
PROP-019129,302.9220370255497
PROP-075494,27.274741986578952
PROP-046236,28.366622496364837
PROP-067860,173.9228867096727
PROP-090046,112.60320286487573
PROP-044950,78.93150770741524
PROP-004131,215.84438541668442
PROP-010635,254.6192703648909
PROP-003089,203.06949214075058
PROP-015891,386.50164568812176
PROP-080023,143.414664039225
PROP-080667,119.31352711809662
PROP-007712,515.1731385265003
PROP-064095,317.23249859173495
PROP-048928,123.25880437398828
PROP-057275,34.07606562038811
PROP-035313,133.5890706559853
PROP-099881,87.15131903714652
PROP-073321,95.30874254707726
PROP-081465,29.309864281771254
PROP-006216,285.00037211065865
PROP-050863,330.6502273665278
PROP-037509,21.364535975682006
PROP-093286,129.31098450679536
PROP-068604,104.61823271171943
PROP-021840,226.23529611940154
PROP-036646,185.71849190683238
PROP-008538,39.066846407352834
PROP-023320,-3.1084677564938676
PROP-073187,96.3507750639441
PROP-005917,37.07181456931028
PROP-010829,148.3858728268094
PROP-072286,75.44511766986149
PROP-035536,157.70242368231203
PROP-099459,128.53083527353306
PROP-063994,149.92492946267043
PROP-028244,134.1575235787023
PROP-005324,290.3620361608799
PROP-074914,91.06391203847463
PROP-059806,300.2169610188869
PROP-060597,236.4009472153346
PROP-077485,296.4991128486361
PROP-058013,135.33300215862357
PROP-034296,135.0684378508611
PROP-099828,53.50480682869187
PROP-031612,122.17308086187481
PROP-051802,55.661830258753426
PROP-050758,-10.320572747325972
PROP-077136,204.56076962905155
PROP-026184,257.1524860657367
PROP-087757,60.40497229375611
PROP-046695,57.17618699015722
PROP-058656,58.84202323135716
PROP-076978,-47.366783397311174
PROP-063556,-16.3761760047387
PROP-098195,330.72364845004233
PROP-007176,55.8473746494241
PROP-097588,42.675505028928775
PROP-006579,319.4815741542333
PROP-027911,31.639710748867426
PROP-086534,224.08385858893493
PROP-001806,131.8759933022968
PROP-057322,31.63702284628932
PROP-028326,79.17127231531305
PROP-030021,398.05121832458275
PROP-092207,126.74070790304256
PROP-069714,16.923235032822788
PROP-098378,51.028841997900656
PROP-070847,94.45606108935087
PROP-000713,57.1645151750486
PROP-041380,126.39818211660412
PROP-020009,228.2107713049732
PROP-096908,77.98735476279282
PROP-064880,176.18352429423612
PROP-012553,-9.093320362024302
PROP-096764,199.82887417462894
PROP-045088,115.88075095923531
PROP-024498,271.38033384205676
PROP-028182,-13.157966086941471
PROP-061959,328.1212684294253
PROP-055711,1.9301417903972613
PROP-084401,302.49490345369946
PROP-025027,227.64091742365162
PROP-054679,121.30323567649316
PROP-033384,218.33294644443174
PROP-018397,35.49719598882754
PROP-054995,73.60976374509595
PROP-044915,106.77201394764239
PROP-007923,132.70453648266002
PROP-099670,13.342804594643184
PROP-036147,174.20512110276383
PROP-052264,15.85519280648469
PROP-084178,40.12301135746281
PROP-013099,88.49067269474212
PROP-087265,176.29806122468477
PROP-009734,106.41334369720738
PROP-018785,156.29865057532734
PROP-047317,215.930762040547
PROP-077279,-24.655535738720417
PROP-014002,153.69368422547853
PROP-088942,17.204440391025628
PROP-047604,283.447196291395
PROP-060989,384.4834837384187
PROP-035383,15.033912695458017
PROP-033274,338.05614265829365
PROP-013654,125.55441783427047
PROP-099377,150.31644221110048
PROP-018050,190.51759867614828
PROP-042432,145.04821447053052
PROP-000888,4.791106033745988
PROP-003806,218.12815059103508
PROP-079244,70.64899605311213
PROP-004868,31.068562618357277
PROP-095250,37.20305336454649
PROP-056001,87.65079166034091
PROP-031127,37.956297905487375
PROP-090044,35.08773548310513
PROP-056580,3.4023483496133835
PROP-099561,-7.607303846122914
PROP-048364,252.0575658578444
PROP-024758,158.51291455702048
PROP-091106,102.1150358740884
PROP-079422,69.25882665206134
PROP-044759,512.4551429473248
PROP-048211,182.77633741547692
PROP-084003,24.935937709752935
PROP-020349,194.54476585261673
PROP-062022,19.355724227397744
PROP-085958,-61.543290903008575
PROP-023574,210.31090861943355
PROP-017263,336.9831204171356
PROP-052213,269.5470226008327
PROP-057334,312.8017252544744
PROP-076483,50.207475977425275
PROP-001636,229.8575600532566
PROP-011264,60.19601348938055
PROP-087421,137.00570098850758
PROP-052256,172.84020931597573
PROP-037409,449.37803723991465
PROP-013842,291.56522894397517
PROP-098186,207.15689350273314
PROP-076792,47.75099182971137
PROP-097567,6.970713915581648
PROP-063574,105.99446007604371
PROP-054603,78.03381425027268
PROP-021471,76.23544054396504
PROP-013412,34.34646427897509
PROP-015239,131.629080701112
PROP-084896,380.3290661727526
PROP-087670,346.0788451707914
PROP-048243,-44.946373586114355
PROP-069769,248.4072455310701
PROP-026572,54.84878647960022
PROP-090644,187.25308291668074
PROP-059376,151.4229474014314
PROP-045036,302.8041245422327
PROP-024703,329.39672125267384
PROP-004778,116.33803300080494
PROP-094083,73.99722992709818
PROP-020426,82.91022304395702
PROP-007969,64.4273829420257
PROP-033979,23.47711902181389
PROP-098009,10.704214864534968
PROP-058472,-64.54092088775704
PROP-051217,259.8021181202261
PROP-060180,-10.258048395284188
PROP-089146,218.03452174939346
PROP-063517,331.5769171275634
PROP-011640,38.76677973846375
PROP-082660,277.9149954313112
PROP-000118,230.56461096760273
PROP-079764,94.85540236926983
PROP-087492,55.66627580054068
PROP-093677,43.83943145334333
PROP-034226,120.39970918258966
PROP-096384,527.9342393764198
PROP-020652,61.71962661239715
PROP-087257,149.16523792819825
PROP-027089,121.05416539701528
PROP-044972,95.7567828127341
PROP-023571,51.62032133647099
PROP-087155,90.5304158019922
PROP-027712,13.53001713799075
PROP-096424,41.95006065016203
PROP-012313,261.62833090697967
PROP-075849,3.320120277209355
PROP-021750,178.06789719981657
PROP-018729,126.42810375228038
PROP-091373,4.791296690222736
PROP-051007,66.65380726591312
PROP-055467,-0.453367900560659
PROP-023029,101.5151307135495
PROP-075956,54.76386654622767
PROP-023558,336.322264840063
PROP-006719,53.321725291827605
PROP-013478,54.574752150876286
PROP-022605,57.112008636182466
PROP-038753,51.5779335963049
PROP-017098,218.04209632970162
PROP-035040,116.10410019902024
PROP-078311,202.04746067407282
PROP-096771,14.138440530853284
PROP-092579,257.20451941129147
PROP-089473,143.20144393358467
PROP-015702,32.37298923653379
PROP-052025,38.88838690213066
PROP-096711,32.087014289733844
PROP-041881,41.19620243809493
PROP-058298,47.227457151660715
PROP-052509,16.509638498960207
PROP-038530,224.15389497960118
PROP-042263,79.98269787888573
PROP-061738,175.88800974757132
PROP-005786,9.087565250520267
PROP-096050,98.80097697325368
PROP-085648,231.27722224263522
PROP-048079,300.51098068188935
PROP-062981,1.8076815962873543
PROP-033817,285.082052032724
PROP-011719,97.44871935336857
PROP-060773,1.011746784028663
PROP-022823,383.80932506147315
PROP-014856,247.77604920133115
PROP-037252,163.578783404514
PROP-088235,84.12350156389135
PROP-002321,81.44956679321058
PROP-008420,8.365459616172252
PROP-066824,292.47095091873376
PROP-016819,241.98575576620786
PROP-004504,256.13069153149036
PROP-026256,78.01354120132538
PROP-045109,178.72636365750205
PROP-096178,271.47759838309923
PROP-032343,325.15207743064053
PROP-012042,84.67018035229366
PROP-000619,280.7065104913107
PROP-056297,19.27798349597816
PROP-004865,200.94435427634497
PROP-064342,75.48996212756465
PROP-076742,92.4376970532661
PROP-098874,241.48505481116348
PROP-076041,103.62495284306458
PROP-007055,39.238606511551794
PROP-096637,55.478670844692736
PROP-094102,22.58901752728128
PROP-006807,298.79975356686924
PROP-092472,306.3529055616401
PROP-070774,290.42480584549105
PROP-081956,314.2396270586467
PROP-086209,116.96506948051126
PROP-087069,139.69909681114595
PROP-058070,116.41967667193393
PROP-045175,74.35880135678437
PROP-077406,-41.9111615811174
PROP-013202,154.5926748727627
PROP-060496,84.57205175161612
PROP-096778,22.590106120452354
PROP-045323,98.32359546229767
PROP-059269,115.88785543760258
PROP-069220,61.9061147488094
PROP-071915,296.0683294093776
PROP-090683,33.00066773133426
PROP-067629,-3.5153885394460644
PROP-093615,267.5710807145472
PROP-015141,317.55358754656777
PROP-083558,63.971553257686864
PROP-077629,456.55768094328505
PROP-062193,78.08520289796444
PROP-040663,128.1706474194991
PROP-060517,75.34883123891657
PROP-057946,54.26655300030663
PROP-023464,19.429069237650108
PROP-006493,15.077202084586045
PROP-085009,124.91620631359672
PROP-051851,73.64694170958015
PROP-034184,-17.950927921968013
PROP-002499,191.24993252895732
PROP-002870,86.06345389195222
PROP-084822,221.46311274899406
PROP-021997,39.41913171810723
PROP-071149,254.53653874526904
PROP-059953,211.69826835063031
PROP-006767,272.2764538613595
PROP-054508,-31.747117736625086
PROP-023271,-20.670619241167564
PROP-092171,248.49771111318557
PROP-018047,28.629586568782713
PROP-066644,174.36854085482096
PROP-070417,195.07104416517168
PROP-024235,41.91974441597367
PROP-076975,20.03640513876505
PROP-097022,207.7138070941596
PROP-083842,101.81013468795024
PROP-095842,58.083631699955724
PROP-030798,168.3676670984867
PROP-044635,100.17357408487825
PROP-026476,230.60859373479386
PROP-014875,116.7939512407203
PROP-021436,6.538745545644168
PROP-069891,64.16129473132094
PROP-096205,212.416138547102
PROP-039316,11.461527980592674
PROP-007291,229.61467065491982
PROP-014883,18.203262323747218
PROP-065972,74.44669692290941
PROP-045089,200.20280774223303
PROP-020362,108.31825705177306
PROP-060445,48.20943735388625
PROP-005882,110.96864934172332
PROP-072607,38.0365219898468
PROP-000064,292.08105092767954
PROP-045597,224.40916368100665
PROP-034859,137.76818777489098
PROP-034215,-3.224307046392454
PROP-069166,195.65755843989876
PROP-059647,247.0881625151496
PROP-025101,186.16997020258805
PROP-038217,138.8705215574301
PROP-057269,14.033768012956712
PROP-070307,121.07918218926932
PROP-050761,216.28968592194724
PROP-060712,16.84813755413986
PROP-010980,-28.08990775174574
PROP-012195,229.2134038361271
PROP-015680,18.648829055727113
PROP-004127,238.71859318267354
PROP-057844,40.132740005320905
PROP-051145,90.33771027723759
PROP-085770,-2.384876391527868
PROP-066999,230.70776804087507
PROP-075060,398.97297748753783
PROP-098744,242.5046244820944
PROP-098865,70.02133048855914
PROP-040871,51.391766025346136
PROP-070488,39.00379884500241
PROP-008015,62.71623511794662
PROP-026774,140.64185116386926
PROP-062369,261.7539609254603
PROP-015051,10.87668120790915
PROP-029650,194.6663570818098
PROP-043189,50.29883382235032
PROP-043175,442.82373193649096
PROP-098044,211.9191012120138
PROP-093713,237.08225849320263
PROP-017407,309.2311843879764
PROP-045455,111.2115698109628
PROP-021356,387.2342136241666
PROP-085501,322.5163022341948
PROP-063942,19.590629148057705
PROP-003281,106.14094881163228
PROP-078839,81.63497768979902
PROP-008326,10.113313697118155
PROP-016111,247.08122517652023
PROP-074796,19.92454017354366
PROP-051809,-26.885328179490617
PROP-064561,72.9966977692187
PROP-008901,99.50891177426941
PROP-047420,1.1846003615280836
PROP-026043,93.98543800092858
PROP-033381,197.6026781207001
PROP-072141,235.60809099438924
PROP-026421,-21.87274416409497
PROP-079962,7.990089008099002
PROP-041671,143.2813936998973
PROP-039593,314.2764608224551
PROP-059354,133.85928048366682
PROP-036627,399.84247486103624
PROP-010234,-8.900053499198767
PROP-054335,160.33529978479592
PROP-063257,215.95019139454232
PROP-048894,12.19728342140531
PROP-005447,91.49777054164092
PROP-068492,253.4787760904327
PROP-009142,176.78357313102492
PROP-001481,221.32145673440266
PROP-086466,256.8923169530983
PROP-031361,-8.491204203095133
PROP-011017,239.87312345787046
PROP-002867,192.68541552636086
PROP-023723,-13.690861111164828
PROP-021277,144.23260508972092
PROP-011162,193.31755464888406
PROP-024144,21.107551095528414
PROP-062337,145.77612522498825
PROP-050316,186.72189188405787
PROP-081821,-1.4802368163255437
PROP-031209,81.30925701713227
PROP-075488,171.27893398723634
PROP-017086,281.2775648021244
PROP-060409,63.79768777027236
PROP-034765,54.36302920564918
PROP-064056,4.400112100341504
PROP-015655,230.9259728212628
PROP-022078,294.4175427134369
PROP-026235,-3.6114998623722308
PROP-068005,-4.511379395764716
PROP-009366,107.9829081507027
PROP-099521,167.44636252337517
PROP-055138,62.01172135239394
PROP-087767,69.9891380272022
PROP-001852,99.18949878059718
PROP-093159,273.8990688301208
PROP-028880,251.18939200237594
PROP-079010,64.17922077624891
PROP-043444,278.66841052964094
PROP-068460,266.3148920119441
PROP-052196,101.81224738952992
PROP-055899,50.76375781485175
PROP-088020,91.60917501963324
PROP-054911,250.26162040556025
PROP-080542,193.72436025997092
PROP-059407,104.95659697789182
PROP-021757,402.37686437919035
PROP-051705,179.182576175158
PROP-052370,8.365295591862903
PROP-061658,229.03164073759217
PROP-068714,47.84775594020032
PROP-007438,33.94559675204398
PROP-070917,28.03142509274765
PROP-031791,74.19237801945614
PROP-052046,112.97481716082794
PROP-090927,229.61993063303112
PROP-064457,86.07709287798154
PROP-047764,6.797830354912307
PROP-022991,-29.112505429863326
PROP-073600,44.06871642642767
PROP-086465,41.74876702640725
PROP-097283,21.391158237357207
PROP-075526,39.496679339961744
PROP-034545,27.119918491871484
PROP-017931,54.026421594335794
PROP-029881,328.29193838626674
PROP-075156,15.627828329826535
PROP-082137,121.63693226358606
PROP-093082,104.29600240966278
PROP-041955,35.32352137416782
PROP-091012,247.79346686384457
PROP-024606,364.41950050440715
PROP-002598,390.54141814463765
PROP-074230,-12.881297882450198
PROP-039861,67.27937512752396
PROP-015860,98.39362756212182
PROP-070001,19.173467408074732
PROP-008968,46.13178059217404
PROP-045128,207.8612185726651
PROP-068351,-41.80219092284578
PROP-005188,57.32592452082173
PROP-038476,337.32091048343653
PROP-015171,186.13321323950254
PROP-039990,209.68401530111035
PROP-020261,-52.76615606361406
PROP-009174,184.09764225238666
PROP-043612,57.33331513243382
PROP-043702,9.358220263189562
PROP-074524,318.46444351117884
PROP-023417,106.56042957309211
PROP-043858,278.2188994058459
PROP-019755,152.71216673419232
PROP-053840,119.41988370228637
PROP-032572,40.68932551209711
PROP-023743,204.22998759576518
PROP-072978,350.87696978628935
PROP-060059,64.94226916242138
PROP-090171,56.32401790553117
PROP-099779,280.36629569813863
PROP-079887,86.45294815810935
PROP-034796,77.38717360649595
PROP-072213,119.73223895521842
PROP-029956,76.44864580542067
PROP-072462,55.21793826622468
PROP-022692,274.12611723412505
PROP-023995,502.1799549982333
PROP-096231,69.11376741006455
PROP-094135,431.1351682487335
PROP-045067,21.72126447920314
PROP-094011,268.6071218976342
PROP-054826,29.381073068211904
PROP-023115,58.57814234747136
PROP-024340,302.1746051030966
PROP-032112,61.89950132794131
PROP-081176,54.86632217396056
PROP-088912,38.59838366380127
PROP-093558,78.6379202687765
PROP-079787,281.1756634469242
PROP-046617,241.0780026683803
PROP-017310,160.541818674013
PROP-000069,67.94368378767548
PROP-026276,75.8203116496158
PROP-069039,331.4517703820426
PROP-047636,315.48005059064724
PROP-097479,82.83466994495859
PROP-078459,109.51602978341138
PROP-017233,166.33445762380853
PROP-062585,104.56961858361117
PROP-011319,160.1806383983867
PROP-048477,-42.299835386862554
PROP-093830,39.573154842705215
PROP-064626,134.32004410741234
PROP-042140,167.74726418302282
PROP-014471,124.3530266235007
PROP-051568,297.4874450410685
PROP-021928,5.682079490686682
PROP-074868,27.45072079304792
PROP-039431,289.7185989539608
PROP-052411,151.72813215536547
PROP-031363,274.8324554105837
PROP-001170,17.545749768368978
PROP-085347,75.52616158985316
PROP-075264,267.8721746100489
PROP-024069,-2.9495853195110193
PROP-073483,76.10914074059059
PROP-037614,190.5656569016562
PROP-097788,276.13996410129056
PROP-013268,277.3909758104921
PROP-050615,207.5635669715086
PROP-095257,274.26717974562655
PROP-098775,212.78911273066544
PROP-048483,122.0887808985835
PROP-064842,74.59053484933447
PROP-077245,340.9369585052202
PROP-073833,-16.76978927765565
PROP-081749,62.83438438214684
PROP-088128,600.7631702097293
PROP-070249,126.71028836965426
PROP-017212,67.86509413762855
PROP-055473,-44.110456414220224
PROP-051952,66.98109904672064
PROP-072234,282.7703144823812
PROP-030964,123.02309637612964
PROP-041939,261.535682335309
PROP-093481,69.3724949865854
PROP-079388,347.0003245853254
PROP-065311,25.47447514793905
PROP-083748,289.49111892220293
PROP-067081,156.8874261916286
PROP-089225,231.75659976042434
PROP-091483,169.22046279291544
PROP-095048,0.6464584303454615
PROP-078289,69.76968832516121
PROP-030155,-0.21508940052159886
PROP-069967,31.221049670561978
PROP-090810,199.175859090587
PROP-019536,65.8193147428454
PROP-047683,281.13304848526514
PROP-027750,198.65147422173436
PROP-085873,101.20321665708465
PROP-023740,-9.146531921831144
PROP-071909,69.44986992058699
PROP-091015,184.84693680978359
PROP-091202,341.45344725930545
PROP-065515,336.7392766804297
PROP-045503,259.39129797289206
PROP-097569,105.54134104341645
PROP-015157,289.15793178632686
PROP-055911,7.469821317503708
PROP-006952,62.44828508209727
PROP-061951,90.21620501420898
PROP-012246,45.63624669268569
PROP-033622,300.9019443099266
PROP-063054,240.19853717753224
PROP-044498,322.477292764875
PROP-077139,368.6356079861881
PROP-098580,206.76327205213414
PROP-039568,136.38798153180284
PROP-052845,63.811935317589075
PROP-015791,56.77927232396942
PROP-092534,84.38499479951422
PROP-053540,141.51149703035787
PROP-035456,-8.617242251593714
PROP-094098,6.90382860615271
PROP-047253,372.76913731395695
PROP-048939,285.60938953482815
PROP-086684,257.08766973196265
PROP-081890,218.5915460537368
PROP-077505,130.81949322070798
PROP-066480,87.15740565172737
PROP-044224,94.13081689135645
PROP-030041,134.91892654771908
PROP-016672,89.18620467076941
PROP-033461,-28.765724500316246
PROP-091068,87.28844235678473
PROP-052631,96.94589788997848
PROP-057870,39.486941520978036
PROP-079402,38.73811594044137
PROP-042705,-73.39614940084839
PROP-074926,289.2459311851862
PROP-057207,200.00775112801665
PROP-091943,124.9326572585391
PROP-049815,269.66782172286395
PROP-083750,68.51234340791154
PROP-033947,129.56758635009118
PROP-005545,243.8107593543912
PROP-042543,61.118063635078144
PROP-020909,106.38477622413323
PROP-064269,240.23088433712957
PROP-058997,106.65878052514678
PROP-035391,-2.4187309288760037
PROP-000085,75.72473304529156
PROP-020839,255.46711806168997
PROP-007909,267.3027543057847
PROP-088668,128.74720046566557
PROP-098084,-63.80849475512926
PROP-055355,-18.86718187537634
PROP-020683,171.07306752807017
PROP-095265,108.88333875108667
PROP-039790,164.4579328437719
PROP-067306,-32.584696117779615
PROP-022689,228.4665798195507
PROP-013395,81.6781470064895
PROP-086184,366.0018735989088
PROP-051146,235.55738056609908
PROP-060420,82.9825888443396
PROP-091264,57.39617168773934
PROP-019395,33.691798299961704
PROP-000779,37.45771918345476
PROP-062995,67.72808770698717
PROP-006507,56.66287175799648
PROP-042565,176.20270065715178
PROP-046610,-41.22076537564219
PROP-039433,32.444008814530314
PROP-014597,-36.9826312235962
PROP-027482,32.38622347198015
PROP-046644,354.70423950666566
PROP-096483,94.34756785010892
PROP-058705,70.30816851671645
PROP-055787,322.8722337141882
PROP-097183,120.96159479154844
PROP-009570,328.666858986625
PROP-075626,194.76723786959923
PROP-096411,93.02432642756658
PROP-076755,212.59281120602014
PROP-098770,440.2799109993479
PROP-036045,242.77197593784442
PROP-085747,105.25151725325092
PROP-038081,77.24544707044593
PROP-075879,212.24350185964698
PROP-027763,227.77391313078442
PROP-095380,108.77796010381881
PROP-008889,50.43688750384741
PROP-036512,18.434714311068895
PROP-035354,129.05591931350193
PROP-098581,3.2897210713639975
PROP-071081,34.09447270165285
PROP-035027,363.2824234202131
PROP-018774,-74.56573532051566
PROP-026548,106.3031774877727
PROP-052654,68.22033470979852
PROP-017383,36.37205531506548
PROP-079721,66.2533754184543
PROP-071669,205.20477194260803
PROP-052555,199.47689327356096
PROP-032141,18.573652161788623
PROP-081649,-35.864185541106906
PROP-026933,32.048005012578
PROP-025393,-0.7202324117512546
PROP-006978,62.76229408546581
PROP-077952,203.4061017383987
PROP-054957,86.99145130522658
PROP-075969,96.60991860107355
PROP-005799,14.646076672531954
PROP-041286,195.81182046521133
PROP-096090,143.1954354016203
PROP-045013,136.50360942998492
PROP-072617,34.81947666293906
PROP-088192,144.5573899465997
PROP-001819,178.41352435595888
PROP-060452,71.96003073626457
PROP-021114,152.4972057047906
PROP-094085,2.4197077706487153
PROP-059043,113.2193501275181
PROP-007658,98.9621388983434
PROP-005015,18.83055323031985
PROP-039807,36.20133253223349
PROP-040885,74.21870375099806
PROP-038460,143.40456556453046
PROP-006747,314.33559548261854
PROP-060296,192.3817577635142
PROP-087748,156.82703246110563
PROP-031470,16.263251959538984
PROP-019393,-9.283971916573872
PROP-070860,205.6061653298512
PROP-011532,226.67342637813212
PROP-085503,262.86743002464004
PROP-038053,229.58746569179968
PROP-078880,118.46064247472752
PROP-064867,16.771226400956586
PROP-079344,25.121858641770444
PROP-042041,54.936077918075625
PROP-034696,64.27818646615731
PROP-081824,82.32200023699195
PROP-010885,305.92433505954955
PROP-040233,20.911002979048153
PROP-022069,216.0603718975312
PROP-015664,477.50006219442884
PROP-045822,297.08991365789444
PROP-036012,-106.51033374933569
PROP-044177,22.69804660611936
PROP-033771,283.32769512923994
PROP-024430,80.40858486609893
PROP-096704,70.68224646258975
PROP-073591,105.95123092727069
PROP-040875,269.750670079905
PROP-092101,126.30256737912538
PROP-081906,288.30557459216726
PROP-036367,122.23154108797709
PROP-034805,108.13489460131696
PROP-015970,20.850730034975093
PROP-094943,38.104599666131364
PROP-030400,318.97527714808007
PROP-031690,97.00074728132827
PROP-063202,174.53455920712327
PROP-023414,151.3391407019142
PROP-068967,269.00382852499064
PROP-039226,422.30851713086764
PROP-002420,119.98483986245107
PROP-076696,168.48684143392128
PROP-091112,138.4182497237862
PROP-094165,-14.056763777270927
PROP-049626,108.63320510914005
PROP-009840,99.1654496648712
PROP-021361,138.1878400657223
PROP-057559,116.4030895204617
PROP-087356,56.666296823845926
PROP-026208,3.4334508884216746
PROP-081915,362.1021774536661
PROP-037502,44.503614888878964
PROP-092653,79.35921381481893
PROP-098840,81.35250629958807
PROP-037314,85.47720638402461
PROP-043237,102.84674348050854
PROP-089998,79.15994569737205
PROP-059264,103.16463456519708
PROP-060342,251.16509941880466
PROP-093543,-49.53648104355614
PROP-033317,128.695738783844
PROP-091901,78.63865520754983
PROP-035030,175.72378920061612
PROP-069664,142.1146381986617
PROP-004580,346.97217185926803
PROP-001893,279.75234485520843
PROP-097687,76.17551007767393
PROP-030294,262.8907489050627
PROP-086056,21.786006858945957
PROP-056383,193.05311406394304
PROP-095744,34.1484550531869
PROP-054509,215.5031676343774
PROP-005663,127.12591399509029
PROP-087226,-67.19867360220263
PROP-096686,222.3381444290969
PROP-067406,38.99840207658701
PROP-078579,51.4554481793959
PROP-022456,110.15685103833742
PROP-038200,85.27082108947121
PROP-002953,3.6274732778032464
PROP-038072,75.2171284458732
PROP-039214,55.92298342690211
PROP-001501,117.71998106267597
PROP-088104,208.34099361419757
PROP-075880,119.230005726284
PROP-059237,99.82686917629728
PROP-019150,530.297301843023
PROP-017622,475.4419669595654
PROP-065035,129.82825898124793
PROP-004907,71.98753142573142
PROP-056534,107.57314349298015
PROP-044606,45.60970664418407
PROP-090063,318.05747166763575
PROP-079748,232.14437467204584
PROP-044156,260.9485611853193
PROP-055654,552.2859760497289
PROP-027177,85.88793421040089
PROP-085294,346.35822562815963
PROP-068801,61.12152714737016
PROP-001150,289.52705158001606
PROP-039312,9.9033442271163
PROP-040970,226.66321107981577
PROP-037402,237.89820324126725
PROP-030293,382.73568359663375
PROP-035064,68.11473604833405
PROP-044333,377.0276040252054
PROP-038534,5.18759454995206
PROP-031846,316.4605131480661
PROP-053227,-67.485162361411
PROP-038280,69.01175721075359
PROP-078853,143.96023731761903
PROP-013324,210.7280715964406
PROP-088705,60.86576124080602
PROP-027566,134.1927622800064
PROP-002505,146.76257584274106
PROP-062464,48.812742107610916
PROP-011912,11.35065345453131
PROP-073205,78.00519568272145
PROP-020044,102.02931814333951
PROP-031861,343.00953431149816
PROP-086966,-26.061160166457633
PROP-097651,344.4580288234815
PROP-082196,-63.43253378216456
PROP-057212,224.67263610508272
PROP-073134,280.359827773108
PROP-097337,26.36631508378899
PROP-096887,345.7273933870396
PROP-053026,-8.183129218658406
PROP-040924,244.42624694980807
PROP-098982,80.59237664682838
PROP-089105,111.36354827476833
PROP-025709,308.95013674732525
PROP-035717,120.25636119589228
PROP-042392,-4.969321303309936
PROP-015074,87.23983094601661
PROP-018460,114.12563971790826
PROP-039843,130.60237175725797
PROP-042823,208.56476339262645
PROP-091789,123.34207214388834
PROP-073406,100.66000236360932
PROP-039676,34.07123252630166
PROP-036264,111.86780308070696
PROP-065634,136.37446460665936
PROP-017767,363.419363561488
PROP-071066,-16.010389022409175
PROP-071286,55.285884472742595
PROP-051785,65.75457458209318
PROP-067517,87.71878087267868
PROP-034514,193.33292716453988
PROP-010372,34.8623165732754
PROP-093888,83.8339762010554
PROP-069930,291.2189079451885
PROP-094408,326.35694417632834
PROP-027942,100.6041803695236
PROP-025713,68.97397274377758
PROP-000881,113.59372967183928
PROP-029849,156.52545855572055
PROP-030150,147.40794238436982
PROP-044510,42.47355858710895
PROP-055682,353.13076904112415
PROP-001955,116.25313801803095
PROP-025588,126.36712796089353
PROP-044306,300.06824769321656
PROP-063649,38.29022365440107
PROP-084932,113.9756385492326
PROP-052906,55.61534494053689
PROP-024163,-25.647546997465675
PROP-060015,306.1794715140185
PROP-089910,175.29483804755094
PROP-000357,388.3662255527454
PROP-038865,167.62795694856874
PROP-013117,247.69885660889844
PROP-077681,262.85731354225203
PROP-077949,153.31437672080835
PROP-052489,140.17382131825394
PROP-056660,216.93044154152625
PROP-018319,-24.433776426630057
PROP-011201,162.19814374980487
PROP-035612,477.0074482698685
PROP-091780,82.31608127948684
PROP-032564,42.79119741510948
PROP-021222,455.9169165646542
PROP-032037,184.80135379777528
PROP-024381,56.99499496453198
PROP-014311,157.7036824367255
PROP-000406,156.30896756543882
PROP-042881,19.358934441556453
PROP-039694,-32.54919238405223
PROP-064112,336.86333294390494
PROP-013151,283.30933587159893
PROP-060714,139.07590347689376
PROP-008896,224.01272507476784
PROP-013377,87.64622011076142
PROP-084519,-6.283429547201479
PROP-068620,122.1193362701802
PROP-058692,6.70141049875405
PROP-096409,156.85998096617436
PROP-095558,-24.085432559919933
PROP-090726,36.87126135022869
PROP-030413,139.6811619739315
PROP-008383,4.5613235693343865
PROP-043181,311.56351200800145
PROP-025978,-20.170923191260542
PROP-083265,46.19302722385241
PROP-020416,63.16971336365136
PROP-056287,295.9363982167225
PROP-018244,4.7867859935053865
PROP-057403,315.49872665708097
PROP-059546,204.2062451681213
PROP-012931,524.6263511625131
PROP-005613,312.36804007537233
PROP-086555,253.27389389527306
PROP-040795,-37.94229382532842
PROP-020335,134.82827682556575
PROP-054224,170.94125664349536
PROP-092705,63.19469987056108
PROP-079601,61.412341408659294
PROP-003721,82.01802048437969
PROP-042278,168.48356876119846
PROP-019021,-11.365962312328552
PROP-079439,39.85674732063325
PROP-010405,270.1668132887594
PROP-000116,278.8150654342151
PROP-037453,138.4796428212636
PROP-056013,92.5985155502489
PROP-091194,326.8884168090244
PROP-086081,303.5043302608682
PROP-022077,222.10551589600817
PROP-000762,281.69385097136535
PROP-025042,146.45853466916304
PROP-001884,66.13815054681298
PROP-081710,-89.29472697753008
PROP-082209,138.32209111086604
PROP-081085,103.0650508227524
PROP-036256,561.658768614425
PROP-099011,175.14373861914208
PROP-000413,273.78217529836354
PROP-027798,83.65749854593591
PROP-043581,319.0557831415126
PROP-079154,334.244855432679
PROP-007402,27.411500004713375
PROP-078600,289.4074778819208
PROP-048298,59.88744446361977
PROP-094835,25.752453011805255
PROP-002699,299.3954363176182
PROP-010600,149.81263874883766
PROP-021629,113.42078176195108
PROP-078866,-0.8831464385321954
PROP-059359,30.231759130151644
PROP-000876,307.7711695134974
PROP-006368,60.90327142455436
PROP-053807,167.8579621937103
PROP-094928,204.0595157644862
PROP-061327,10.345652991957607
PROP-056880,213.48655600577797
PROP-028160,28.064549374524525
PROP-055494,51.882848121338384
PROP-066035,9.92572621317133
PROP-015258,419.72336338479784
PROP-064100,81.16159813265492
PROP-087925,86.6002796566975
PROP-056566,84.67505078191952
PROP-047854,133.23647568389583
PROP-029672,440.6881020727181
PROP-035760,225.58275042320838
PROP-052423,253.25928037991758
PROP-090083,113.94038393841876
PROP-047917,68.03891460133988
PROP-069209,232.77979297586052
PROP-000237,80.81208609985009
PROP-023929,12.828362440325773
PROP-079943,144.0042659113658
PROP-075684,267.3591158141327
PROP-012520,106.59181199292505
PROP-040968,92.12530866125644
PROP-099214,321.6876527055697
PROP-001802,231.23614483380058
PROP-010720,89.2591368253003
PROP-092078,261.2757869468046
PROP-083559,90.21258204251481
PROP-032054,70.76159505332258
PROP-037193,98.55628764702625
PROP-010109,114.61304682342055
PROP-000646,49.0121015585349
PROP-008084,58.615291012166594
PROP-003771,94.29002636948914
PROP-097991,478.53939542987155
PROP-025906,105.29602604464054
PROP-043354,161.1607090857981
PROP-036902,21.941774259240994
PROP-079836,96.81474427364716
PROP-021454,218.1671195886292
PROP-090236,302.3779872190844
PROP-059058,46.445655706754515
PROP-061689,50.41234029883938
PROP-027145,33.04085846417013
PROP-031008,330.90247699155594
PROP-012557,340.2033392976374
PROP-072362,234.01442446165456
PROP-000895,31.907444669232195
PROP-065930,246.85026179773854
PROP-006781,279.25530122187064
PROP-066085,79.49614061163864
PROP-043771,151.91764031100217
PROP-079700,144.5625032675488
PROP-052983,114.27976320586512
PROP-019825,32.93408161857627
PROP-092965,46.52872212099304
PROP-088151,85.52290947085888
PROP-073511,95.95614825503911
PROP-081983,361.96004220179077
PROP-001014,193.7686970279015
PROP-013662,218.11499616000646
PROP-049469,26.40730870946819
PROP-003407,11.215069467721015
PROP-026859,293.4038526336311
PROP-012226,206.0178100340168
PROP-007077,323.2713232632345
PROP-040552,-18.63208638910126
PROP-073624,239.35735554444955
PROP-017361,257.06198270617233
PROP-074815,36.9897209806346
PROP-072953,515.0368685497368
PROP-092777,180.53124917172886
PROP-094771,180.87769023305432
PROP-022026,469.17273765039954
PROP-091382,-51.237665693213685
PROP-037605,36.681587087702184
PROP-064407,62.48987939979259
PROP-071954,253.65883331301018
PROP-001657,14.24574662362712
PROP-004701,203.1943766296821
PROP-019387,-26.361496003677917
PROP-087771,312.55812595575946
PROP-094659,233.27033815646195
PROP-069515,98.10555158980995
PROP-053822,334.8913827453488
PROP-003011,54.36061166868817
PROP-037755,84.83839303431557
PROP-014529,77.90660727330605
PROP-092010,106.25993769538053
PROP-062427,342.11356654998605
PROP-049964,248.77793630748266
PROP-053489,44.5983585405514
PROP-039542,294.3185045273575
PROP-071133,335.61112055225794
PROP-087539,74.21097540771684
PROP-037775,114.62532862104692
PROP-069993,232.88099711637165
PROP-082773,-30.84676376688845
PROP-036518,315.0642718707736
PROP-014707,319.474274407496
PROP-046867,141.95547234255494
PROP-005253,39.72359992992072
PROP-068453,310.7337332768995
PROP-039657,123.12318132611986
PROP-068781,143.2721362531955
PROP-087135,391.83429441317793
PROP-024726,57.321627578024774
PROP-037433,201.0236860383746
PROP-068834,11.550944503441091
PROP-010737,366.68967479530465
PROP-027871,116.83259763984967
PROP-038248,239.6611629060901
PROP-046631,43.49662008464793
PROP-086726,29.75432045709644
PROP-019905,240.8027465075047
PROP-041717,35.62063673886291
PROP-082216,144.62938098426906
PROP-036285,42.07487521731741
PROP-021575,60.37931022916161
PROP-027407,217.42244753341453
PROP-048253,14.665397808711525
PROP-082813,88.38401757368234
PROP-017250,104.8630268362033
PROP-088666,368.386105005933
PROP-038567,176.67126165863675
PROP-095991,388.95201624437146
PROP-046916,-45.33864840819324
PROP-016907,402.74058233500546
PROP-094499,247.23498739313342
PROP-066185,220.02714131492417
PROP-015356,84.61078403658735
PROP-032080,199.64693374921424
PROP-076580,45.140857494943674
PROP-058411,246.6048845225382
PROP-092853,45.51109773411194
PROP-092496,23.831171050283835
PROP-094123,57.30774100290669
PROP-089821,68.89586229531938
PROP-005900,46.23285569962681
PROP-068455,50.36614963732327
PROP-071641,78.82604133344104
PROP-057511,27.1659042913143
PROP-038669,-19.684013422716497
PROP-042523,231.43083281781685
PROP-051654,297.082312707068
PROP-034007,202.50256291806832
PROP-019787,212.95585373260096
PROP-082933,27.25567340650567
PROP-033420,50.10907325133163
PROP-061642,-48.19199682007083
PROP-083370,273.9934329227435
PROP-037566,59.28248494734976
PROP-043191,223.9276250613929
PROP-097965,21.738941306649977
PROP-089058,60.499082437485946
PROP-046927,37.53531647017635
PROP-095419,-77.35516144790984
PROP-066143,67.87706094353503
PROP-041658,114.298559662484
PROP-032979,235.35467217521585
PROP-056470,125.92826068791982
PROP-017430,-24.359135927849998
PROP-042039,170.7772914956239
PROP-064663,25.23593727542469
PROP-011605,178.74781403876125
PROP-089173,54.190572188014315
PROP-005242,254.8649246574281
PROP-029083,36.31218615968235
PROP-051653,47.96989075795584
PROP-049035,243.8022773968258
PROP-007285,199.88202074321225
PROP-005903,151.4435220664223
PROP-082314,240.4399054103284
PROP-020143,154.80593342707022
PROP-085698,200.28708840941832
PROP-005431,89.43350490076566
PROP-086909,23.108169590082532
PROP-039835,326.0429856376632
PROP-062965,33.224679538081986
PROP-033569,330.6790117318885
PROP-086742,116.03516853515198
PROP-055488,-50.65627048417228
PROP-094718,203.14503421900898
PROP-042021,130.84518151100002
PROP-027748,150.9580963083099
PROP-047375,39.8543338548521
PROP-067379,308.5641068552193
PROP-095839,-25.627334671012598
PROP-009427,143.46225631369228
PROP-008950,257.50661941067386
PROP-053548,245.69280396646133
PROP-094948,78.10858288555079
PROP-006990,-15.87167913844463
PROP-039808,7.682847088003671
PROP-016631,215.71477103338796
PROP-039537,270.3819709189341
PROP-014853,394.40703292365794
PROP-029758,-13.280466300951979
PROP-077871,479.43513689550895
PROP-082203,333.8464577158368
PROP-021837,69.59183892625542
PROP-074645,275.4597755798926
PROP-019248,295.55606801252804
PROP-019117,161.50862817879622
PROP-029448,348.921994455922
PROP-034328,227.22018717779483
PROP-068863,87.23851875687134
PROP-097720,71.68128133462938
PROP-048234,40.99934131728362
PROP-098970,173.20154358388575
PROP-084246,14.537376428771257
PROP-030782,202.36247127282832
PROP-032492,193.15029252237522
PROP-095536,259.49844078576814
PROP-054243,288.40298276202515
PROP-031847,289.9493409235345
PROP-066318,141.62849044407255
PROP-074970,-24.402781082086307
PROP-086240,73.37763754267061
PROP-033826,33.11349752243384
PROP-012311,106.43650277410221
PROP-060390,416.84051997993413
PROP-035929,141.66479976325002
PROP-044268,50.50741998868733
PROP-037839,188.8492268592957
PROP-035347,126.92272968245862
PROP-073828,195.96337912666596
PROP-010189,195.94244295469903
PROP-006603,-9.283754226806607
PROP-038791,55.80227588081166
PROP-080390,93.81031552518668
PROP-015355,266.32581547129456
PROP-078753,440.7807380095763
PROP-068517,138.92220407284114
PROP-002573,77.84782142839809
PROP-061056,99.38836913169825
PROP-056415,271.55153620470026
PROP-037443,79.26925611198394
PROP-018604,140.12364346701608
PROP-077387,16.124081301112657
PROP-093057,41.857285875478425
PROP-017885,318.71523338539123
PROP-032843,256.64293535511604
PROP-010124,33.804002383132264
PROP-085786,187.93119413534055
PROP-041617,268.30578890604966
PROP-035469,18.662403930799606
PROP-074290,59.4159052478718
PROP-014813,65.26194670446765
PROP-075610,331.0706768689498
PROP-071454,22.910058395350365
PROP-033088,171.9913152391955
PROP-090854,77.74231518718332
PROP-063971,254.86417529906947
PROP-059790,14.027696525198206
PROP-053012,-11.8653994606262
PROP-069226,309.30220098679297
PROP-035781,106.63336826414546
PROP-029813,-46.056978195883715
PROP-078117,380.985541000652
PROP-043474,50.14678247664512
PROP-088085,241.07509168696026
PROP-077470,164.26948176717497
PROP-084524,59.78398468492049
PROP-068917,325.3074026845296
PROP-013416,19.882501022046903
PROP-006741,-20.920078190259986
PROP-080894,206.33222169114345
PROP-022609,-67.04789004691713
PROP-072728,246.1118174435743
PROP-054098,154.5812661913501
PROP-058162,268.16404128580814
PROP-002717,197.07051421695513
PROP-005260,47.55013138174508
PROP-006472,146.72716556948677
PROP-095245,34.23158920475843
PROP-056285,281.3918533442193
PROP-023625,201.98490368126104
PROP-016765,-50.86673261710534
PROP-037882,-64.28695340322548
PROP-092583,-5.782587504392694
PROP-001239,178.70033650282778
PROP-064328,99.04141008229556
PROP-002169,155.8956109374511
PROP-023343,248.90066309720518
PROP-088022,99.32633877233563
PROP-025756,158.15027151255015
PROP-098850,76.26451699997942
PROP-052333,230.31795284161802
PROP-099823,164.1203395642413
PROP-081276,467.4082307794134
PROP-043161,85.59244612218399
PROP-094388,72.88481722874809
PROP-048454,132.5807726988511
PROP-090364,472.148263998631
PROP-013551,18.53762471765947
PROP-024113,-9.112477935164634
PROP-011638,25.115432651168206
PROP-098708,79.59211740754384
PROP-058237,66.30305327794332
PROP-093724,88.79971584896153
PROP-005597,343.820751964233
PROP-008750,-23.756264492371145
PROP-068309,75.30811334665385
PROP-042339,81.815124139267
PROP-072102,23.942778393953496
PROP-052591,26.18435529472674
PROP-065913,152.92846218012468
PROP-086483,328.48137365076064
PROP-023550,35.75444975675873
PROP-042072,176.63130561924214
PROP-064101,255.30114950048412
PROP-031502,72.83247319703891
PROP-039884,95.58947401411496
PROP-057826,192.74385343002598
PROP-036548,223.0620939318114
PROP-083071,102.03042622853798
PROP-070978,338.52877065427384
PROP-021199,483.05089724199865
PROP-028857,126.85265257198316
PROP-073517,44.23324804752545
PROP-099716,109.84529265154265
PROP-007801,279.03100635990154
PROP-023561,108.20488721641227
PROP-036105,23.52872725204763
PROP-001176,114.36358941385738
PROP-080632,278.5486914721119
PROP-028226,-69.53416519983618
PROP-016847,84.15987493746483
PROP-015900,64.04145372500322
PROP-035449,389.1380618910074
PROP-031748,177.73444903888404
PROP-054022,114.04500230633964
PROP-080185,12.265722482778767
PROP-021929,-15.302971854996912
PROP-005763,75.18244665611022
PROP-066931,47.82110469196478
PROP-067010,48.372010006777145
PROP-012994,261.8264894706529
PROP-044080,289.3028523909826
PROP-051366,52.3433504499306
PROP-042364,33.81588758811977
PROP-081047,28.91377892002508
PROP-016274,301.4245263086632
PROP-031103,-37.63258913840583
PROP-019578,81.42390451429556
PROP-050652,9.671879906220742
PROP-059734,80.31621767822176
PROP-076931,1.7877226953700074
PROP-022253,11.354819455931
PROP-097977,121.91778627157177
PROP-017760,174.2069086284541
PROP-038856,113.58202107296343
PROP-061035,-26.409452048459467
PROP-064788,127.68281151492425
PROP-048551,187.77874002073315
PROP-008774,181.89470543894836
PROP-043569,277.14527056608677
PROP-069582,-60.076557228693225
PROP-007323,331.9350832358962
PROP-016871,67.98981474229919
PROP-071239,74.68941855484388
PROP-037051,119.91144014203488
PROP-014876,96.6219062918968
PROP-099225,273.6887873542806
PROP-006256,231.94387707151597
PROP-043324,237.49280556488526
PROP-048801,30.41995595068463
PROP-018611,53.39516189953601
PROP-003353,94.69400655209671
PROP-054031,261.0806380924134
PROP-009583,6.2243967472248585
PROP-041648,78.93107355063958
PROP-036821,336.03925744223807
PROP-041529,29.377039106502586
PROP-015827,93.2951406370236
PROP-024496,213.11616355215216
PROP-028318,-22.502291932656235
PROP-097394,111.95176969634564
PROP-073785,4.032505122864456
PROP-096788,484.44363583454384
PROP-091713,83.12460988302168
PROP-086195,-4.014519639783714
PROP-050065,38.4229423683441
PROP-031543,90.87549969840359
PROP-089418,71.91843099868893
PROP-051607,37.96889794993019
PROP-052211,124.13123211658285
PROP-067114,320.88921330440417
PROP-009415,274.8296586227803
PROP-058658,27.41001264239069
PROP-002412,181.34330267105605
PROP-084865,32.614624484963194
PROP-025166,78.82062513673172
PROP-013139,2.9446269834673373
PROP-041579,169.57195299028027
PROP-012207,40.86807282169501
PROP-083640,81.86726461276648
PROP-095280,154.56092525735946
PROP-049245,232.13214002557794
PROP-089339,287.33401583979224
PROP-007376,147.86529183266398
PROP-012712,94.59034719233996
PROP-091931,114.67018102257992
PROP-048362,98.13958554742274
PROP-090352,280.5518185017265
PROP-054630,162.23737718765926
PROP-008988,-0.26910972821210066
PROP-083762,397.5543290847212
PROP-090742,299.356899195193
PROP-081003,294.1868379828594
PROP-059480,270.3626268364102
PROP-057541,119.08757970805
PROP-023335,198.98230531890104
PROP-088566,87.21888963108788
PROP-056728,-29.41955901429933
PROP-081190,300.41972384849623
PROP-053318,11.858928149222429
PROP-051534,286.35609770894746
PROP-039717,359.11568057874933
PROP-018003,-0.9321493123225624
PROP-088997,296.95044023282264
PROP-061182,347.97319155837687
PROP-021247,-13.377288476333188
PROP-075019,84.94244132985487
PROP-018230,92.66252083269019
PROP-004910,54.567740287697774
PROP-088549,6.566181158489108
PROP-086246,273.69013297297823
PROP-085788,318.64210156790125
PROP-096523,20.62525501695301
PROP-036890,110.2638009846503
PROP-075093,111.42176610516567
PROP-075109,43.402789448793065
PROP-036589,102.76815719944724
PROP-020596,321.63975874854225
PROP-084467,125.7978231288642
PROP-018312,80.49090082064838
PROP-069481,110.16109074769817
PROP-035196,261.69227085586556
PROP-088586,171.83424616639246
PROP-025479,165.5471345797289
PROP-050823,112.96592311477866
PROP-016705,181.83216204457685
PROP-077815,253.53506440007646
PROP-051066,216.4222559559334
PROP-098929,184.9776943676705
PROP-078857,116.9039504189017
PROP-067942,275.4212706167814
PROP-035658,277.2486467444085
PROP-055534,276.2448588114441
PROP-093656,220.4836945070477
PROP-039825,178.54752118156165
PROP-091744,354.5439597739079
PROP-042813,273.76405802319516
PROP-024894,10.053557787883804
PROP-083761,163.70617713984032
PROP-003622,186.17466320514222
PROP-085751,453.1355678549492
PROP-025063,58.542798397993536
PROP-096127,291.09352075639964
PROP-018939,71.48442454386684
PROP-071098,38.931689845949606
PROP-083627,420.27243802002306
PROP-015284,-2.513785339300231
PROP-096218,-9.228214171214308
PROP-046877,182.61128804405243
PROP-072875,151.2603249006051
PROP-016619,75.09148845488058
PROP-081267,307.1426573112491
PROP-071649,293.26596282860146
PROP-008086,32.10097252373773
PROP-015514,149.86007359535162
PROP-079903,129.0970421965758
PROP-019828,78.04488603337958
PROP-002859,43.54043787235291
PROP-044027,299.69835278306294
PROP-098033,258.2195994105245
PROP-053620,50.36049181714468
PROP-048683,110.46618357298573
PROP-058653,11.323841824570593
PROP-058895,188.91664338976813
PROP-006005,183.85407476214803
PROP-084941,-3.895551654149415
PROP-089946,62.446440513390655
PROP-083346,138.23640599578255
PROP-062083,163.6909589498719
PROP-031079,-25.294261105810108
PROP-099580,43.168994336101875
PROP-021446,130.7007492827056
PROP-093870,-48.17802408037461
PROP-088251,271.54117563387274
PROP-021618,107.37422854728591
PROP-045233,121.16630128865529
PROP-002075,-70.1783344086782
PROP-048435,114.11114892748913
PROP-055385,338.0105948116696
PROP-080764,369.69276556349087
PROP-030454,119.45589199807495
PROP-032635,55.86673825623724
PROP-051271,138.38252752168097
PROP-040517,265.1601936295144
PROP-066450,-24.472599757570993
PROP-068754,219.5067557398775
PROP-038636,84.05939554231351
PROP-035413,143.12418017538062
PROP-013974,266.29345258993254
PROP-046804,210.51220185796595
PROP-095948,120.08324507947503
PROP-041450,89.67582094645468
PROP-085333,30.494451585186134
PROP-076430,231.65302368852423
PROP-021345,-1.9638452933570312
PROP-023214,137.54796129851908
PROP-027745,48.85291252507614
PROP-054091,425.6911651316875
PROP-031725,13.7449215275544
PROP-008447,234.34900315976387
PROP-082686,135.36448109328785
PROP-056038,98.18163813921655
PROP-068145,85.14974103119118
PROP-030863,71.26505467006807
PROP-056725,373.2925589792335
PROP-091916,64.84326105642361
PROP-055213,312.6699313763837
PROP-093370,248.8717974166164
PROP-012381,45.13169330674613
PROP-045475,-5.592420407956542
PROP-011805,118.06518246524689
PROP-056922,210.0725656555183
PROP-069381,6.876678636624902
PROP-091633,14.595770123092649
PROP-090473,57.00254058919838
PROP-077975,249.77161446487318
PROP-045251,116.63039949884975
PROP-045759,92.14060355428063
PROP-039447,245.03874398017928
PROP-064052,159.1372877229103
PROP-046980,113.39286300084079
PROP-084669,146.51340916146125
PROP-014504,3.5862692602982023
PROP-004973,206.26278196181187
PROP-042241,131.4105394323461
PROP-035995,146.76283932859116
PROP-023230,342.0192217217467
PROP-030550,-64.21690105558028
PROP-098206,-12.816032504775357
PROP-058556,199.95027329151304
PROP-058627,101.59149659264693
PROP-006304,103.29704402312181
PROP-058983,73.68021412453069
PROP-087502,-4.892308328415866
PROP-017256,41.24926423489848
PROP-060290,128.05877852489607
PROP-017673,303.72443979926766
PROP-076026,468.91292805475723
PROP-015686,297.74970618155515
PROP-042736,21.28888696360216
PROP-084031,63.729558093637316
PROP-048391,203.96123278317023
PROP-089432,335.1845326348692
PROP-048056,146.67371694463122
PROP-054835,140.44127187794228
PROP-092533,238.32290074308045
PROP-048888,52.211444565337544
PROP-051791,49.16751249413664
PROP-057196,-49.89460903189572
PROP-079905,20.96125352275933
PROP-044280,241.32033901409318
PROP-050238,232.61879619426878
PROP-082086,240.0859123299632
PROP-034807,234.59841067446973
PROP-022510,26.95253273627203
PROP-048694,150.42898758788323
PROP-034699,36.966007055622555
PROP-014810,57.67520218696181
PROP-092404,-15.910237762525249
PROP-095747,109.94620546589734
PROP-079355,299.60015435825346
PROP-092215,52.619650894430386
PROP-058806,138.18188878760395
PROP-043137,371.3153715265976
PROP-021497,131.05719688246174
PROP-039058,294.4097771702654
PROP-024405,82.49529066121808
PROP-013764,284.0425212363215
PROP-086031,120.55145157005441
PROP-003408,1.2557215336654224
PROP-097577,169.22234499639978
PROP-076325,21.74412365657646
PROP-005057,266.083732052261
PROP-080029,75.51525401014938
PROP-078892,409.23765031281863
PROP-026750,246.27315093570758
PROP-014329,529.8356623178032
PROP-030861,109.44872578453123
PROP-074355,57.32339255559765
PROP-024149,92.20171082761158
PROP-088318,420.3551934544396
PROP-002205,106.80551297339342
PROP-036472,154.10627521847317
PROP-003940,342.66715120112565
PROP-051857,93.03773717599304
PROP-091532,238.37782952850318
PROP-093069,347.7049784437134
PROP-037047,133.12108029612574
PROP-086687,107.69810691316513
PROP-008605,128.94314251602853
PROP-024435,25.48911527923143
PROP-075238,250.01101245409873
PROP-070198,272.929344808749
PROP-061743,455.2177883539663
PROP-070148,43.445740311656294
PROP-053501,288.9907578676822
PROP-039746,79.69277253246138
PROP-041432,192.59733156396084
PROP-029015,-4.178701497197121
PROP-043730,97.96088069997272
PROP-005501,258.7369075320665
PROP-083291,341.4349282110632
PROP-097496,37.945897314579796
PROP-074807,176.6063060838102
PROP-078784,346.90212842907357
PROP-007737,391.4505898552827
PROP-019373,198.06849952228333
PROP-083625,106.17530310617796
PROP-061240,134.82739770174717
PROP-036774,7.2091359113339415
PROP-044208,224.6581419472259
PROP-040557,267.59101431818294
PROP-098814,227.0540098124639
PROP-092476,282.60203228886104
PROP-035966,17.287926898487857
PROP-007052,138.28560402431395
PROP-031279,137.00981012868849
PROP-069669,72.74256332891534
PROP-052518,232.15736225640214
PROP-044026,172.79693358362195
PROP-099097,193.70089030402102
PROP-030601,92.13889547750372
PROP-095583,281.0935541819684
PROP-062660,161.83078350940283
PROP-046504,272.62462354796094
PROP-035757,110.94040412853356
PROP-090382,170.51556281880562
PROP-076814,118.58252096188608
PROP-033271,160.38146250007227
PROP-099987,447.1167907736293
PROP-009631,235.57430468207372
PROP-015177,147.58818798269124
PROP-030054,117.57306564424397
PROP-023100,63.901058753480584
PROP-026382,310.78771088447746
PROP-062395,56.509216275482764
PROP-003508,26.71136201127467
PROP-093983,-40.35173247290316
PROP-072624,534.1262245343937
PROP-044069,-6.824917362321344
PROP-013743,280.0122651708991
PROP-018454,177.10181305765002
PROP-086736,26.57515063433858
PROP-045723,51.13563753254935
PROP-084953,536.7294708434349
PROP-005829,74.58448366195715
PROP-026563,218.40677704721188
PROP-022746,84.64621197558266
PROP-096361,55.75124397736833
PROP-076125,310.4440885471363
PROP-031179,-19.560241708426908
PROP-077112,262.4699760502342
PROP-096142,16.295737710096837
PROP-059280,101.06726563086747
PROP-084272,72.61968337631089
PROP-025113,94.11590798100566
PROP-067223,287.54143920586756
PROP-052558,166.8432021406103
PROP-094129,201.4262061095248
PROP-042472,63.27796544155257
PROP-010152,343.6770519153213
PROP-000530,138.93350940508492
PROP-029571,242.8694290307564
PROP-055439,231.53663376527336
PROP-049120,100.02565392182926
PROP-097043,88.24391272692193
PROP-039009,121.11233331766718
PROP-082034,53.866346293277516
PROP-080623,78.45841627970373
PROP-085259,236.24530564054126
PROP-049765,37.89781606930801
PROP-080780,47.381485013162944
PROP-058077,132.2038307363582
PROP-066831,96.41242090274679
PROP-002747,90.36198863285817
PROP-088077,307.5891817588105
PROP-020333,250.86686188705764
PROP-092108,124.92472703202729
PROP-018935,140.6618450989354
PROP-000486,186.73946584837495
PROP-092987,105.51781162654832
PROP-030339,27.48295041706032
PROP-038339,122.44017029439276
PROP-052811,51.073329708396884
PROP-069446,128.7875969434459
PROP-029342,27.441668862559368
PROP-009973,333.84279319824236
PROP-026692,105.57706528343965
PROP-040150,159.15169280057052
PROP-041203,20.129080176471142
PROP-007670,103.39554225635939
PROP-036506,5.299395920381503
PROP-032811,458.74549816609016
PROP-017419,143.68474234384385
PROP-046875,27.910223987754755
PROP-010119,66.92972513964234
PROP-036963,70.34349421379693
PROP-013812,148.7201596562665
PROP-066291,109.74619120071509
PROP-097335,208.400266932631
PROP-098691,-10.780309765715788
PROP-080947,184.43491469024846
PROP-066342,233.1048227480939
PROP-094177,330.17667247855303
PROP-051700,275.6047781572595
PROP-091509,-43.421366133655155
PROP-006958,74.56964958513791
PROP-095397,226.37752927600485
PROP-058348,454.09193141063565
PROP-053907,270.4902402208189
PROP-065666,319.3264205338744
PROP-055631,270.5633117436922
PROP-010962,185.90339392264957
PROP-000520,24.431175384737564
PROP-051747,258.7284184699778
PROP-074964,79.26556505379187
PROP-095453,73.54628320273221
PROP-011693,240.53130771653366
PROP-023191,177.94421053121957
PROP-061157,-10.170455664315284
PROP-092706,128.13403296693633
PROP-091874,87.97206323103197
PROP-089865,-24.806120177999176
PROP-035838,13.07610159959016
PROP-075550,144.53284022356354
PROP-057894,39.023462416288524
PROP-032807,271.0259426897503
PROP-028475,427.6731717088738
PROP-037197,343.3322365499176
PROP-052622,39.28303210201048
PROP-000679,3.530379479321309
PROP-077015,316.15278742946856
PROP-040177,315.0621449347699
PROP-013664,117.29040452514661
PROP-088802,476.8929026939576
PROP-066297,338.067114781399
PROP-089762,145.39924038553707
PROP-082051,276.2055204043505
PROP-044114,110.35421766817939
PROP-057596,-6.832846366612024
PROP-016063,-30.783127301025036
PROP-025149,42.548754985102526
PROP-016446,46.44403730357442
PROP-096255,202.75741212948606
PROP-011607,187.1301771609567
PROP-073454,34.40342468457596
PROP-057713,165.19378820314594
PROP-055410,-30.971091717093667
PROP-026905,36.19752537722823
PROP-029710,59.66774335982395
PROP-084977,50.83391096207745
PROP-057026,101.3793711638258
PROP-034980,253.6810506342789
PROP-062706,475.6116098673891
PROP-021036,52.26052039097936
PROP-014102,135.74334570042936
PROP-097714,208.48689901424075
PROP-057953,134.3458597902595
PROP-046494,303.00917066867476
PROP-006602,225.3866148029626
PROP-090970,313.8602703893732
PROP-082366,347.1647448441073
PROP-099100,214.31115215282725
PROP-085676,201.32312874521187
PROP-071927,134.50585899593852
PROP-058786,84.24247505502048
PROP-047809,338.58182193030524
PROP-007505,247.97973927795923
PROP-010746,43.54641413415776
PROP-017729,48.396653252365205
PROP-098610,121.27266360127729
PROP-006065,40.116321882272416
PROP-044293,65.90139134394504
PROP-096975,317.8516376060715
PROP-084689,212.51581970423797
PROP-067569,114.7440088795144
PROP-044474,52.69762763215804
PROP-056789,51.770757064096415
PROP-002382,29.699601345012162
PROP-024075,200.93528901838596
PROP-081245,225.05278625115122
PROP-055483,140.3410864936975
PROP-068006,227.51859060021263
PROP-080184,7.031046681132803
PROP-090765,8.913144714840112
PROP-048011,176.8812487882828
PROP-048009,172.60051361199356
PROP-023637,548.6244041426676
PROP-038229,211.13678382653916
PROP-040543,61.18732559888375
PROP-056535,287.0900959166566
PROP-058669,15.466308909862818
PROP-018949,136.62228027194863
PROP-025232,13.784623129809649
PROP-020080,170.5625008466348
PROP-044397,147.82318671819138
PROP-004206,59.07461405169177
PROP-009208,175.19230175584937
PROP-035384,86.7077008158183
PROP-037210,97.06714152480465
PROP-088306,57.349714307323055
PROP-034901,63.50912098371504
PROP-020301,117.4972019616022
PROP-055176,376.31670742822405
PROP-053728,125.78122853328405
PROP-015742,13.127954247091264
PROP-070162,59.83034737168566
PROP-050351,379.9409124092516
PROP-024784,19.90780061380851
PROP-018484,324.3057172185894
PROP-048177,120.8598381366483
PROP-093255,287.753347568819
PROP-015438,377.45574645108866
PROP-097784,112.91811922658998
PROP-066502,51.28729085511145
PROP-064505,103.72384757600213
PROP-008071,64.12378187145113
PROP-056659,107.09230180419381
PROP-000968,33.54552553699377
PROP-081768,81.18948017786066
PROP-054468,-15.177479008904662
PROP-078123,179.7113158647975
PROP-070815,259.73280758729436
PROP-097848,33.77952666301136
PROP-011346,53.667154359859914
PROP-087232,384.3035386965834
PROP-019334,128.96885467925878
PROP-017706,69.76347278517326
PROP-093825,150.78636254643607
PROP-031973,11.142742654797946
PROP-048829,129.4141147910122
PROP-077785,0.9727369571797553
PROP-041049,119.43687214324362
PROP-023914,365.11943726992865
PROP-066363,46.423760068839556
PROP-084752,391.34910132738366
PROP-054894,172.05697377695748
PROP-064993,446.84675021146677
PROP-038462,65.88373745731312
PROP-032647,250.02928825072138
PROP-004992,305.2858954050568
PROP-099627,54.75152436883752
PROP-013023,141.14001518059248
PROP-038311,-51.065181218241676
PROP-001432,98.22632244855447
PROP-045320,16.129565301050828
PROP-013652,82.05206622000443
PROP-028922,93.3162860408558
PROP-070109,28.537433484174663
PROP-058903,186.66556521724294
PROP-041974,359.6731063799663
PROP-025331,9.76493220859308
PROP-046788,318.0826963782208
PROP-014796,122.81573328382507
PROP-067217,167.69854569109495
PROP-009110,130.43468852242046
PROP-096179,216.09934400743177
PROP-031982,266.74714484273875
PROP-070572,48.746848164013414
PROP-027781,182.47442069328798
PROP-051256,-2.1704913719634096
PROP-026942,84.87406143143076
PROP-056842,-5.125127168716215
PROP-050135,79.61327061527483
PROP-083643,326.69330228900833
PROP-085072,383.7969486720928
PROP-032022,162.84948063158055
PROP-001073,34.8621440936639
PROP-046052,64.80823522934493
PROP-057225,198.5979317292071
PROP-032958,333.72484561618785
PROP-042935,12.838695454604355
PROP-008684,161.2418777715991
PROP-001049,-13.318698700154286
PROP-040748,18.57682431797497
PROP-042218,-88.62894787709548
PROP-066470,82.79019545420455
PROP-045449,305.09861573771303
PROP-003780,264.2145417445833
PROP-010567,17.315933268552477
PROP-074119,178.06383854212203
PROP-033281,77.05471461563599
PROP-085177,309.4784975680177
PROP-063199,524.8288123913826
PROP-017330,273.63700642839234
PROP-079099,76.66638602727807
PROP-044521,260.5958566505908
PROP-090457,327.35707769827474
PROP-000978,307.23410930419374
PROP-078243,393.03369079079266
PROP-022088,65.34028247643175
PROP-080670,21.53919138743296
PROP-058296,155.7752119956508
PROP-046268,34.83454607787306
PROP-090280,61.838371135358216
PROP-056917,180.2944399681359
PROP-001682,138.6207203408695
PROP-003126,166.22016493940387
PROP-016426,331.88645268533594
PROP-024935,357.42294196102165
PROP-057427,95.98860415981267
PROP-034770,205.3971542808851
PROP-001232,98.89174963839706
PROP-062869,28.173392966365082
PROP-076955,165.81636681850412
PROP-088805,118.01330360606161
PROP-013015,100.21115925679533
PROP-075378,67.33728619058608
PROP-013345,400.74287642031334
PROP-018995,172.02074617780335
PROP-001768,186.1823255622464
PROP-040407,58.181699870055986
PROP-003107,115.86818714538069
PROP-000963,83.84723830782765
PROP-015897,271.0018097216098
PROP-045566,236.3125157864577
PROP-002036,33.919297769795776
PROP-076671,2.7507108122698796
PROP-095816,287.5913581551627
PROP-016826,76.7769574880638
PROP-009927,56.74559954827029
PROP-089271,156.58121082245745
PROP-048350,135.78184464868878
PROP-038560,345.46317084375346
PROP-055248,330.355024591732
PROP-045957,279.3907835503001
PROP-078261,60.30238948090462
PROP-081012,54.862222684310375
PROP-016523,6.289562124974502
PROP-026292,228.07703448204566
PROP-000840,393.01154835462387
PROP-024384,293.2855364983413
PROP-073112,7.096193719619308
PROP-013581,120.95566981401184
PROP-009759,114.57089174821641
PROP-002825,104.5760256054829
PROP-051612,57.9120438413468
PROP-058432,54.4555105262131
PROP-096380,209.140025491585
PROP-019149,57.51984441468145
PROP-099931,95.84259314889486
PROP-028649,354.9360209597691
PROP-096561,46.83713623869523
PROP-015823,90.48966273011054
PROP-022215,-1.9437619645319337
PROP-035640,208.42058278689817
PROP-023249,139.95793134957307
PROP-025388,96.12445122410479
PROP-090871,233.35344658525355
PROP-033758,0.5681991782834288
PROP-068144,206.2387071431334
PROP-017032,436.48383739587075
PROP-002748,488.4088373594243
PROP-006773,149.20195637928651
PROP-017903,350.6031735053835
PROP-014199,235.4562470755589
PROP-041512,266.5538566081152
PROP-054965,356.84816704081703
PROP-044998,332.78913289975634
PROP-024407,12.463053330008911
PROP-066666,180.42767211491378
PROP-092164,100.63513829421817
PROP-075433,5.575366582692581
PROP-029020,261.590371634036
PROP-059982,52.046878477872525
PROP-052810,30.734045624589495
PROP-079001,86.10577927004476
PROP-057784,61.773491570571444
PROP-052379,68.16145012924956
PROP-065519,229.32275814360503
PROP-056991,36.36340525715377
PROP-026232,602.8439913619394
PROP-078874,222.3071172260193
PROP-064148,93.32417300210318
PROP-009465,219.41585296446536
PROP-026012,261.7420479293053
PROP-052320,97.2955462743524
PROP-031069,339.4097070006879
PROP-066751,42.38884908642587
PROP-055302,142.60507610062575
PROP-007807,42.84532584039474
PROP-012308,148.1751931349655
PROP-023055,305.7655253290606
PROP-037992,509.47581251660216
PROP-090495,358.97893394461835
PROP-055932,71.33011553686107
PROP-074860,203.42946739294766
PROP-005601,-55.27692536676089
PROP-037991,17.16301550257331
PROP-091966,325.99595650658745
PROP-008039,90.92887590803163
PROP-078963,20.830419063709826
PROP-049824,84.61160165770303
PROP-064718,-2.4506741910254064
PROP-038046,54.42710966961794
PROP-063935,244.99413277165075
PROP-041929,-45.99649377436738
PROP-088329,85.81004892566767
PROP-081504,73.14941199333082
PROP-041166,259.54333127004344
PROP-089037,134.33452626181116
PROP-013256,144.01404679535352
PROP-085844,175.02452306875125
PROP-097990,126.00894936820772
PROP-033904,217.28288175672537
PROP-079920,32.694640748484346
PROP-078938,15.64855987487921
PROP-044982,220.28003640431274
PROP-042837,116.20686039460819
PROP-087832,19.817361265115807
PROP-016320,156.01308007635228
PROP-060359,383.98452318461545
PROP-098384,57.45263875351891
PROP-050240,-41.40191675523016
PROP-017993,331.82673577554374
PROP-096350,226.22024471601574
PROP-061209,144.74370664319778
PROP-053893,-4.770167563459205
PROP-002343,77.48097185741528
PROP-083112,72.29928011073699
PROP-066527,240.40423205676979
PROP-074783,80.67063767232561
PROP-010217,225.50756237960337
PROP-011985,104.87545772217311
PROP-043818,69.89233068189122
PROP-066014,-43.339992704558476
PROP-027049,18.24537435214664
PROP-025778,296.5205950325737
PROP-064308,140.0992671379749
PROP-009011,288.9754750251742
PROP-089689,61.230726347814254
PROP-026518,517.7964591549678
PROP-095089,170.58352096879457
PROP-011796,54.52733777076522
PROP-078499,90.37738454456439
PROP-004464,150.4873972962116
PROP-000107,21.451258360860646
PROP-034794,320.5325123455812
PROP-028656,6.8812397061447665
PROP-062107,93.36258646381171
PROP-003231,127.48197103297571
PROP-046895,182.8800837184742
PROP-027392,60.745184003613076
PROP-072055,-9.936777719967026
PROP-013472,64.38018918947073
PROP-022300,237.61357995345975
PROP-047996,186.33874972471773
PROP-016666,387.80844204495963
PROP-090946,537.6605143500396
PROP-012764,-12.369231354245331
PROP-049115,-2.8190140736010054
PROP-098215,151.4384302630295
PROP-005935,59.7386828957367
PROP-082633,293.35430624631476
PROP-055530,300.6111290738489
PROP-066137,70.75468653491048
PROP-029661,226.31140782098646
PROP-012801,42.198152103000304
PROP-073024,105.46305638957654
PROP-049865,313.43804890299504
PROP-043826,203.72872374846136
PROP-082968,186.84894501433524
PROP-076767,352.2833407069312
PROP-052727,-9.760881099284983
PROP-060437,59.21580117096892
PROP-016535,40.464984009961185
PROP-028004,-3.2474601955380926
PROP-028935,32.33964334778442
PROP-079406,22.044096512280092
PROP-034854,262.484252481672
PROP-020154,29.630521674409408
PROP-077441,51.691584003033405
PROP-004110,92.9833257216303
PROP-041841,365.4509162967721
PROP-043762,180.66050055855433
PROP-029976,130.90563268089974
PROP-043205,47.6358907799434
PROP-015816,100.46304924708846
PROP-077656,34.890038015973595
PROP-080146,155.09428312916947
PROP-079258,257.4130399580604
PROP-055861,271.2956376137709
PROP-013137,75.48110494875431
PROP-086359,105.34539223233952
PROP-068559,144.8811740470338
PROP-046568,65.14936250172013
PROP-067655,273.07091634600215
PROP-041314,220.73065216051015
PROP-066681,322.3091375727585
PROP-032050,29.089678162533453
PROP-091711,166.6426061554397
PROP-020363,67.05406674107695
PROP-065293,400.26787454791577
PROP-096645,287.550245906437
PROP-010259,95.85965434535325
PROP-079864,-2.078712584580786
PROP-001810,93.59761727998175
PROP-057110,263.3581274908844
PROP-094581,23.912874271581206
PROP-048433,330.5789928693018
PROP-011760,45.76843193974323
PROP-075787,27.229549144184396
PROP-012066,397.7186445965361
PROP-035440,-0.752741315624494
PROP-073133,470.05066022341316
PROP-009237,215.94430917316947
PROP-019921,-4.525658375658041
PROP-021753,88.61241872385999
PROP-025360,184.5278086256087
PROP-083310,233.54382460333048
PROP-041355,85.654815389065
PROP-089220,356.1378649271223
PROP-046013,110.93303407316627
PROP-090714,51.39355788415878
PROP-077991,230.49245097895192
PROP-072645,116.78712713066831
PROP-083741,64.21449051771731
PROP-062686,178.58556988532916
PROP-077610,101.37236256600856
PROP-081715,464.21440000813874
PROP-083609,225.872983240311
PROP-007391,55.257165326581834
PROP-055539,46.91354532057523
PROP-053470,181.3129422851699
PROP-094069,194.2733533173229
PROP-033586,23.77605134968362
PROP-003561,154.64411755497377
PROP-072610,87.95770018192177
PROP-096056,36.36584118209379
PROP-087550,173.16642491864843
PROP-079597,183.31642877084423
PROP-038021,6.745884238774096
PROP-012841,15.820256494983056
PROP-065877,100.54713038299772
PROP-020819,103.8942258094896
PROP-062551,289.6942732853176
PROP-078337,382.3055475590697
PROP-029920,134.40383856195024
PROP-061630,17.674514173323686
PROP-087639,348.1273124725885
PROP-084751,2.9524061523914824
PROP-055602,192.63956206598837
PROP-044789,23.352537503719212
PROP-011747,77.46207231211399
PROP-032122,60.29127199165964
PROP-020781,229.39532610545055
PROP-036351,67.27801659497584
PROP-022275,271.4436841111847
PROP-027094,291.2240183615081
PROP-066956,344.1908825619645
PROP-020466,168.47130307397566
PROP-068148,266.37620508650787
PROP-053052,144.8313400040078
PROP-001209,44.78576673720559
PROP-033782,-35.430201382864254
PROP-024869,93.37340064186665
PROP-057002,35.2245569316935
PROP-037985,275.9415915964566
PROP-052400,168.04007068974553
PROP-093471,187.63320740046066
PROP-099651,128.09264225155067
PROP-033115,131.92652008190603
PROP-063655,203.28205146594388
PROP-078446,12.650971931663115
PROP-061893,260.0764353154946
PROP-097239,108.55411503120109
PROP-072204,222.8250506830532
PROP-089166,295.4117518381237
PROP-090496,61.56290665832995
PROP-064339,532.8983558947875
PROP-038577,-16.856478708316146
PROP-024818,107.09464995207365
PROP-042492,206.74144278924481
PROP-089096,208.31652524597126
PROP-036403,47.941949993664224
PROP-041503,383.6138830868312
PROP-029867,19.436390312702777
PROP-078458,83.75576848500043
PROP-073970,45.94853354592055
PROP-063079,259.50751065426203
PROP-004794,5.537703452149431
PROP-079016,271.64941527392125
PROP-038537,103.65355422831409
PROP-092722,72.3911878731036
PROP-098934,33.156735942281514
PROP-018505,5.463611601190072
PROP-095630,86.62270580529324
PROP-033071,342.7910032952294
PROP-029201,143.11578374147683
PROP-002504,388.7299460301124
PROP-054425,-18.181165850276486
PROP-046443,-18.4317265065279
PROP-081473,214.16656411744728
PROP-036896,91.71200048625415
PROP-045525,410.039582050038
PROP-085846,211.08840086071052
PROP-089987,226.10935303488858
PROP-051667,52.42183754435521
PROP-056693,350.6028648300485
PROP-029147,52.53731453062571
PROP-055346,406.21712854842906
PROP-065090,149.02487253583053
PROP-024482,-3.1773458445218656
PROP-071726,387.72801959603044
PROP-073759,228.69888523744328
PROP-090385,166.64019026698176
PROP-097987,463.13611904821903
PROP-047248,53.14903979408769
PROP-065011,228.6705891345852
PROP-079442,422.814986023717
PROP-098335,-42.92821154955485
PROP-023559,228.24870955211486
PROP-087711,393.8334744019036
PROP-081466,324.9694343473467
PROP-099557,101.22721582757114
PROP-022255,68.88383216217721
PROP-056713,51.679736096812036
PROP-054473,235.7908669036037
PROP-011153,377.09355689707525
PROP-097932,167.25341908380182
PROP-055444,292.015666021911
PROP-073553,114.19970266123605
PROP-098112,221.54217067295252
PROP-072489,292.5238375881496
PROP-003337,50.783421438720126
PROP-081550,-22.9842127655999
PROP-037191,142.81142267576178
PROP-034181,138.9205997470201
PROP-026956,15.30242165337811
PROP-075835,-5.180395899538274
PROP-067368,111.10546805515742
PROP-027619,248.9785205118437
PROP-066321,87.56989816799543
PROP-085910,177.84884962147754
PROP-006882,170.74589952052605
PROP-080322,148.56705308298152
PROP-074733,130.88607147234353
PROP-053849,-60.917766939988525
PROP-075449,303.498355528606
PROP-059555,256.1515816028075
PROP-064653,322.44506763729794
PROP-030636,120.48153749070008
PROP-089753,149.35952132228022
PROP-085502,135.38636362675663
PROP-053188,15.173856293450491
PROP-043846,237.4816110273903
PROP-070030,384.2020039314832
PROP-077483,22.329593003869917
PROP-063439,162.75185177879996
PROP-042798,71.89869075190333
PROP-071647,0.7477467316280784
PROP-059032,172.39968181394937
PROP-011695,164.98685698883367
PROP-099339,175.67516707761854
PROP-081711,149.86790753383536
PROP-048216,29.66006813846976
PROP-047343,352.1785890194714
PROP-036088,70.92142359792834
PROP-087139,103.11633546045289
PROP-084915,70.56864634669893
PROP-058217,-47.87120877645939
PROP-095198,262.65059141178847
PROP-027009,131.57557160859386
PROP-074280,80.38921162984829
PROP-033665,60.007774797574505
PROP-089385,327.1561676576418
PROP-046096,35.671164544323275
PROP-008037,78.66681957277378
PROP-019532,343.4320242331959
PROP-048496,323.28315271052725
PROP-068772,306.1448760175005
PROP-038562,60.24489493000949
PROP-042438,81.07394863931786
PROP-046350,181.90136372721085
PROP-081557,5.764578686662871
PROP-094679,336.62909224577027
PROP-076709,319.1187527333947
PROP-043853,214.8202040249455
PROP-066299,253.89206579317874
PROP-076677,449.52024604882206
PROP-029251,-34.41764208177675
PROP-091852,205.714124563928
PROP-009494,343.82049653203387
PROP-065587,29.63209845229294
PROP-049703,-73.03840883217167
PROP-025441,306.44249082487465
PROP-039961,181.10592764054732
PROP-079216,84.46496108663453
PROP-080771,143.18563713133622
PROP-022308,102.00691638168622
PROP-046247,98.37854674973772
PROP-012985,150.66470284756195
PROP-052418,41.72804658666668
PROP-032592,15.082271810135246
PROP-030973,9.675437460879325
PROP-082609,34.31625523592861
PROP-025435,200.9036546242657
PROP-081752,139.5940892097669
PROP-023394,39.1950698578372
PROP-060937,16.096473736175685
PROP-021617,199.9558558911362
PROP-007094,32.6733232051932
PROP-093126,95.34941648854985
PROP-056016,9.294862600586338
PROP-037785,97.69642120307577
PROP-012607,5.55255293596263
PROP-032032,89.22760484173631
PROP-046488,238.25884840438627
PROP-086265,223.7839091056864
PROP-005867,19.9719932346261
PROP-054057,230.1743527840959
PROP-064286,531.3007327875029
PROP-045760,274.7952777265589
PROP-049695,54.36970214376259
PROP-004296,64.21650605618052
PROP-035356,132.7188176064392
PROP-065386,1.0044965638983347
PROP-059457,111.72196752201795
PROP-074011,-0.06857871948530203
PROP-054570,117.91709466807568
PROP-006455,263.6711641121314
PROP-001117,29.237684980607156
PROP-058720,133.24673007853602
PROP-097979,117.14798626772753
PROP-003142,9.095892300901971
PROP-084254,135.65492665470705
PROP-035603,118.03882911718998
PROP-061251,82.74119858559587
PROP-096712,-40.380858310533284
PROP-060083,417.87711860868905
PROP-073350,37.97993936854445
PROP-030890,9.301685813778748
PROP-067564,9.361536246086377
PROP-015784,28.66816918756998
PROP-084183,341.5036062421374
PROP-085067,46.25811464193969
PROP-036110,19.29237802915224
PROP-033323,29.286809197302187
PROP-001887,99.84660721292761
PROP-088409,-10.08749968682138
PROP-063190,392.4928894193313
PROP-020790,-16.76661772622283
PROP-020702,90.72585523855616
PROP-045692,174.28295937101035
PROP-071584,113.32596611000717
PROP-095213,125.500360509665
PROP-090073,290.36498608473585
PROP-072516,42.26331176254703
PROP-016330,38.27882930611116
PROP-035331,381.3278902132538
PROP-021161,26.56160609096828
PROP-010913,35.43655451239347
PROP-097999,250.77355427976931
PROP-075259,114.11656829988225
PROP-044309,23.457633140777034
PROP-045178,4.813460411833026
PROP-050820,10.330030481049548
PROP-082405,78.50663112500865
PROP-074727,38.21886612626291
PROP-021385,175.76460522931023
PROP-059068,204.81400787267063
PROP-071302,303.0642878347868
PROP-057008,263.41974137434624
PROP-019836,108.96303111296203
PROP-030082,59.002590706170906
PROP-017019,210.26132117748708
PROP-098964,3.3724724869950506
PROP-093907,48.78319341890813
PROP-098086,295.1124999547937
PROP-059608,233.64932462981204
PROP-021533,159.8816827896633
PROP-014690,370.2378336013396
PROP-079372,14.106136513946577
PROP-092560,75.01701986498813
PROP-007792,137.33553810035
PROP-018928,221.03325114513385
PROP-065860,48.31179561898398
PROP-083908,241.91658121972944
PROP-044216,64.07156744699898
PROP-038233,192.37787334234696
PROP-078129,106.39353743212817
PROP-065761,57.26312579503372
PROP-014125,48.785636053410336
PROP-099375,167.57369623364875
PROP-071410,28.11902678659476
PROP-051720,268.6800920581005
PROP-092346,35.61121174395919
PROP-089834,334.2761957007797
PROP-042004,61.88132928949003
PROP-060640,224.12978843059108
PROP-011216,195.38883439780696
PROP-025356,120.49384865330862
PROP-041060,264.91112244119006
PROP-034558,252.67647415596593
PROP-033218,13.894368105403474
PROP-024493,198.08797972845102
PROP-000029,28.388966513386336
PROP-003122,126.79073720023347
PROP-021473,280.84981683422535
PROP-025563,33.216521110637274
PROP-080904,225.27756431475416
PROP-031235,-10.586095969502054
PROP-037309,164.07690469206779
PROP-057872,40.859095139584184
PROP-049447,157.42956594132318
PROP-031496,255.64967738365502
PROP-069168,294.84006523074873
PROP-043079,192.19130036546585
PROP-085458,122.227701274568
PROP-024783,120.29241243597575
PROP-000828,337.70229010117
PROP-068737,77.52009839277143
PROP-098109,43.38764692027
PROP-067650,224.036080692055
PROP-014850,107.90713630433383
PROP-064543,219.436097780322
PROP-086067,79.76699971310259
PROP-041234,215.59224461756793
PROP-071588,36.489577579431
PROP-052432,100.08887952826947
PROP-039741,234.48921029452472
PROP-018116,134.04264154729992
PROP-075581,155.9490164581756
PROP-037114,320.76845156036904
PROP-068573,108.6583237738821
PROP-028089,212.31351018296462
PROP-011984,378.4686993536459
PROP-078011,83.12503268068728
PROP-018704,234.3636330046666
PROP-079934,38.77776106165233
PROP-040469,-49.63125466656529
PROP-020407,151.86098702680147
PROP-060138,470.131327325679
PROP-062574,139.5855384653853
PROP-079408,43.89822064181248
PROP-008374,133.84348727351897
PROP-084435,265.2209109249704
PROP-052989,313.7516453108924
PROP-035737,192.10327074402466
PROP-004956,201.90805026229742
PROP-088106,37.27614402670787
PROP-078940,258.42987570913164
PROP-067508,229.24456792006617
PROP-003370,111.29273617030093
PROP-076442,29.53987495579399
PROP-018416,68.12598619353192
PROP-067071,21.242247643930835
PROP-089221,246.73239482391196
PROP-089428,436.8305677680997
PROP-022172,72.44330422207969
PROP-038303,156.80307147596494
PROP-051426,53.71429025714302
PROP-030477,277.56956918130584
PROP-034627,-54.193825406260146
PROP-079139,338.3205702034166
PROP-018466,35.95622923790058
PROP-088597,64.77938065116692
PROP-061322,138.82821693383846
PROP-010244,-17.104227041682243
PROP-049566,91.41035682015087
PROP-007655,526.6773207865491
PROP-050510,10.301653309100736
PROP-002470,113.83908327417825
PROP-035253,265.3951588106489
PROP-089180,116.5708585913111
PROP-035098,44.148871662203305
PROP-087064,111.75781209123141
PROP-063668,44.473019571579755
PROP-065192,175.14129897743973
PROP-092495,374.6899190630647
PROP-032251,359.76105837001
PROP-055672,258.3761881437498
PROP-099254,179.08471878812026
PROP-079565,291.40476541065533
PROP-025551,51.22170318391528
PROP-058328,229.90004567901258
PROP-037069,68.7510103335853
PROP-053134,112.26492486651273
PROP-020631,267.05711278541025
PROP-006452,312.00007013105943
PROP-068558,127.78587502524924
PROP-006828,171.31206437300654
PROP-004323,266.06344096211535
PROP-069854,170.93828949916258
PROP-080622,189.81984341012515
PROP-083203,194.20853382606975
PROP-068591,-2.6008591484133383
PROP-002706,56.50585313643031
PROP-053368,-11.70831986825647
PROP-090020,82.29380632867313
PROP-046131,115.59870022350533
PROP-091534,213.9860480175526
PROP-003708,137.2478436869892
PROP-059927,35.864472045701085
PROP-045395,38.308647911146444
PROP-003553,380.43941482508137
PROP-099074,246.8071940246804
PROP-041815,-22.09365310073086
PROP-080663,-5.607699384265068
PROP-070319,96.63033066717982
PROP-016849,250.1931516850144
PROP-046861,109.7125256506023
PROP-090153,-30.84753375404986
PROP-001648,99.30600630931013
PROP-030552,110.70506526611797
PROP-041996,87.98837713805605
PROP-089593,274.62939892740343
PROP-066316,162.75631174886115
PROP-080327,136.37843598946932
PROP-033008,100.41457159813663
PROP-057217,174.3914092678047
PROP-061718,120.25488858917547
PROP-063707,201.25190127021256
PROP-071458,55.36567413598675
PROP-008151,443.6745156996463
PROP-075359,-7.9620987679707795
PROP-007308,39.771167680647366
PROP-000192,-15.60890029261796
PROP-042777,237.44500806614224
PROP-065516,97.01718119081524
PROP-053486,86.35810210234982
PROP-062794,110.3808410393211
PROP-030502,60.42254122191312
PROP-066885,32.457137722649215
PROP-019256,75.68785412123589
PROP-046074,188.49099052682743
PROP-013043,-0.05602064368525106
PROP-004212,55.06315777379968
PROP-023838,1.67971783135863
PROP-072641,29.72157049588084
PROP-081588,172.82899013858633
PROP-080588,170.4341608614505
PROP-019469,10.406575028907625
PROP-025098,269.7368072762682
PROP-064402,10.915373931780476
PROP-003000,51.300425599725116
PROP-047933,152.91001963494162
PROP-019263,24.497902135200075
PROP-064392,52.31064329103231
PROP-057659,319.2567260039715
PROP-010283,142.4704323350795
PROP-086503,114.82051301268672
PROP-075334,149.92171509830962
PROP-005263,351.02268343705913
PROP-072998,37.706654769006775
PROP-035500,95.60220058984017
PROP-038067,333.32535789986235
PROP-068449,41.911271314922594
PROP-069340,376.47289035967304
PROP-039280,288.6024989477264
PROP-052859,57.3690982768946
PROP-001146,105.4638921811852
PROP-061159,84.80291912240219
PROP-038900,291.64627627928536
PROP-094814,-18.20676220590113
PROP-051013,148.82661271645463
PROP-009605,76.38502575601588
PROP-082416,227.43566126126296
PROP-027746,30.809317028814988
PROP-038748,90.06072886950261
PROP-007465,190.32495082960057
PROP-042347,246.93930915464657
PROP-058033,273.69816699513547
PROP-026543,19.194387619063072
PROP-037167,79.89258005994316
PROP-043473,76.975498051543
PROP-019330,165.01381173825064
PROP-031954,234.42418960844495
PROP-025394,234.491212312609
PROP-082586,300.55525255320714
PROP-079527,255.76928527729444
PROP-039471,73.09023978123085
PROP-004933,69.34832721805363
PROP-078698,255.05188160001333
PROP-061466,18.89014623845495
PROP-083062,2.2133436526736867
PROP-037292,76.60922234286008
PROP-070014,192.84334293889066
PROP-003729,72.51960635591753
PROP-053749,291.9877278564279
PROP-058719,326.73760827558056
PROP-072318,75.07512555216643
PROP-025550,122.91549579778513
PROP-041778,317.3265668341897
PROP-059136,30.673964928324892
PROP-044421,-53.506712835007704
PROP-040714,229.80488361340062
PROP-039553,375.9058294368765
PROP-072196,7.614220374686628
PROP-030140,81.47455223299546
PROP-086599,17.022653030358228
PROP-095809,98.9492062336818
PROP-068848,-80.57523569241621
PROP-035892,21.401180041715904
PROP-087215,238.686108139632
PROP-074581,170.72652051099305
PROP-000613,206.71745872979048
PROP-015223,302.9995154536296
PROP-097546,28.495904662173018
PROP-096088,67.1819743662622
PROP-071409,119.75257374240036
PROP-067108,391.0859029635253
PROP-035458,155.8597348633857
PROP-057086,98.50385363647692
PROP-028693,232.873161130924
PROP-012508,318.0443213499112
PROP-080355,110.74942202820037
PROP-050080,57.03250140274729
PROP-006953,112.04469362046746
PROP-040930,-7.923437761259935
PROP-064919,149.9667145215313
PROP-017268,73.6005118651199
PROP-003977,-43.31455427968881
PROP-002237,12.32511448906584
PROP-006227,-51.41538454363669
PROP-076561,409.8213130992462
PROP-031141,181.5264082940795
PROP-082739,17.77386161118013
PROP-092415,335.02012954797715
PROP-097144,162.28646969090371
PROP-021273,277.4031527536278
PROP-070103,224.3877445794086
PROP-084488,250.51953673821063
PROP-027577,161.99384110891128
PROP-018335,-93.5999718457555
PROP-069269,92.07235957156182
PROP-062836,149.90026053052526
PROP-030416,296.93449916286283
PROP-030714,274.36242621560837
PROP-048091,394.4524417134322
PROP-082896,82.8699569722457
PROP-001072,97.76172732915762
PROP-039075,280.63066148268535
PROP-065897,151.3246523259964
PROP-065001,285.0832974363054
PROP-008845,32.861210776972214
PROP-002421,307.1240604808649
PROP-019867,210.54197281206666
PROP-073955,14.912753184296374
PROP-011064,131.0890210376695
PROP-017005,76.55606724513316
PROP-095201,399.1853070904538
PROP-000347,341.79980075180845
PROP-065096,100.91740580901134
PROP-045083,255.67979751316741
PROP-020970,28.76097283059036
PROP-044935,378.88614924769035
PROP-068959,253.3252981927186
PROP-052315,94.51036926403133
PROP-014280,268.81280186772454
PROP-068040,503.41647064300776
PROP-049887,236.23627162831863
PROP-090553,197.63240633551038
PROP-086039,104.25569136213578
PROP-040362,93.88384754436674
PROP-090172,406.9097472669298
PROP-029755,70.60580622145918
PROP-094517,106.7332136901252
PROP-084033,246.98845702633065
PROP-089837,29.543179348507568
PROP-081366,179.24262164583266
PROP-042416,228.70786700806914
PROP-020597,55.455633060839105
PROP-071887,10.995114683903388
PROP-070100,12.540735268620868
PROP-028559,219.3368945392903
PROP-027253,22.949853179324656
PROP-054240,239.77078037086733
PROP-087880,264.33219311249
PROP-006735,538.5768001060811
PROP-067422,-22.911563385217665
PROP-053835,63.633054471791596
PROP-045002,61.633130904471294
PROP-078035,239.37233979637818
PROP-019563,106.74611932086422
PROP-043881,268.0835122261087
PROP-072401,84.6975079351167
PROP-037332,7.739380511252857
PROP-000105,310.4574217094031
PROP-007494,271.8361107132624
PROP-075918,192.2651046127786
PROP-000516,107.68676509496443
PROP-078954,68.19236539878672
PROP-065767,139.81581667957627
PROP-023350,33.94802719477554
PROP-091151,11.867316649995118
PROP-077322,189.42739344989096
PROP-004904,93.76782138870824
PROP-038799,71.8295465464381
PROP-044704,73.3321479984592
PROP-057497,-57.216869031145784
PROP-067460,110.51668827003233
PROP-049552,50.14174988432741
PROP-024429,419.32199429982427
PROP-072897,136.21300168528822
PROP-002518,264.76848892582626
PROP-006243,-21.742307133290595
PROP-034375,-11.106127228764489
PROP-013281,206.45950811256705
PROP-088323,83.73489586798256
PROP-018876,100.19467810899177
PROP-070970,245.00852537794506
PROP-097671,230.54333981159297
PROP-018964,65.68507074147638
PROP-097838,129.33241300104515
PROP-021756,116.80590835444094
PROP-096316,6.114618248284501
PROP-004275,41.9972244049917
PROP-050854,202.45467234697736
PROP-075713,266.55756534041234
PROP-022096,10.32895763202876
PROP-089872,408.48362698402104
PROP-059689,111.88433400256682
PROP-057186,283.238911416146
PROP-054487,193.90403733366287
PROP-050980,123.55895518860152
PROP-020295,52.841162827560964
PROP-027899,40.86826423190985
PROP-020942,21.299241612925712
PROP-000595,-2.1370970086912413
PROP-011171,176.23361587626223
PROP-056244,39.56305256246959
PROP-084719,-8.512182233684442
PROP-082640,4.592931144694894
PROP-052491,84.51874763711076
PROP-088039,212.0792621914258
PROP-061623,274.1138130528468
PROP-015374,155.9419194443779
PROP-063687,38.01993543869107
PROP-088488,66.5010275555137
PROP-038256,64.69105341674096
PROP-067040,148.03635714250493
PROP-005206,289.18478909995787
PROP-030353,110.15657932563511
PROP-014334,183.15328617171448
PROP-014100,45.159310802930236
PROP-069572,44.64830627622494
PROP-056384,190.4741266601878
PROP-072200,239.9596624539922
PROP-010612,124.0306039721914
PROP-072769,-14.043591189246907
PROP-074452,-16.62575946045022
PROP-096501,-15.022132170809979
PROP-013321,392.20681872929015
PROP-024612,135.67324583935988
PROP-096541,36.98145571318571
PROP-027999,62.33676890503257
PROP-056920,56.425154941518336
PROP-086190,45.371555244312304
PROP-066827,77.11427437688893
PROP-070977,63.04293607542297
PROP-082482,157.01866481476856
PROP-090698,73.33765327886289
PROP-087641,277.785262705699
PROP-033566,267.7489457417791
PROP-013359,124.193775546301
PROP-050474,208.88092631621703
PROP-005345,-32.20645451348519
PROP-068765,68.48589329221946
PROP-016080,108.49641695938169
PROP-098879,91.06671095881968
PROP-053363,186.19637840072983
PROP-000560,175.71171326191146
PROP-081261,58.264537350018806
PROP-057343,12.269204315931333
PROP-096594,52.72001920499803
PROP-039296,4.450540758076382
PROP-023166,134.27561719251258
PROP-002394,138.67434680257207
PROP-049212,-11.443404948109235
PROP-087422,293.0498821376019
PROP-030724,174.14428909229514
PROP-024409,309.12679152815554
PROP-053847,142.22653536410525
PROP-000031,284.8381647274806
PROP-062235,180.18558278066402
PROP-066606,111.1583135717872
PROP-001839,37.63305026984205
PROP-044355,51.73371391709202
PROP-040952,165.19153833974423
PROP-084887,236.49946126854397
PROP-051481,-0.3675593530349417
PROP-047833,129.10761620988092
PROP-076861,224.899885705291
PROP-060656,101.08306943601934
PROP-005454,191.00652744743599
PROP-021862,94.8474594762441
PROP-093788,-19.780514924246443
PROP-043483,100.29222701259931
PROP-069116,391.4485911474619
PROP-011394,80.5699142607665
PROP-082662,246.5285350243477
PROP-079114,131.937789466484
PROP-097524,277.7130374715385
PROP-025462,74.02482411328378
PROP-027476,290.87310052386124
PROP-028169,270.3662722158401
PROP-015010,172.97312983602285
PROP-019108,315.5093412792695
PROP-018833,555.2566214813908
PROP-068952,34.40093391306873
PROP-070213,170.1347968346324
PROP-026873,75.85477183682325
PROP-016538,-0.0719481168543723
PROP-010977,361.53896775221006
PROP-016582,269.60528998183156
PROP-052683,-28.193358331395356
PROP-051133,21.127657317671257
PROP-020532,330.4756271866313
PROP-082663,216.1613917823241
PROP-026473,61.830964655574746
PROP-051298,387.92368599813307
PROP-095268,79.90434145310648
PROP-012013,149.36773541768395
PROP-070514,252.65278201604343
PROP-024276,123.59985808336829
PROP-060922,137.76022275313494
PROP-031129,11.71361549566626
PROP-085203,169.0455642373107
PROP-084937,108.8817189930491
PROP-098821,-0.7590453896910212
PROP-040024,149.55211601159579
PROP-094887,92.50183807431958
PROP-042111,277.8115563501375
PROP-062897,69.24978756279421
PROP-068301,249.47904906082644
PROP-094243,128.78903759821728
PROP-050093,57.099203089055464
PROP-074545,276.55777001921746
PROP-025411,227.86355795829365
PROP-038288,15.259203417827322
PROP-046860,570.1442877070896
PROP-021402,169.13531069852863
PROP-003063,438.421393081994
PROP-064209,410.5392205832276
PROP-063892,268.70804671606913
PROP-048574,38.61968375748983
PROP-074254,-65.6638809040468
PROP-056282,129.94241573724443
PROP-017421,186.75394137063552
PROP-089202,30.39582294561034
PROP-024654,183.87854192210807
PROP-020515,39.763886751841696
PROP-092283,124.1746831871306
PROP-033044,41.41222847790692
PROP-052376,139.4736073585642
PROP-087554,357.6429434010569
PROP-002261,393.9090990665924
PROP-029194,5.924236000774535
PROP-042417,323.75923758057513
PROP-031441,310.40464497888337
PROP-042670,343.988054631537
PROP-038262,266.79025354463465
PROP-083839,5.23220910967781
PROP-060672,55.65455405419393
PROP-028843,108.67590524904189
PROP-028209,91.18411354756677
PROP-018276,-3.921051774974078
PROP-040969,69.36398575014343
PROP-083520,67.27770636333786
PROP-055329,196.13954280478592
PROP-036041,52.67313696914048
PROP-032038,147.51943851850697
PROP-023010,125.29642118697981
PROP-050124,237.18744557308565
PROP-087193,119.95688632534751
PROP-061746,468.0637909233024
PROP-017632,189.35022931694004
PROP-015112,9.18427438773142
PROP-033655,111.42131674608797
PROP-014120,127.4362100066628
PROP-060354,207.63883711553933
PROP-080997,88.97831147141919
PROP-073057,79.35043476179459
PROP-056126,213.41444206309728
PROP-096772,15.809252986707317
PROP-029679,231.26747045555396
PROP-055299,115.26575906100113
PROP-012100,59.237303573658494
PROP-061772,79.24313922630932
PROP-079553,57.23300981629739
PROP-029057,122.86995386027012
PROP-044991,390.1817072327915
PROP-052760,112.10524784064262
PROP-057769,35.97264159752318
PROP-065378,246.24343180706805
PROP-049936,154.10149430745398
PROP-008856,267.10116809376746
PROP-025672,250.91604490676505
PROP-048635,46.06667666862486
PROP-014550,263.29766585411284
PROP-005893,119.97626047320065
PROP-039915,87.66001536155414
PROP-008423,163.85618694126111
PROP-056267,234.05540393984182
PROP-062723,-28.364143138564682
PROP-016610,176.80134405478663
PROP-056432,44.25980850837673
PROP-096754,-13.63349521497293
PROP-020310,108.78168520270845
PROP-048347,-20.54731217080941
PROP-050928,63.27155104123298
PROP-022322,249.12849878650823
PROP-064451,272.2892834600617
PROP-053995,98.8278036501641
PROP-022002,40.02681226227977
PROP-040456,294.76728995114405
PROP-087823,281.5117180997663
PROP-058350,97.61584166271895
PROP-004843,27.759467632192788
PROP-070585,63.99089220318071
PROP-013643,312.9124998833885
PROP-085500,14.313309018337522
PROP-003461,35.294819641937536
PROP-064970,130.17566735608935
PROP-039195,229.6446719828461
PROP-018354,29.88125390559199
PROP-026415,81.15769513482972
PROP-031076,262.6508012308358
PROP-039330,102.27709136303747
PROP-075533,91.61213670525231
PROP-037807,106.30203857146458
PROP-045342,129.1938629982158
PROP-079272,34.275953138946626
PROP-005486,253.0962093498227
PROP-076591,122.23273319264528
PROP-082809,89.1445623764927
PROP-044804,62.45821962668463
PROP-023512,93.62408466175327
PROP-025049,77.39200143477
PROP-007928,79.39967109871074
PROP-026550,104.3361193461951
PROP-034602,210.57378443741135
PROP-031389,33.12391881221262
PROP-037858,245.97155898903551
PROP-016169,85.43229584123226
PROP-032533,285.60785299423736
PROP-027613,126.38483862166588
PROP-087230,136.7724848062754
PROP-002904,-20.180551551790458
PROP-055953,460.3011365619398
PROP-056452,76.59412139704753
PROP-025036,214.16025845095373
PROP-052271,3.174927007048014
PROP-082711,-11.204240412333238
PROP-030354,148.97505870999132
PROP-085602,192.0725238980117
PROP-074300,93.39142916555633
PROP-094189,119.18852545923863
PROP-080553,157.10537593402935
PROP-076545,117.97014793289458
PROP-031365,285.2184429215204
PROP-010019,15.414580036312156
PROP-026797,75.44035781044784
PROP-070969,254.9367268234056
PROP-047498,405.7801207769471
PROP-042899,121.98777225172644
PROP-009397,142.1084962643021
PROP-040499,12.303406146777549
PROP-049439,182.74244866062693
PROP-099883,3.1089346025247266
PROP-050897,76.60064307448083
PROP-058578,70.17612704447541
PROP-068073,35.19936378999053
PROP-073857,237.36451737178876
PROP-048378,189.0949492829961
PROP-084443,42.023989523722115
PROP-097062,-44.52125963962381
PROP-060241,257.6422994598449
PROP-010993,11.318345326815901
PROP-030527,173.27708387318813
PROP-064763,136.95346312797156
PROP-038455,5.814413611508385
PROP-055571,227.72543548869953
PROP-091690,225.37067662567972
PROP-050174,152.61708520736642
PROP-081837,269.1132026123704
PROP-061014,40.84536189761897
PROP-080450,213.58542946874002
PROP-022621,163.2290465837097
PROP-016011,7.275994615876661
PROP-074326,82.65521648671935
PROP-047950,15.004454433858918
PROP-060382,79.37009481556876
PROP-014015,230.0103428029929
PROP-087731,226.87440473171796
PROP-032126,58.47388237379427
PROP-050285,-0.8535625685679307
PROP-037323,-67.35264763263554
PROP-064628,199.46406919433193
PROP-034292,444.3312515189882
PROP-080151,52.52409622794881
PROP-071379,181.7456027357378
PROP-043195,137.6228865363154
PROP-000761,-0.5761896760732057
PROP-063932,-1.330141175547097
PROP-022231,149.9430974492886
PROP-029966,163.54363099626113
PROP-095907,175.52587710678156
PROP-001236,88.35559555268517
PROP-047706,33.76216352722141
PROP-050488,350.281572410525
PROP-036872,51.8163223822195
PROP-018716,66.28692815733986
PROP-054462,247.83938006036556
PROP-006260,46.26601384202184
PROP-091339,231.98166657201807
PROP-075641,261.6682615186541
PROP-078362,278.2302222584996
PROP-093433,34.12480091174904
PROP-029911,203.37221746748986
PROP-022630,37.052373274795485
PROP-030650,212.72521698760596
PROP-005488,27.344488250585133
PROP-072008,336.2183352301423
PROP-019694,28.54869769343476
PROP-050676,86.1938950235032
PROP-049072,171.03449428076823
PROP-092055,197.36280323862718
PROP-016818,32.73058359076055
PROP-075803,416.43352280118575
PROP-079083,161.09644338594762
PROP-081317,70.2737042998599
PROP-006644,198.6622418571415
PROP-060964,68.02470879268061
PROP-046960,447.0270318119539
PROP-028483,-13.727849123775846
PROP-036430,56.28732964886963
PROP-052925,183.78700611369374
PROP-054745,168.84218128724228
PROP-045595,40.15478131241312
PROP-008962,310.1644990506812
PROP-058089,463.0404265813288
PROP-056454,63.850455990805116
PROP-046077,162.72539571296403
PROP-024578,39.91836286719336
PROP-030462,35.40369106639689
PROP-034970,258.27685820666875
PROP-031234,115.33617735396768
PROP-093951,284.82526624022546
PROP-099665,80.36151410032181
PROP-012152,35.46927890303243
PROP-014493,157.21425287770202
PROP-098039,39.75106160030384
PROP-024115,264.14150779259853
PROP-047107,181.8178549687181
PROP-028446,259.2968388855681
PROP-087599,142.7346593965114
PROP-011952,81.01962322506367
PROP-045124,102.60806374448686
PROP-019937,164.63315573298294
PROP-005883,122.70135534786968
PROP-099415,284.9249762425518
PROP-042936,10.796997023305007
PROP-044291,108.05502234998916
PROP-006387,96.59616743232938
PROP-024239,82.4890351826183
PROP-015921,-25.439786382201245
PROP-077249,97.07096093182065
PROP-041713,29.227026837250655
PROP-010229,12.199351891186346
PROP-032166,-32.824946014200364
PROP-090576,332.51346665613346
PROP-044953,212.15073688206985
PROP-036918,251.113591549595
PROP-083757,210.4843301190365
PROP-060839,217.41623526502792
PROP-064192,9.16352035156917
PROP-025233,85.72926681084076
PROP-093310,174.76606347353646
PROP-038083,122.09098835604718
PROP-096852,162.41863134883369
PROP-068565,176.65346558754877
PROP-003888,220.85901722778345
PROP-074855,251.52536243338488
PROP-063913,241.77164261869817
PROP-066436,74.66312057536193
PROP-015450,10.50327108602606
PROP-076014,321.8111994777753
PROP-087403,319.55491445984507
PROP-000891,380.30923507578154
PROP-042928,41.96350972374232
PROP-009811,13.386307132629462
PROP-095417,222.7313823247964
PROP-047988,202.44202323890505
PROP-072398,-18.537294509843143
PROP-009511,222.76227487190874
PROP-041108,244.87076965148054
PROP-087181,46.545773829378845
PROP-096455,101.49794691190266
PROP-041663,12.852788523433912
PROP-043934,189.94822355386347
PROP-095926,29.5688815423547
PROP-087517,152.22016465966215
PROP-065303,13.347410652647461
PROP-074583,107.26103139414418
PROP-003012,19.644810177072358
PROP-007113,305.77451106755456
PROP-058420,37.078407807856806
PROP-045666,155.72751318347275
PROP-093420,27.055678350557557
PROP-024130,198.3156585391626
PROP-054667,-22.59868513499453
PROP-060754,-56.44959523167486
PROP-003979,81.78432693056489
PROP-029090,169.9510523966601
PROP-011921,29.365579132955062
PROP-057688,34.354598303590585
PROP-029253,20.663408012012333
PROP-061266,238.56848985652218
PROP-054887,442.663732758958
PROP-054577,123.2013902434126
PROP-045811,229.9742789637235
PROP-063293,80.54756397274345
PROP-014912,346.46432717311035
PROP-083896,45.78992425912368
PROP-029283,123.68161646884501
PROP-055040,324.1698045866343
PROP-098571,8.170193170736274
PROP-009721,137.82356698363077
PROP-043944,-19.53188961696201
PROP-018019,167.63430306267946
PROP-057249,430.76866306809694
PROP-019370,142.72136182175117
PROP-040894,8.16727393367129
PROP-008746,88.79316890639547
PROP-075514,449.16862054408114
PROP-075475,268.26881680848714
PROP-088150,167.3757047604001
PROP-081748,98.6805226821167
PROP-065991,54.50421443078792
PROP-050557,408.90911392593176
PROP-039019,510.1487568279863
PROP-057241,140.86799005944522
PROP-029139,-35.291062555136286
PROP-008975,35.84197369733562
PROP-058565,18.37513082743903
PROP-078932,302.55472428006755
PROP-078363,248.40160583415837
PROP-095456,111.79616708858634
PROP-013346,67.01888843487816
PROP-009610,218.81272304386022
PROP-052179,153.4539410375065
PROP-004698,129.08650468730139
PROP-014441,39.81962463630849
PROP-065696,235.54817292300396
PROP-011898,260.4537086197753
PROP-046725,120.38935115909825
PROP-003988,199.12542130274875
PROP-068690,131.7017737489337
PROP-035894,212.34555229858591
PROP-086404,210.28966058121716
PROP-033338,204.16773623786236
PROP-083664,167.7552425633051
PROP-015211,-13.446685340455858
PROP-020739,92.31609349817097
PROP-004630,267.6081174072403
PROP-038960,39.61087864553032
PROP-064012,63.56277960783906
PROP-092615,176.37696362809103
PROP-011345,99.33179801207785
PROP-027186,167.9759990890958
PROP-010186,348.6736409808233
PROP-077981,121.40572936781179
PROP-024714,302.17371894477947
PROP-035800,167.27717223533543
PROP-092823,161.1861138856729
PROP-062322,309.66875427369155
PROP-038730,117.61528109368773
PROP-074367,36.61840960783039
PROP-096789,113.73546813192682
PROP-052361,52.39230347604281
PROP-028183,4.056161378574359
PROP-014480,116.00286371378077
PROP-025518,357.12191587017355
PROP-023785,-57.6286696348221
PROP-041799,194.01154582776238
PROP-049145,117.6503760843886
PROP-008036,209.29015726282125
PROP-060527,228.09498273446286
PROP-022301,286.0388392489142
PROP-022398,107.57147586697451
PROP-027849,89.21032218019919
PROP-094863,357.82413744667394
PROP-061865,19.06673818242615
PROP-086419,180.11583327053606
PROP-026820,124.80191603073632
PROP-065915,-0.8091913449233639
PROP-028302,332.1024034993914
PROP-010570,286.2231578158006
PROP-063412,168.80048533322545
PROP-037036,153.3628273938795
PROP-009484,24.165784801068725
PROP-072417,354.5669754649736
PROP-073390,106.27314557904221
PROP-071277,279.91024399299465
PROP-038193,84.54726482805002
PROP-005584,93.00494135100435
PROP-087779,41.56010994764068
PROP-023179,-46.45854937261256
PROP-041755,172.99699178945707
PROP-048427,203.69449524341496
PROP-000055,225.47391371098908
PROP-009587,266.67120910624936
PROP-028900,116.37326535542365
PROP-074609,243.50424448019982
PROP-089139,254.7042808510539
PROP-060681,178.371202884656
PROP-067804,101.82349739720902
PROP-012302,422.699356086324
PROP-024591,98.06662938031221
PROP-018009,300.11975845522863
PROP-072996,124.07240916788103
PROP-095088,8.936806779445316
PROP-061370,82.59740824612007
PROP-039421,433.41561548892554
PROP-007562,31.634620778630662
PROP-057601,350.0702478720615
PROP-044932,133.15697055520803
PROP-075912,83.34230876914243
PROP-053797,7.674753959497579
PROP-048145,137.5907196805999
PROP-092480,297.1910074618614
PROP-042534,160.57604129122745
PROP-056640,223.03151045774695
PROP-043714,324.3596552407168
PROP-014009,12.703424424331065
PROP-059624,180.07784960109106
PROP-055090,270.5582371061145
PROP-049092,254.925544919034
PROP-067360,130.28809493622236
PROP-080841,184.85642155287712
PROP-007703,244.91655872545692
PROP-008331,-7.94785924836826
PROP-006127,-57.98907945870627
PROP-039198,66.75886861623502
PROP-064498,189.4042245735798
PROP-070064,5.162855150999485
PROP-056003,291.8339563280556
PROP-044088,201.6072897453077
PROP-080133,38.366542825149075
PROP-073620,142.9089876394377
PROP-088634,23.327481628030256
PROP-031242,461.3686627382686
PROP-074025,95.0955075498205
PROP-099756,23.3590894932083
PROP-002990,60.43842896687588
PROP-050483,72.10019674955407
PROP-031966,-36.15818730052836
PROP-096723,162.50655710722768
PROP-016368,90.93692067459423
PROP-089145,161.62027505747517
PROP-046520,198.5667394138111
PROP-083682,20.542466286724824
PROP-055438,77.52624063067111
PROP-055628,61.591325570811804
PROP-006462,84.43622677038937
PROP-009050,115.79886056533995
PROP-047781,103.15075240086672
PROP-080085,136.4338427337133
PROP-093132,19.774855788356653
PROP-049714,94.98119736825785
PROP-023614,119.99793009543099
PROP-035744,289.3976692861928
PROP-071006,343.11724378019505
PROP-079539,84.60952030604128
PROP-090504,-14.598995937598005
PROP-092494,106.86356474848029
PROP-078386,265.40815094366064
PROP-024856,121.91979661184216
PROP-093342,461.60993688937697
PROP-097139,75.28958258692228
PROP-087490,178.81859351345508
PROP-010013,-24.67449700736757
PROP-084801,85.3332014197301
PROP-033355,-24.101288428176893
PROP-011435,34.21206802738337
PROP-030907,405.9444457673256
PROP-088286,120.67634705398683
PROP-081951,160.69173761636276
PROP-024161,289.36995907377855
PROP-003945,97.7319440873748
PROP-073068,56.32946664518978
PROP-011414,288.45066111830147
PROP-057773,254.66194325704225
PROP-059483,110.58533436409047
PROP-097328,140.7035343986684
PROP-034382,134.5345859446771
PROP-025746,38.154227214764795
PROP-001928,115.41465575399317
PROP-026621,11.572671595950787
PROP-027696,13.6417997190167
PROP-098213,74.55362370763167
PROP-074557,12.398876115410673
PROP-076438,124.78014309726075
PROP-006721,40.829143191442355
PROP-058140,-65.56545072895747
PROP-049160,216.63960232886507
PROP-040040,53.88647494217976
PROP-067537,95.98171200126593
PROP-035853,224.3962596336106
PROP-038349,16.387003364544647
PROP-015658,64.53860815166277
PROP-074219,78.28621284822741
PROP-037124,272.23130776787116
PROP-070378,202.5297000124963
PROP-072377,-37.78330360911498
PROP-080768,-29.195313187058254
PROP-098667,50.67301569844976
PROP-061277,157.01061301115232
PROP-080485,-3.4561567324893616
PROP-072605,24.33985024794055
PROP-055662,138.16452131737356
PROP-062892,30.045056847016543
PROP-015868,211.50412140542917
PROP-047812,78.23192651265535
PROP-051664,187.0216826676424
PROP-007632,405.71859077715067
PROP-022080,230.79755526463413
PROP-052421,110.19637540979441
PROP-087228,194.41583583302042
PROP-060344,115.95407251618147
PROP-002037,288.15650430232193
PROP-077293,29.364830373939853
PROP-001247,42.97207578365042
PROP-018033,56.042362876681736
PROP-073858,-8.958448916700455
PROP-042887,301.1502925024124
PROP-033373,454.6928932316799
PROP-099546,180.83359273120863
PROP-087368,237.2106242161094
PROP-084591,43.90680927620597
PROP-044103,145.8699974218759
PROP-087030,143.40825554200592
PROP-003720,11.445127626727853
PROP-084182,27.79667887147462
PROP-060868,-3.6096387631491655
PROP-079304,290.24653094517475
PROP-083180,233.6970557833517
PROP-025597,174.3125340645255
PROP-071908,240.40948998989893
PROP-009782,90.4691973529461
PROP-014465,215.1654284469277
PROP-005748,9.285069410637277
PROP-099272,62.073499085432104
PROP-056156,358.4640351811737
PROP-011033,11.773777841752086
PROP-090925,126.20651038068914
PROP-051887,55.44045785416829
PROP-025391,316.158670676503
PROP-038927,231.7758696988966
PROP-038998,188.19720178240667
PROP-079725,33.9536048014798
PROP-042250,90.5773934720967
PROP-077092,198.46227393968235
PROP-076667,38.7521074127429
PROP-024940,53.238253927228484
PROP-056919,64.13553795643615
PROP-023247,134.39225680167223
PROP-050165,25.804953118487305
PROP-034138,46.78771487273115
PROP-031802,81.95671691971759
PROP-022934,207.53951399538755
PROP-058219,314.57180981579137
PROP-040299,249.3813631357827
PROP-005208,520.2996440774202
PROP-062856,256.55763639129475
PROP-040046,57.97928460468248
PROP-076063,216.72364954452314
PROP-044297,-67.50464763535071
PROP-058320,301.87941271691824
PROP-003459,327.06911057719174
PROP-068656,288.2377083721703
PROP-035268,48.91918263527714
PROP-073293,101.87713745202076
PROP-017468,41.93721639345107
PROP-071635,39.01318804932401
PROP-032508,53.54833404222412
PROP-085183,179.7805129698411
PROP-061783,248.85815773445478
PROP-036031,368.7824049147333
PROP-082450,182.325422049554
PROP-097547,87.78422509281343
PROP-082283,49.20342608328268
PROP-060063,99.57716223449762
PROP-054685,83.47033769180376
PROP-031686,-65.62426005438013
PROP-035688,59.573275643487555
PROP-035667,-47.602397427723474
PROP-068122,245.27934039730218
PROP-050798,151.41951420884544
PROP-070877,228.06544528760026
PROP-050932,185.0475404369933
PROP-063314,187.8892371077494
PROP-017481,67.92013079768687
PROP-075203,57.98438017082014
PROP-062645,300.7334835542974
PROP-039617,98.1424646230683
PROP-027704,220.44601734852483
PROP-037169,272.6657845139953
PROP-006503,76.48674607866575
PROP-041276,150.0312464187767
PROP-031786,162.39906645549945
PROP-047983,280.6952061230309
PROP-033786,305.1951803651218
PROP-012512,125.90874630483455
PROP-088275,43.7245631779072
PROP-065237,54.7554031897977
PROP-063621,230.86598605559675
PROP-062033,8.85060331148955
PROP-061800,313.2674853249982
PROP-010610,98.48646232086882
PROP-061371,345.8148360184358
PROP-088261,54.790884682369274
PROP-012153,20.10906359855774
PROP-078700,205.59123220294705
PROP-001711,87.78379979105534
PROP-029946,297.09972092089305
PROP-051558,35.91390769226891
PROP-052747,132.8125006977266
PROP-090776,218.39139590994085
PROP-039777,358.8796109433549
PROP-006614,201.47907741631408
PROP-086636,241.7180205461969
PROP-041480,-33.88548558665026
PROP-086177,-29.042755055475663
PROP-051128,-4.563479557664775
PROP-008010,132.54796653530346
PROP-021099,285.6519331466202
PROP-031184,240.24949189698958
PROP-097963,119.39775938435943
PROP-011443,133.6767064459406
PROP-036187,27.465186804715316
PROP-028571,410.18309492416034
PROP-077437,109.98241560021259
PROP-011182,242.88110130378192
PROP-022556,190.27569195473416
PROP-038715,152.56143050354268
PROP-099667,68.75118554693823
PROP-062741,74.93362095640838
PROP-062332,-35.826493075199394
PROP-020982,187.21956704541475
PROP-052169,216.19044606354777
PROP-009556,66.79533198852171
PROP-028634,102.8267476951686
PROP-089282,150.3351385443989
PROP-045869,285.3952254379692
PROP-031513,48.84408288941848
PROP-054645,16.6727899554352
PROP-096273,186.47713110318216
PROP-048600,213.54865408979413
PROP-023377,46.47664639896121
PROP-012669,82.8354455655635
PROP-037001,341.36226821499076
PROP-061661,87.35706246951693
PROP-073832,102.82778106954467
PROP-079802,192.84972474621392
PROP-061833,40.75871823585648
PROP-023811,91.00079919582691
PROP-055880,564.3715925968794
PROP-033592,100.58542350871488
PROP-047540,31.711797768046868
PROP-020478,333.10169656003364
PROP-041683,108.39653488435347
PROP-068701,38.00218005179575
PROP-087284,148.04773418345522
PROP-018907,58.07755010921522
PROP-031537,114.36554803481926
PROP-022020,225.24915639325857
PROP-078745,332.7325177087303
PROP-087569,439.9095318372599
PROP-027045,90.07354726580401
PROP-098177,47.88441876098854
PROP-056528,261.01007037725896
PROP-036795,64.1965929140122
PROP-008106,137.21638780112812
PROP-012514,213.86800514983378
PROP-092501,39.78349021181046
PROP-059467,212.0943810637865
PROP-071433,117.34666704691901
PROP-019958,309.6169495181234
PROP-028298,312.36880068595616
PROP-056892,140.00301181929456
PROP-019589,201.81867441727712
PROP-061221,-58.42113036375044
PROP-080630,78.47811474448133
PROP-089029,505.27387766443763
PROP-084554,80.68384847337843
PROP-071743,375.2487611313685
PROP-042762,200.64480120841972
PROP-084428,40.83851055819637
PROP-017536,-0.3108465442854378
PROP-026655,100.09438282582508
PROP-051371,257.75575121304564
PROP-056638,349.7146716642096
PROP-061489,-15.588827162568855
PROP-026802,173.1987461615588
PROP-020118,76.13213269073452
PROP-033914,225.9811008478869
PROP-024479,23.585487276683992
PROP-066394,57.60677649406341
PROP-078174,288.4905648052345
PROP-068116,172.36202308741227
PROP-009801,69.08591757746049
PROP-076234,164.53518154835825
PROP-049950,171.27887295249258
PROP-047457,52.38599305729845
PROP-081905,122.54075532094507
PROP-013680,169.7850125067575
PROP-097271,15.293391589379976
PROP-003891,110.57297682074183
PROP-043740,10.989863379218527
PROP-071076,163.91642553363266
PROP-070611,-17.076476444141363
PROP-037665,71.30647897797657
PROP-006540,238.11270175161943
PROP-035031,167.99318707494817
PROP-024028,75.37060249171759
PROP-021041,123.6377089882038
PROP-057295,116.48621686100753
PROP-091844,28.422585405277403
PROP-037860,-25.090121795208724
PROP-061750,119.26120809526387
PROP-059434,56.49460180436329
PROP-006392,20.512080562160406
PROP-057414,91.43081502875083
PROP-059834,165.96747623019263
PROP-091037,389.4886867489469
PROP-071192,239.22720007642465
PROP-057562,465.20203846075333
PROP-033349,-2.3849728567927144
PROP-080647,243.57934218148375
PROP-046374,382.2547698039674
PROP-045741,50.29576272934345
PROP-085181,101.51631909485054
PROP-036463,127.08079254097225
PROP-092224,78.92248808793565
PROP-002927,44.21222842192779
PROP-061022,-46.03522035851262
PROP-085036,27.440882089221034
PROP-059011,0.2623885756747697
PROP-062768,163.51305058809592
PROP-032822,59.484883963500366
PROP-017184,454.8628522200038
PROP-029127,267.17493094608153
PROP-050405,108.0438657570508
PROP-027589,34.84317940433476
PROP-047619,131.7512203716695
PROP-058121,221.35301659386866
PROP-086439,258.00623905469985
PROP-046651,172.884086001649
PROP-079472,131.5494166955645
PROP-055649,442.65670629623787
PROP-039988,308.6801997061158
PROP-066302,60.4936621553274
PROP-077813,76.83209329393185
PROP-062718,74.39626753899138
PROP-072763,219.78126307085563
PROP-015841,273.65127984614907
PROP-058871,54.189962891544376
PROP-032727,117.04251451128687
PROP-037637,96.64974370575685
PROP-000423,184.48994194513477
PROP-027212,208.80406832809965
PROP-097092,66.42835969962998
PROP-025447,118.78429781399939
PROP-066092,47.28027271822975
PROP-013816,56.59099707595748
PROP-053775,163.4327283700494
PROP-026460,104.05572703756893
PROP-073765,135.51502982094226
PROP-039018,25.5561872365454
PROP-061868,112.9784467126387
PROP-086608,600.406463148863
PROP-054816,163.22802354442385
PROP-036844,76.86634539779915
PROP-052184,6.526740769087941
PROP-065778,218.0805068305978
PROP-051673,89.93178605294727
PROP-029846,99.06512248361085
PROP-004064,218.11747453793748
PROP-045421,4.94845400693446
PROP-016945,485.196494963374
PROP-096051,122.81762262382753
PROP-036388,215.63979791651633
PROP-051637,67.31710687450604
PROP-083712,117.93246092966683
PROP-017156,121.89459293192704
PROP-069510,240.40819389243643
PROP-064229,115.15296843362056
PROP-070777,92.78928205091259
PROP-056671,7.250186435891411
PROP-035157,-15.173051802723233
PROP-023580,401.53145008278887
PROP-071453,367.44521164967375
PROP-060246,246.4602895701675
PROP-067035,41.82257607752793
PROP-043820,3.909659270676773
PROP-033619,59.86993065685207
PROP-083101,50.49072730687098
PROP-094617,149.57302804186105
PROP-011336,56.25396281009508
PROP-098202,171.0987812982876
PROP-016201,124.86419942142521
PROP-096995,124.46338340587036
PROP-098323,204.48919665178985
PROP-045326,60.37896297124101
PROP-029122,308.1718713444917
PROP-019841,74.4217453687617
PROP-026427,252.89514805214822
PROP-004998,255.90641476638675
PROP-077667,42.37775783075561
PROP-099470,38.14418398511668
PROP-042922,226.24863485925033
PROP-019571,17.734597255362115
PROP-069337,50.73458187340385
PROP-080171,32.56013972104451
PROP-070444,77.80643757732929
PROP-067117,130.6869396874775
PROP-039267,269.0694239864548
PROP-046206,3.114748614194127
PROP-076426,30.16840012048124
PROP-082900,-21.506217835038953
PROP-015829,275.97469085272706
PROP-073590,182.55974205852516
PROP-037064,25.268020616092883
PROP-010901,-72.84310847832616
PROP-029411,67.85334967528811
PROP-085467,258.707889302959
PROP-057776,21.629590648820454
PROP-022501,124.9251666083625
PROP-088850,46.03355547449202
PROP-085659,72.49008993496355
PROP-009382,80.58602112329194
PROP-086495,153.8632470715887
PROP-027741,187.91138383864296
PROP-028973,118.0066796638201
PROP-050048,84.06113589454809
PROP-064230,121.05432298055379
PROP-057920,110.13628229693681
PROP-030158,110.42066925752317
PROP-047370,134.2687553594274
PROP-027864,349.1911744697542
PROP-035748,296.330112266099
PROP-096623,51.34768022180435
PROP-021752,99.22621323860679
PROP-062118,19.468803260770713
PROP-028252,145.46896572713354
PROP-037172,14.29014227075707
PROP-034117,38.16922362189177
PROP-085258,91.41103938140955
PROP-096991,81.59021871899607
PROP-062895,67.13862641821638
PROP-062351,153.16657422877893
PROP-091305,129.10453041638
PROP-092810,57.538569134829345
PROP-028791,129.05286047051882
PROP-062630,92.96447599205239
PROP-057493,88.56503538597758
PROP-087636,310.7773460921486
PROP-046832,-92.68312585907837
PROP-063189,138.16558156537627
PROP-028767,36.24233893463242
PROP-014404,43.337593059313875
PROP-020181,132.26038968973756
PROP-096889,246.35651374347958
PROP-047333,261.2598260727191
PROP-094124,313.76867768722207
PROP-089771,74.493334977595
PROP-056089,61.95612737865874
PROP-054707,44.26407814271029
PROP-035862,74.34426818914551
PROP-093351,69.68207135692569
PROP-092330,19.735737511098975
PROP-025318,117.1955018534636
PROP-079087,211.5290989757137
PROP-054351,14.600823676760566
PROP-090490,301.1734427544336
PROP-034591,64.11458284014597
PROP-085821,13.74564576145594
PROP-000121,-16.864839834754598
PROP-069964,199.70480633039747
PROP-073184,11.44697145001232
PROP-002220,205.4704204650399
PROP-000528,-44.746093504184344
PROP-001780,135.53778520681004
PROP-035283,104.41900926805582
PROP-061962,50.26697286347021
PROP-046053,-21.3498541649456
PROP-022679,39.52180561918559
PROP-084539,105.26268134247103
PROP-038569,24.79803598578253
PROP-075182,185.6411508275719
PROP-073163,125.95671688215785
PROP-039610,247.66249953516643
PROP-022327,123.15233767091824
PROP-021176,331.9906568754154
PROP-039134,-7.786344977780132
PROP-076427,341.85334823587874
PROP-028034,121.65447121196645
PROP-069812,77.75977032355735
PROP-098305,294.7825338806945
PROP-044788,84.55866871138642
PROP-013300,59.760557398585576
PROP-084927,30.590796747744925
PROP-009152,-37.708092930780474
PROP-026020,135.3487559703482
PROP-071054,91.1665596944751
PROP-038969,297.7970569646016
PROP-066139,276.1530056267547
PROP-010551,91.22022458866523
PROP-087795,126.11579623185472
PROP-093372,8.727496151078906
PROP-049392,324.2977772022599
PROP-011170,246.31462798725133
PROP-097179,475.0918890806329
PROP-072500,190.35359971995706
PROP-050924,232.2351986144322
PROP-043732,238.7805592682649
PROP-094311,249.5494108118695
PROP-053082,87.5243033873837
PROP-012355,225.84851534024597
PROP-043229,40.672412393160414
PROP-014138,146.7529655403418
PROP-058706,280.0428493662977
PROP-049370,327.4447412157823
PROP-091244,6.736924419509712
PROP-046885,107.21592238104517
PROP-048210,23.7621341859251
PROP-015693,120.78579863045232
PROP-094949,172.52468273641915
PROP-075639,84.40193231380212
PROP-035481,132.66430921782697
PROP-026795,64.73510363732491
PROP-039652,43.342843460861744
PROP-080853,266.31152703263047
PROP-033735,-32.5272608892196
PROP-074370,353.2336763115859
PROP-011157,272.78104190833415
PROP-093145,115.58955299605726
PROP-093313,168.20703012878664
PROP-080409,25.928266906076857
PROP-079970,120.9478861775077
PROP-093664,259.6363484544419
PROP-037909,173.9236353323472
PROP-075663,131.28757323072432
PROP-045805,80.160991416674
PROP-085857,108.90623233959579
PROP-015459,-2.1772871183307876
PROP-064007,297.3152995209758
PROP-072012,194.6039905452034
PROP-082531,-3.7131317408555518
PROP-064481,411.49369787089654
PROP-096196,395.0105417424644
PROP-056716,-5.64207816044561
PROP-047054,61.19673810809244
PROP-084432,191.63643880225627
PROP-050841,374.0970578974422
PROP-037585,31.72833044305332
PROP-054173,51.49338713843191
PROP-063029,95.07160286166723
PROP-047398,64.79589251011495
PROP-073717,4.386932615283211
PROP-046457,67.39918069445486
PROP-052659,-24.57157658801067
PROP-080759,33.0738738301724
PROP-058061,112.72074347411376
PROP-095276,67.77027234507455
PROP-061433,56.116447265261186
PROP-078403,-9.996554328007214
PROP-032574,-31.76023815589378
PROP-011663,63.41494264567642
PROP-001845,6.624677223387122
PROP-097128,107.77612753189413
PROP-057602,314.0948386158472
PROP-022877,48.449893689499135
PROP-094136,221.5250117340783
PROP-010476,64.13805622835218
PROP-090942,37.1324587406648
PROP-020750,336.4394810261208
PROP-086059,301.46780173179377
PROP-055985,33.886686032398934
PROP-034656,397.6407532751451
PROP-099895,56.81153081141315
PROP-029400,110.30186995154648
PROP-039023,323.5260647894816
PROP-044851,271.74932306628654
PROP-001628,117.74567575085604
PROP-002032,199.14148785801024
PROP-024357,154.94689566782995
PROP-028364,-23.840141169945625
PROP-009348,-78.46783580421817
PROP-015243,244.75269341725613
PROP-093018,114.78969707407794
PROP-056414,112.60263469463212
PROP-084404,120.23991106022731
PROP-041153,125.3479415292928
PROP-062704,279.3909793999548
PROP-025075,151.21886867177895
PROP-009013,245.5682026658825
PROP-065483,299.6844996551034
PROP-053210,58.479993861880615
PROP-084188,68.71301922071103
PROP-087547,326.8796472847878
PROP-014084,109.7274943394647
PROP-021817,116.10265699415436
PROP-058161,166.6905846006155
PROP-096609,288.55156408517195
PROP-011546,138.05182578509255
PROP-045852,368.4864585141514
PROP-061135,309.35908757110053
PROP-012059,205.8491760555431
PROP-073178,5.48150181170999
PROP-039899,201.42599653145817
PROP-007599,44.57085016357948
PROP-037646,107.19504168323714
PROP-028331,143.93234918918938
PROP-014213,221.4016930388183
PROP-070602,243.06114010789105
PROP-097702,111.05590349395183
PROP-093033,310.2067630549727
PROP-041680,144.65423901094192
PROP-064586,44.285978099319195
PROP-027066,-5.660148872111096
PROP-026934,360.2089487456417
PROP-044766,358.5460613481011
PROP-081297,241.49136510294423
PROP-079961,8.834624907841487
PROP-047488,321.7439994574123
PROP-001864,-20.02568436631494
PROP-013731,188.06957703482507
PROP-035480,88.78987165157733
PROP-086831,-17.19135997168018
PROP-091439,231.46181933188598
PROP-091870,117.28440734888434
PROP-025994,17.65798366306958
PROP-063968,75.96567169271452
PROP-029254,105.09165753715106
PROP-013623,534.6187887155354
PROP-038568,58.67531874672388
PROP-093539,9.740610946609703
PROP-065656,69.95418889791154
PROP-042773,220.10780719785294
PROP-062008,433.31460744262523
PROP-006222,251.88092684908986
PROP-036065,-2.713427382306656
PROP-036098,331.55424689084765
PROP-052471,74.12949123964553
PROP-081801,181.97172413409507
PROP-065540,-3.3136093910747757
PROP-053671,356.30536283810807
PROP-009582,14.205301707783377
PROP-018625,67.43713293529987
PROP-075886,151.69646607922965
PROP-048264,361.67285881235546
PROP-010641,202.97033783301558
PROP-045141,339.2290197406628
PROP-012380,147.68948952758694
PROP-055111,70.16274720552386
PROP-022323,132.25085228963513
PROP-089513,50.85056192272455
PROP-005173,134.74727856048102
PROP-024966,-45.3840693663313
PROP-060094,29.66503064673474
PROP-080221,34.162652584607315
PROP-024347,106.08789637285017
PROP-007223,87.03719565303001
PROP-093600,263.8463721514289
PROP-052956,128.55501661853054
PROP-022930,73.55981643648843
PROP-040792,380.3460702012497
PROP-008027,61.30068206986252
PROP-013207,19.212110624141502
PROP-025385,280.2529601927525
PROP-098463,211.15404802199572
PROP-061181,34.43954366171724
PROP-003768,133.93962163023932
PROP-018797,54.01099914475967
PROP-068955,157.4218166129934
PROP-025524,43.079403781555484
PROP-035702,332.8572428373559
PROP-088620,251.8013466103601
PROP-075892,51.081555865421734
PROP-046955,40.044594348401084
PROP-042081,213.90984658114863
PROP-033227,320.7391608170515
PROP-009337,221.41667962443717
PROP-047842,-0.9402263740213783
PROP-027882,149.40506094040947
PROP-079572,518.959108785921
PROP-088267,223.25388418185923
PROP-096615,140.75889350555545
PROP-037299,248.87481328748774
PROP-097354,60.03936129081164
PROP-061169,259.95438004267584
PROP-090126,-37.01119409235205
PROP-057483,347.0755403990768
PROP-038937,70.37259175107813
PROP-030176,-40.88685453389735
PROP-016580,48.36526968778588
PROP-006451,226.44668870718834
PROP-052723,281.4713592593598
PROP-060498,537.5960249711575
PROP-014698,278.85889198784866
PROP-087296,151.9351235589332
PROP-011689,229.60393157754393
PROP-058644,319.0754346820014
PROP-017855,334.8011668098492
PROP-034475,59.55876602401808
PROP-027285,135.50254520723237
PROP-056106,295.8399168887682
PROP-061982,53.22194108930384
PROP-013413,383.1718760013267
PROP-040282,63.336230223556186
PROP-061692,214.46005413612437
PROP-036942,73.88161420147894
PROP-017302,113.82621627092857
PROP-052802,-67.72205271534894
PROP-006197,397.3202778354481
PROP-000205,215.2307521547674
PROP-031006,102.437634476162
PROP-030949,39.45585649900997
PROP-044907,86.14568249027931
PROP-011685,257.50729776521257
PROP-071055,334.29916143101036
PROP-073077,274.53907911721245
PROP-037681,238.97054290126624
PROP-021131,117.18391520812861
PROP-047531,272.09272122990353
PROP-098801,35.559670626267085
PROP-091596,28.75155381589394
PROP-045847,305.5232662151171
PROP-013905,250.0223556342013
PROP-092960,318.38470318208476
PROP-019001,230.03664916724762
PROP-036941,97.98618931782359
PROP-000658,306.4624026760518
PROP-072501,76.06356595061811
PROP-079195,107.48072496761984
PROP-082883,443.15997327675876
PROP-001915,329.7507660895538
PROP-010887,33.51198219876677
PROP-023380,-24.10341871113802
PROP-004781,364.35541113508316
PROP-038107,153.83293507712904
PROP-088342,81.1070057497282
PROP-041636,289.39996316282526
PROP-072710,69.07176878677646
PROP-052100,-51.45315695414585
PROP-089965,313.42606558740835
PROP-031520,268.96530875476753
PROP-054290,58.505913898232514
PROP-018396,190.85125018213594
PROP-058135,18.05605865992126
PROP-005653,69.50310191749283
PROP-082091,129.68331998943052
PROP-001110,69.64673110335207
PROP-014975,498.7181574802727
PROP-092371,169.74039243430997
PROP-089454,319.832838434727
PROP-089721,123.18848821148579
PROP-068081,110.063974863146
PROP-018055,138.42681216984118
PROP-021406,50.59507889562063
PROP-034057,94.19908439045103
PROP-070775,256.0380694256485
PROP-062075,82.3050562541485
PROP-087203,-7.282985699685704
PROP-082581,76.76593001945317
PROP-049376,72.97753334135572
PROP-073631,44.87882727323922
PROP-080203,6.4469650731255115
PROP-047958,119.29679614338554
PROP-025888,40.77420187550085
PROP-007283,257.219461173591
PROP-056331,12.310903968554562
PROP-087990,167.41729252542387
PROP-088863,131.83920312556057
PROP-009165,194.2005525449813
PROP-024888,135.76441287263773
PROP-043087,35.86604598945828
PROP-030921,205.9301643589479
PROP-061976,304.5447853761208
PROP-027443,200.32644126568846
PROP-066379,231.31704237663186
PROP-002784,407.8854715179901
PROP-085734,135.02320662832585
PROP-026122,75.30388080995775
PROP-071603,64.676498439122
PROP-081130,492.5716913173694
PROP-059004,-18.34088674842604
PROP-023170,105.6346986252225
PROP-035471,126.6622144305898
PROP-041016,38.818980817889994
PROP-083535,68.12223730716364
PROP-010228,214.07311825862865
PROP-047376,253.55107310630194
PROP-024185,41.371464414898476
PROP-074392,77.04058922838927
PROP-058277,10.638457898073014
PROP-050003,15.694486964239047
PROP-054975,207.1336400179764
PROP-024331,26.944489414599328
PROP-090809,318.39359965822985
PROP-045223,363.935169054985
PROP-006893,262.05329877085256
PROP-020373,102.74525615984439
PROP-084784,196.20316855737192
PROP-023053,106.49328880350072
PROP-016186,357.7048106709155
PROP-006592,267.9190347222736
PROP-060545,71.90162096866808
PROP-033806,132.40133805167625
PROP-077146,70.78032447557314
PROP-021579,180.08780992272057
PROP-032495,190.92609702071695
PROP-039129,186.14574613965084
PROP-005871,10.586766030449837
PROP-009453,222.21410282785882
PROP-009084,179.93761069895473
PROP-030123,62.97156018834415
PROP-011744,-45.02429768767351
PROP-096573,273.9687348678187
PROP-077648,117.71711361484327
PROP-035511,103.39780648805616
PROP-016542,99.32661810042183
PROP-018764,109.54617710390461
PROP-092938,259.60325014148447
PROP-008568,345.2306046390681
PROP-057155,15.827408861042521
PROP-059703,263.6197522563332
PROP-057291,-33.13139966696866
PROP-063998,266.0673579121939
PROP-071176,97.68612367145928
PROP-047269,49.21414416090617
PROP-088091,149.4167210678484
PROP-080766,50.52798758996027
PROP-041403,182.67912239224856
PROP-088765,64.4409842151741
PROP-099384,15.674492778082701
PROP-001765,160.71290452439817
PROP-098590,145.76276934586448
PROP-024780,96.89608155152807
PROP-025329,189.21829972491275
PROP-017557,43.35755974116418
PROP-047073,198.54894511900227
PROP-008506,6.846883686684793
PROP-096575,116.39439862230954
PROP-008100,26.99760660792267
PROP-042114,112.02278781966018
PROP-062383,236.48976584830768
PROP-020606,106.1794226230621
PROP-020861,279.13580696498235
PROP-040240,200.34829316998048
PROP-060953,172.79060937560564
PROP-023361,297.4661620052669
PROP-041552,252.54336301971182
PROP-026605,34.62504211278351
PROP-094578,407.8714632608357
PROP-073920,63.666630322231526
PROP-027872,50.13426225146077
PROP-014278,-22.890406824616424
PROP-083984,26.29363857180915
PROP-063588,49.97139343762599
PROP-035799,252.7706293200642
PROP-075061,142.09133256797497
PROP-094371,370.77210748968366
PROP-049137,122.95567066180111
PROP-014845,169.54723527078372
PROP-011299,48.97062855666766
PROP-064940,8.985135002733898
PROP-093394,32.445547922972
PROP-036219,84.60933003235408
PROP-015153,239.7783956845872
PROP-056342,64.14399524701898
PROP-045257,56.6672221928298
PROP-093457,164.37769108985583
PROP-078711,19.872796146087982
PROP-037845,-3.38842210915998
PROP-018824,69.0499631638392
PROP-000685,49.066905254638606
PROP-061011,27.07268813164383
PROP-090371,33.377778088256576
PROP-020802,289.42525638495204
PROP-061764,-22.899410942012764
PROP-034867,1.7691307490816506
PROP-099825,243.66158417650837
PROP-069361,208.29292333132088
PROP-061913,283.38885917102914
PROP-054557,80.59300508821026
PROP-051011,193.42797937626892
PROP-076163,240.44250118281724
PROP-059200,167.8958266937279
PROP-042579,82.08675472116315
PROP-048203,73.10594843839424
PROP-072478,56.16738095400446
PROP-008880,46.996933954857
PROP-034109,59.92773024377691
PROP-036576,8.272507999389802
PROP-058450,318.81022871709285
PROP-043398,100.55134938976659
PROP-091222,51.68600597356783
PROP-067356,27.189250475748075
PROP-081277,98.63317852493952
PROP-027717,449.2005179386344
PROP-033589,130.43351898878365
PROP-032279,21.935312381867544
PROP-084790,219.34160826037464
PROP-033697,376.3592767335457
PROP-061344,-14.921048528174783
PROP-096835,41.69786240170801
PROP-084910,50.83203284778485
PROP-049413,20.479903395226657
PROP-008682,83.0868341386294
PROP-054366,192.12459264295657
PROP-063770,105.61011848420281
PROP-046263,124.66814724090891
PROP-034551,37.65565427334007
PROP-026163,62.36221731801149
PROP-020425,232.43649407622962
PROP-055206,432.6521804893773
PROP-011584,15.842672649075185
PROP-001424,302.07178465518035
PROP-059153,92.66820744721453
PROP-042753,24.190638370220377
PROP-040433,55.582432242012686
PROP-024388,-44.31604369446501
PROP-094806,88.75897346771653
PROP-043144,167.10047132549718
PROP-013590,350.61769437239957
PROP-090688,110.91887322878881
PROP-084242,168.25819551723004
PROP-068888,236.41868025787034
PROP-065466,117.06948957215528
PROP-071666,182.9906384361007
PROP-084469,54.502589748193216
PROP-024120,-22.51699802877655
PROP-065605,195.03426216533396
PROP-015965,12.572718141233969
PROP-027985,82.19653554084556
PROP-072150,280.84779464201733
PROP-025808,194.63250189245457
PROP-098780,104.99040313635875
PROP-074863,477.53214005969716
PROP-021010,157.77930500876056
PROP-071839,141.13588154284236
PROP-047439,72.29296963483833
PROP-077496,84.22319064155553
PROP-029333,82.57218492168629
PROP-085715,26.74641551451684
PROP-087537,81.23627371160279
PROP-028079,60.541700649333585
PROP-077001,96.51092004825819
PROP-007512,68.04189056192166
PROP-090122,12.527776981458334
PROP-001549,69.26276916416013
PROP-052161,509.7383764025925
PROP-084253,13.449761184358753
PROP-026016,331.4693119123906
PROP-011639,102.13726580066655
PROP-023178,120.2057095221729
PROP-041224,26.420706802925277
PROP-068110,66.88799995262518
PROP-063002,296.7646552712038
PROP-078590,175.96482109772919
PROP-051309,88.12963102803805
PROP-097995,160.66456517371338
PROP-082271,184.68231664629948
PROP-011091,-21.710937812720598
PROP-041781,121.34487633586244
PROP-056448,125.32441359848785
PROP-038667,225.27917551077064
PROP-090295,18.5278677828296
PROP-025853,72.36168409487871
PROP-055692,224.27878078743902
PROP-036052,131.05071684216824
PROP-025097,276.17809723652357
PROP-019191,99.97546655212047
PROP-044154,108.89431659163297
PROP-036748,-36.81767840107955
PROP-010461,84.40189709072826
PROP-017842,45.71403198587883
PROP-048905,156.75312072327694
PROP-068320,289.45273482851724
PROP-083155,85.33709221039592
PROP-080957,142.69108350612143
PROP-035909,151.77631207543237
PROP-068769,229.63215602311126
PROP-048173,202.70735031904604
PROP-080757,19.20179066611675
PROP-057502,-31.04851291469326
PROP-063386,64.19464613151695
PROP-031562,24.327228277928242
PROP-009881,121.57637161079077
PROP-068767,294.4691302192876
PROP-084185,75.67354041988528
PROP-095756,72.44303379788549
PROP-082001,59.62060472808274
PROP-073445,130.2371605457378
PROP-027230,66.65159617808249
PROP-030885,46.105422237351355
PROP-078977,80.1570377053754
PROP-008661,289.5263854532403
PROP-077104,172.73930409341324
PROP-084296,38.71367961610525
PROP-052771,-53.70608867964863
PROP-091124,55.567537736221375
PROP-001011,230.62388357121617
PROP-035911,159.72396062749635
PROP-054937,65.58216385510684
PROP-044911,121.44414798297178
PROP-010619,76.67351167724446
PROP-028153,501.2980660994052
PROP-022393,275.4723635991678
PROP-025223,90.68301368756363
PROP-076613,326.1591525602699
PROP-064384,-36.37575952687274
PROP-010811,60.19945056152653
PROP-012559,42.06898341888657
PROP-094034,21.054664617607486
PROP-097504,433.69648882946115
PROP-063053,66.30254048474733
PROP-054663,445.2699199881527
PROP-017638,38.05059978821797
PROP-090526,17.733068136579448
PROP-008305,216.1682169781509
PROP-011408,98.72273734039881
PROP-084948,268.86370378276933
PROP-006748,40.60289017950839
PROP-050278,113.37699454216921
PROP-010866,-0.8016862262292372
PROP-013895,39.52101795369394
PROP-094415,110.04943312775058
PROP-069401,243.7522006139968
PROP-092909,154.93365213825035
PROP-013721,31.311032512930463
PROP-004319,111.03118572981754
PROP-080229,265.6620379537259
PROP-042499,234.2258737648791
PROP-092954,56.540765828006705
PROP-003757,32.54227463525183
PROP-097994,-17.640753098968098
PROP-075822,67.58667346712683
PROP-022021,244.55958989808485
PROP-035234,281.39000392810107
PROP-015363,190.4666019117336
PROP-078683,178.1986072399185
PROP-048677,94.7784872405388
PROP-095000,62.93745546392853
PROP-063901,377.64348840600167
PROP-011423,277.16998641971327
PROP-002653,-8.236271051549512
PROP-004336,103.09448372847537
PROP-061776,220.27307707176473
PROP-009616,23.69740737300269
PROP-034305,79.83874621825217
PROP-009960,337.70717824222004
PROP-039574,46.79509812610114
PROP-047126,34.293840251345515
PROP-011611,65.77754274917447
PROP-021156,14.702655677769954
PROP-006911,82.11833069268846
PROP-027037,79.14231968962655
PROP-089959,361.8335491464342
PROP-007641,168.83306025488713
PROP-083743,381.5901205870737
PROP-066301,318.24733393347645
PROP-079530,82.8327929099803
PROP-022682,91.1237124458003
PROP-017539,268.5633056619943
PROP-008537,46.71437406890499
PROP-070354,68.66720271347597
PROP-060512,42.43090117946312
PROP-070921,6.152343198148274
PROP-051516,282.3064717013623
PROP-052142,39.207134944896715
PROP-088078,112.91808524703971
PROP-090296,71.8334161071723
PROP-003284,221.56746685821537
PROP-003282,113.88366564616257
PROP-036539,86.01671312476115
PROP-013860,239.84913957240545
PROP-064987,146.4323209420107
PROP-033925,198.14538898924366
PROP-011787,225.94062374262984
PROP-024822,86.16680121446616
PROP-010287,318.0974207453677
PROP-023679,38.83947326340714
PROP-041428,255.76293304135623
PROP-058662,-13.95346173574606
PROP-017371,188.40034197443632
PROP-006404,59.18395957079787
PROP-052143,-35.853112725897425
PROP-035446,221.2743182345888
PROP-086910,20.616243354780057
PROP-026467,153.2023221489273
PROP-085368,-4.745150146120579
PROP-068037,274.0037700849266
PROP-076369,348.83906173163746
PROP-044872,131.62058675680174
PROP-078793,275.84745732597383
PROP-008986,-11.166089433768533
PROP-024087,-20.56892989556992
PROP-041283,-7.078518496072938
PROP-042927,60.630130449377205
PROP-036944,161.5817170479345
PROP-068285,105.83784592533003
PROP-024558,172.0100305871278
PROP-095083,225.22874572327152
PROP-019689,-42.01886152844954
PROP-056191,247.4382699124002
PROP-013062,68.21925046446687
PROP-014271,486.59201575889875
PROP-035368,99.86489267117143
PROP-056240,38.838808689294645
PROP-052633,9.702515607016178
PROP-093025,17.49165172396944
PROP-042988,177.92240021348985
PROP-099927,145.32349174251715
PROP-024560,278.720195550184
PROP-085650,43.21381867252238
PROP-054324,368.90904237143195
PROP-086794,112.21416774001804
PROP-081400,171.2510166682419
PROP-005669,297.5943878852654
PROP-006283,138.21694466636623
PROP-028052,42.24197676079589
PROP-041761,56.353411748174224
PROP-006587,438.44818620328977
PROP-037188,92.89150974475035
PROP-011534,237.77372806246245
PROP-004249,191.9185098611676
PROP-087137,94.47078578195037
PROP-035179,223.82280955931526
PROP-085929,18.160493112034793
PROP-024702,192.25487439947335
PROP-023551,135.66143874755238
PROP-014584,45.934057835115254
PROP-088799,361.32078420085577
PROP-053028,174.01120967319076
PROP-088697,173.90174258502083
PROP-067959,61.98488196261324
PROP-062159,161.84588822610274
PROP-078712,109.72685105580128
PROP-027313,240.18618456852693
PROP-063319,40.5297720387773
PROP-080105,285.4429613417061
PROP-036144,116.36639773506985
PROP-092561,213.20246478510154
PROP-040104,82.4148929087256
PROP-056433,368.18813554408956
PROP-072178,2.246007316947453
PROP-077846,222.14280889784112
PROP-003807,32.781590966328864
PROP-071642,-26.09088563569942
PROP-034427,19.870939896034557
PROP-014292,459.79989761605157
PROP-021820,259.6932260892994
PROP-059660,153.69062339463864
PROP-010705,277.3018710284843
PROP-091348,67.86252413884449
PROP-097984,40.683779255204406
PROP-027917,48.83230971129656
PROP-056764,247.6528783872063
PROP-078141,94.51902668934117
PROP-017797,294.96053954589553
PROP-047844,-17.71714445196597
PROP-018406,-47.503904976572784
PROP-072721,370.63522210072506
PROP-096779,102.57684065573997
PROP-057136,272.82473802490983
PROP-056537,83.28176224750392
PROP-039366,307.95285615480424
PROP-044157,151.29936743014346
PROP-077852,22.670035107266933
PROP-034677,-10.766087845549265
PROP-043948,48.97921134279784
PROP-086389,29.123461604603886
PROP-012747,114.04973959580275
PROP-055291,297.17281100890943
PROP-008791,-11.111853949128143
PROP-051901,10.568413096467356
PROP-004890,303.41575450242595
PROP-001385,204.38666348466072
PROP-051439,236.19766663218124
PROP-095096,169.69489238445487
PROP-092265,28.819050623646042
PROP-027945,302.5228421373423
PROP-023662,-2.138275976749526
PROP-087108,137.03990475089404
PROP-031011,243.99290658451324
PROP-067978,82.3920376358665
PROP-000334,296.8187928432025
PROP-063093,119.83377393154056
PROP-012742,210.939601178573
PROP-098247,2.460094013188666
PROP-065167,58.721683315810026
PROP-078390,99.98073897082983
PROP-015657,366.554346526836
PROP-009333,215.77663499299624
PROP-039342,71.50228515241155
PROP-041481,112.7338530730458
PROP-025915,279.35031675928155
PROP-067491,247.04542514531133
PROP-010764,72.02730327590268
PROP-006421,112.52207330032041
PROP-023235,152.92709295710597
PROP-091820,326.1028999847351
PROP-081025,110.28569735137918
PROP-075736,182.23909776420808
PROP-013232,280.0814487864771
PROP-002367,100.78189876476137
PROP-091221,14.449888768923909
PROP-082842,-33.99438362355643
PROP-007129,-20.15875512125214
PROP-095928,3.3388001897632478
PROP-021044,180.29912293315695
PROP-084042,275.12773094531985
PROP-027502,227.30044730194672
PROP-018371,30.92699182952178
PROP-087585,433.2169354294663
PROP-000371,221.06575446186287
PROP-097706,211.3408513673611
PROP-055501,80.89416882317002
PROP-094154,260.2639987202093
PROP-092322,-1.6890718639444326
PROP-088321,-3.888202855333393
PROP-077883,178.22757391632484
PROP-044248,230.03617545084217
PROP-054701,121.48643581369879
PROP-058621,86.84951562858828
PROP-078372,28.99043712366234
PROP-082393,94.61065241620028
PROP-038010,214.21467784002076
PROP-051504,241.9611187533976
PROP-045144,241.6862662024986
PROP-036120,362.61878992856725
PROP-057838,244.6388424954747
PROP-007715,-41.20237094830607
PROP-052233,145.13432291883618
PROP-034018,-35.453261434984924
PROP-072712,19.62454695709578
PROP-006999,446.72181826898475
PROP-083554,82.01786227306009
PROP-094748,87.18236447534326
PROP-049876,91.86394092555865
PROP-071586,238.44328366924782
PROP-070331,70.59800221334622
PROP-073269,468.7506631293048
PROP-064685,40.85049484494125
PROP-064043,85.7698052409018
PROP-051251,58.00799275123085
PROP-000676,168.17957175364083
PROP-094693,126.85353685205456
PROP-044617,113.67832279292895
PROP-045532,114.77730395202468
PROP-059105,-12.749562002493875
PROP-001807,248.03928916417354
PROP-003411,114.65376307803238
PROP-073830,68.61545134097663
PROP-094503,292.24352874715623
PROP-078084,337.4486255197594
PROP-058809,285.1074200086162
PROP-013929,-4.138466915461657
PROP-036692,250.0853324343179
PROP-097175,241.94151225130088
PROP-074292,207.221346968855
PROP-050177,-10.139738318332562
PROP-032637,375.3308143142718
PROP-041643,136.83627277165706
PROP-065272,55.04665600505677
PROP-000432,240.08784473592976
PROP-047651,183.79054223375545
PROP-071831,-0.9030836083500589
PROP-057438,359.973403839239
PROP-050871,123.33246804568228
PROP-006269,392.16810126567054
PROP-092528,313.8257501156198
PROP-058700,95.67974607775596
PROP-020049,214.52879136515662
PROP-093035,82.72164194890003
PROP-095755,1.8994071891750473
PROP-040064,21.417648964349738
PROP-038812,21.11698454539052
PROP-029677,253.754257425076
PROP-015573,81.99659776142084
PROP-085209,71.10639533637615
PROP-047104,48.273533535689054
PROP-065688,125.16297707696727
PROP-058122,126.29816650734567
PROP-043075,49.064203427196034
PROP-023526,13.863260388521542
PROP-060572,196.77458928484666
PROP-059091,71.32320143548515
PROP-062016,151.94970339049405
PROP-085730,12.734604515468444
PROP-040133,21.404547522538564
PROP-025601,-27.769171961647412
PROP-021087,53.83148099751927
PROP-052950,108.91527948521447
PROP-031196,-27.952802929206314
PROP-062368,80.8645562002474
PROP-028921,53.7804327852521
PROP-065434,167.39479093342902
PROP-043452,185.59300569831532
PROP-066979,100.37572978585281
PROP-017401,6.363722142341322
PROP-030063,207.5867241617615
PROP-032631,34.34910808260087
PROP-046723,116.20914804387614
PROP-028338,282.0118690608526
PROP-013777,275.59847831031993
PROP-033890,117.65073964234061
PROP-063496,259.69282102987324
PROP-027972,321.4259824656922
PROP-061158,106.35742169812237
PROP-085932,77.10813985757552
PROP-009226,233.68740529735652
PROP-050743,104.19748901735484
PROP-035336,167.18086888098446
PROP-002657,79.24094749368913
PROP-061421,336.8176489459306
PROP-060935,300.5043121462114
PROP-019066,31.126636748357257
PROP-094588,222.84574585596528
PROP-090369,292.9676643734926
PROP-037781,203.1153133208981
PROP-004878,200.41480308593705
PROP-047489,157.62022399484258
PROP-037684,131.226296083861
PROP-032532,62.020442996050214
PROP-041340,269.14743338707933
PROP-053964,259.6713784245659
PROP-029008,168.08431140086628
PROP-083018,150.74590829302596
PROP-080135,122.209921805736
PROP-009126,147.7777866468482
PROP-019987,68.55049779230896
PROP-047893,296.25481877449045
PROP-029572,247.6086852325294
PROP-022664,263.5504095253542
PROP-019420,316.44910679112735
PROP-017301,32.5829802482346
PROP-060212,111.50342001416286
PROP-040387,141.67278585999833
PROP-049804,48.6653419963082
PROP-087330,135.18646578476378
PROP-061597,4.292318546737945
PROP-035071,188.79925868904087
PROP-048366,189.55596970091227
PROP-097973,-1.5237196637481905
PROP-072067,-57.48712280274308
PROP-073506,9.091085496566512
PROP-032928,74.77319457609615
PROP-038326,275.3066443835713
PROP-043766,437.65616161748136
PROP-020205,-35.20649541352337
PROP-074423,38.27775721846815
PROP-000087,106.27644029401036
PROP-095566,-41.261517764239514
PROP-049235,141.11638591659482
PROP-038859,342.7105405725206
PROP-047589,128.55829012041568
PROP-051572,88.22677752563914
PROP-089590,229.86404242300986
PROP-008060,102.19417709604102
PROP-053041,76.2080085818887
PROP-039258,211.57713588521415
PROP-022152,291.1923255485501
PROP-058739,82.37902466280526
PROP-080168,-13.390108119894219
PROP-099621,160.13809673259027
PROP-025350,60.12533043337567
PROP-032600,339.4781313481834
PROP-067553,-42.28527792643037
PROP-046548,234.3073376310905
PROP-072823,-37.96571265864107
PROP-014623,172.15262403713473
PROP-003738,304.22798538916436
PROP-045641,515.8697390143942
PROP-011840,106.23135863340772
PROP-094464,92.76014976041274
PROP-024945,332.0195195186751
PROP-041173,-9.21546436231625
PROP-070114,58.62119113565522
PROP-084776,112.5929645056441
PROP-090158,-36.538396453704756
PROP-042979,67.45626430922631
PROP-016505,70.4184601304712
PROP-065252,133.1115934590108
PROP-016088,45.97707480744333
PROP-094687,98.24941659977394
PROP-004031,300.81926065321534
PROP-023143,289.43241377290605
PROP-004667,-19.807694222468534
PROP-041429,94.60973881161028
PROP-093397,235.86759307392092
PROP-059795,136.702867260824
PROP-076959,218.08275492571124
PROP-096172,-28.3152349516738
PROP-081292,91.3317370471977
PROP-089990,456.7353409441694
PROP-064821,75.66818043682133
PROP-014902,41.33295245299869
PROP-063523,24.452808043311265
PROP-089938,152.94265531051457
PROP-074085,55.97517743919272
PROP-066890,21.58777312084397
PROP-096548,133.85274669385825
PROP-022904,62.37389665982681
PROP-054962,184.56946293939401
PROP-079407,21.970108085159453
PROP-085212,72.85432812920915
PROP-030457,239.75017756757617
PROP-046173,89.48951865553848
PROP-088953,47.374720826558715
PROP-015295,89.99488466831484
PROP-011918,41.530560101228644
PROP-061866,113.96388027285367
PROP-049771,88.99465960090457
PROP-015273,161.6775045411364
PROP-091292,66.26542336215581
PROP-054421,202.08777350779067
PROP-054534,-32.23688792924783
PROP-028547,151.85502450117426
PROP-006660,208.01794617070385
PROP-076828,21.344505743675825
PROP-060258,110.76477068887526
PROP-046765,335.4158854162291
PROP-062887,78.4970689395092
PROP-053487,-28.60177096403339
PROP-030207,90.47752946230642
PROP-040586,303.6417985404181
PROP-032683,177.57115810830146
PROP-076129,318.4448146232005
PROP-002519,5.742236649000134
PROP-066863,39.44961622784379
PROP-019656,142.33667461244227
PROP-081625,290.89901423626407
PROP-038029,-40.35269280503074
PROP-017501,135.18972620734732
PROP-044987,123.30477028764108
PROP-055263,-1.5944966531594744
PROP-095637,193.58709798182267
PROP-074239,152.80061982043057
PROP-056378,311.4884198508096
PROP-068960,130.9206214733115
PROP-024796,69.21312560776582
PROP-015194,48.875922545790615
PROP-087061,66.18736171773114
PROP-009092,94.77091572380671
PROP-096932,69.10477669544203
PROP-023489,104.97644544618744
PROP-090671,-42.853129906578914
PROP-075478,198.21708541697615
PROP-075600,176.98396947554514
PROP-046106,111.56130625099739
PROP-037413,197.3760669387902
PROP-034487,251.8752221567403
PROP-056167,346.33063529847396
PROP-043684,75.0736342526804
PROP-024685,223.94429260369532
PROP-078991,301.5464120259033
PROP-010579,-26.61219663265829
PROP-051262,38.55007193020333
PROP-025379,252.45544884528763
PROP-065450,106.27379634346352
PROP-093270,64.22177931470293
PROP-021291,527.8150579329944
PROP-065888,247.35045443833008
PROP-027309,231.86018609579708
PROP-021141,387.869402778471
PROP-093741,109.97849063953095
PROP-059742,56.82241274966874
PROP-079537,300.95043904413205
PROP-038710,133.24753354467137
PROP-030398,281.8995840149336
PROP-025461,232.81554002990296
PROP-038088,422.80698979411875
PROP-011221,44.990177460666
PROP-080541,134.05921002281136
PROP-021219,295.26129274850155
PROP-089421,231.3055333655551
PROP-036971,106.37367646892025
PROP-068007,300.5238939032863
PROP-046321,293.0057537247747
PROP-024466,93.88660968780599
PROP-096210,23.62861236950485
PROP-033392,3.592253185610584
PROP-056969,-38.76896805078226
PROP-031311,328.6289260649668
PROP-060805,157.51883665997752
PROP-075210,55.94740001449245
PROP-088694,221.49650677130478
PROP-032818,67.2050270013303
PROP-038227,124.11858216063311
PROP-013252,33.92301665363335
PROP-088964,60.02476837153036
PROP-094601,218.16967550848295
PROP-001950,84.56531932923053
PROP-096238,24.60453475931405
PROP-005311,48.69048923672005
PROP-038121,472.83743969515604
PROP-047766,74.17943832738973
PROP-062674,46.705714770091
PROP-049141,287.89269219215134
PROP-089813,84.83547980934523
PROP-027497,223.56031165565182
PROP-000937,48.728062239629224
PROP-060332,208.68487510259033
PROP-088713,184.77605568417096
PROP-044238,284.7116489154026
PROP-075097,207.7690522972503
PROP-008353,176.17329745179154
PROP-077581,168.0435049603812
PROP-058297,214.5984244782513
PROP-056255,-22.922725784469417
PROP-022524,385.8190201030788
PROP-014285,98.65857216630485
PROP-027584,98.1175171378433
PROP-060739,166.58566374772278
PROP-055126,212.4786269554881
PROP-050956,71.0250630518811
PROP-064332,235.77193729317517
PROP-040322,107.66782321196804
PROP-035779,42.38234782710905
PROP-045849,5.599166190408637
PROP-023645,102.52456530527188
PROP-012114,129.73840880548147
PROP-099972,84.53634672768831
PROP-021092,-0.039389493124790675
PROP-082102,120.10935209311445
PROP-015180,49.350642626601285
PROP-049573,206.96636283702617
PROP-015386,216.6796520565095
PROP-020884,-13.67334688050223
PROP-002122,228.99909392736203
PROP-069478,43.64104372740625
PROP-083790,-9.400758267379736
PROP-062245,10.576084339458177
PROP-017424,195.32244215821243
PROP-049043,32.040073650692676
PROP-005784,213.30678908819266
PROP-019271,140.91866395690784
PROP-033368,202.4261132853157
PROP-027462,51.644228222010405
PROP-036249,256.40683967886054
PROP-080346,542.6750140944877
PROP-024476,-37.733510486702556
PROP-098650,74.4694386343018
PROP-094815,88.8246984913149
PROP-019528,-10.90317239807105
PROP-007683,90.33244383641315
PROP-027257,-7.30778306585022
PROP-084762,89.16218468067562
PROP-034533,165.58479756057534
PROP-081218,19.343309668784727
PROP-099530,89.45110678557894
PROP-060137,140.02844605306296
PROP-022805,169.29645157041568
PROP-020534,52.336484084609275
PROP-056099,297.85151567911976
PROP-093732,293.1122100930479
PROP-040212,132.33944117866685
PROP-060139,74.8528979678633
PROP-077892,47.09101360868212
PROP-057389,171.76861441453738
PROP-020694,314.26241303237634
PROP-036836,336.94193776700735
PROP-062707,-33.1163513723118
PROP-084407,87.47203276872415
PROP-002828,32.22185940627527
PROP-001836,302.3479394265637
PROP-003262,45.351745783254756
PROP-040197,400.69381139357455
PROP-069037,-13.799487070100541
PROP-094263,288.7881070746651
PROP-031097,-18.578942779547912
PROP-072789,67.05439477574998
PROP-000314,149.84539016638777
PROP-039670,34.04379866962766
PROP-076459,183.30000579136885
PROP-022095,16.452714385590333
PROP-086174,-12.959304805709717
PROP-003479,-0.3807708161784866
PROP-026342,257.40798693012897
PROP-006189,262.3239867170454
PROP-060614,6.6506899267741275
PROP-093818,160.66079221882174
PROP-030392,37.53591576150062
PROP-058367,243.29221266591173
PROP-032052,258.35760887644494
PROP-019488,207.64330115765316
PROP-099894,272.180250307207
PROP-066773,294.66309321828277
PROP-080561,209.39867400636143
PROP-020254,-31.98721750240447
PROP-029769,-2.3069709330662818
PROP-063473,176.31104810375393
PROP-083916,186.67400036643767
PROP-014515,13.591650516332209
PROP-081520,247.67015469001595
PROP-084423,168.05232838681013
PROP-023806,-22.854048655891546
PROP-036196,284.82242050601
PROP-039112,71.45842494446003
PROP-047250,115.1598671521578
PROP-091271,295.5422633161537
PROP-017794,158.036240069094
PROP-096326,6.8401328644959065
PROP-084295,42.667759411195455
PROP-043565,32.66637622849381
PROP-062812,113.00916909982108
PROP-022775,421.1445548342497
PROP-055901,2.4802983194020367
PROP-006426,61.51744527303175
PROP-071628,-6.803560870522198
PROP-050790,178.23034571604796
PROP-061722,119.73671063910754
PROP-027063,67.89648125951827
PROP-086735,-42.31470837185903
PROP-090607,92.43368481762212
PROP-038411,357.10640372449916
PROP-020045,74.48178823406981
PROP-051620,241.53442118938784
PROP-061205,146.48879983135222
PROP-056469,206.40986383816357
PROP-029109,195.78516699444452
PROP-008740,232.42822887619695
PROP-026457,38.29179293256079
PROP-001097,318.8075723220991
PROP-098329,72.10421818887247
PROP-063658,35.89610176908233
PROP-064500,-17.82853712349962
PROP-053511,188.0791301919423
PROP-063815,-46.2628662101598
PROP-053755,257.13885353693115
PROP-019036,62.58915392304395
PROP-037537,111.34344997692217
PROP-084017,80.1445032267023
PROP-036446,198.1103520188453
PROP-090282,76.41432672260837
PROP-080942,89.64154613298174
PROP-080543,136.56652440947866
PROP-030195,239.94400546396878
PROP-068137,312.34206250866123
PROP-075000,25.147651512437818
PROP-070447,99.54403228781652
PROP-058109,241.48610218060688
PROP-091657,332.3708588651657
PROP-017548,128.3249680060061
PROP-059191,156.23456717201
PROP-083169,349.2838193657441
PROP-000999,198.53660591645456
PROP-063865,345.2528210762927
PROP-068348,78.63232362104897
PROP-054504,3.06318539566875
PROP-032550,251.67245910836334
PROP-086888,257.61337860756004
PROP-040805,413.4479713316597
PROP-062925,232.7089082275664
PROP-059332,78.06272301470321
PROP-059665,125.32339205461905
PROP-075998,100.95408513089092
PROP-075999,53.16747385859077
PROP-081269,16.21083874150804
PROP-068589,180.30613756149762
PROP-006883,52.38713774821235
PROP-051647,227.6398344047579
PROP-089242,287.83704441170255
PROP-067743,35.56195615027508
PROP-013702,250.67977927669835
PROP-097181,118.81293328858605
PROP-081193,267.6370668485112
PROP-054457,155.92706648632043
PROP-018277,276.85032006151596
PROP-081107,53.9291145962061
PROP-082585,220.5727116734283
PROP-024721,109.12086050206997
PROP-058389,231.91148535001713
PROP-035767,-4.512505798511995
PROP-094808,242.1474148985608
PROP-022951,44.967285514731415
PROP-091621,90.42384486404306
PROP-071087,51.26876658227243
PROP-094993,256.22991714369107
PROP-081412,41.47586727837237
PROP-090355,115.32482612962089
PROP-085068,115.50725137293097
PROP-071377,259.70259432703745
PROP-032530,114.6780975302123
PROP-092121,73.35757795460015
PROP-006033,89.52766259751303
PROP-063561,187.39175168821612
PROP-019161,193.60795133389564
PROP-017113,89.73448530774124
PROP-003844,188.86880109487973
PROP-060588,27.444643200223602
PROP-067609,208.83761350485014
PROP-086892,274.9054475732034
PROP-091478,175.86187865632547
PROP-025911,128.26303481723912
PROP-046387,84.88328802258634
PROP-062602,243.83755825084006
PROP-004641,59.61871656321671
PROP-051694,74.40538849000095
PROP-075602,114.26564815631448
PROP-028744,76.31870176886616
PROP-063796,90.2533457512923
PROP-027377,34.23730095064445
PROP-035884,121.1787444239044
PROP-083702,-2.24031342382993
PROP-051788,383.88406246798627
PROP-051636,295.6077606454928
PROP-028224,107.66139981371289
PROP-009042,301.8388391182698
PROP-017463,39.08581831762632
PROP-041211,34.658734875152064
PROP-049294,59.209739826799726
PROP-019235,52.6084478530759
PROP-057757,37.14367619081531
PROP-076270,-16.779990380281962
PROP-027832,318.593951292015
PROP-024718,130.63486954451614
PROP-026070,205.69081128759746
PROP-075204,354.39397694412634
PROP-020345,104.64407975425875
PROP-000435,51.8229907022598
PROP-092032,253.09456904773924
PROP-070095,50.728224984752515
PROP-052036,209.74576006623005
PROP-032703,454.24935969445875
PROP-045637,6.3860083449000005
PROP-069979,325.99844524808464
PROP-059394,230.04516069468767
PROP-068264,-0.7747091369493209
PROP-035949,243.18496495806943
PROP-052752,133.77230984430898
PROP-010984,47.91504029241251
PROP-036246,83.47205871933647
PROP-079232,161.50586072784517
PROP-083508,3.023327520953898
PROP-029487,46.72857361680567
PROP-039262,34.631494053187936
PROP-078919,43.99434085350964
PROP-075352,332.3817794209992
PROP-008978,-20.40014140621431
PROP-019832,267.2041355051949
PROP-088562,73.0978034690614
PROP-095879,349.6701155413367
PROP-075087,313.44249159488015
PROP-066380,55.540592997601166
PROP-017853,25.369459732010604
PROP-095961,122.14985192408496
PROP-008674,-35.15568726062704
PROP-088792,149.097658468554
PROP-054033,79.99750671803
PROP-072723,139.76042088006227
PROP-032212,326.11277104832413
PROP-082372,65.41694913518205
PROP-052630,85.54196627469722
PROP-070244,67.1784213095699
PROP-069841,125.58019010137826
PROP-025750,442.55224636703923
PROP-002401,118.79638332088275
PROP-009230,193.60437436834712
PROP-042201,49.88033368413238
PROP-000934,46.396827886887976
PROP-049051,98.15181299546437
PROP-094032,89.20517672993209
PROP-089870,87.2589602074265
PROP-018222,230.90227532269333
PROP-020400,9.552208075930091
PROP-084132,-18.34597305900198
PROP-064750,30.58994455779859
PROP-006826,-13.902753155311643
PROP-032015,17.486983455103413
PROP-012527,76.66129734650876
PROP-009620,309.6670915060514
PROP-003854,213.44234123835574
PROP-030589,22.8446347750174
PROP-066063,72.22961277730533
PROP-021465,41.18720390197575
PROP-091919,2.998009164749017
PROP-097398,16.773479232062844
PROP-048185,147.74820989308716
PROP-071113,311.5992986003511
PROP-075959,95.69376827757199
PROP-089294,217.22756214135586
PROP-084077,110.56924264790037
PROP-008660,244.67749354860888
PROP-016493,290.78105971557306
PROP-054291,30.03744394786326
PROP-014513,-28.657716844089308
PROP-073763,63.810567918765
PROP-034537,220.3536930489974
PROP-069425,189.42302906260431
PROP-036015,123.9256231167246
PROP-063087,492.15700790362257
PROP-047841,93.0813200869736
PROP-078861,426.2147790116554
PROP-043534,289.9303625893515
PROP-066237,88.80083216377379
PROP-053056,85.19233076504045
PROP-015501,54.855704256703
PROP-083751,74.26685331973357
PROP-079959,538.8375800020727
PROP-061599,-26.509537556487565
PROP-013470,-46.310496451285296
PROP-011038,192.11084046932368
PROP-097690,110.84403043360476
PROP-064871,160.787358111858
PROP-034110,265.36525457594115
PROP-077397,172.35681159230336
PROP-023908,33.131628949390745
PROP-020807,61.31564729869214
PROP-001030,211.09303618400153
PROP-034347,312.3402288959506
PROP-035918,5.605646802430577
PROP-078543,337.7905767188396
PROP-090186,119.18062013315605
PROP-080100,99.19348279086248
PROP-055310,229.0212753320392
PROP-057419,121.49131008928849
PROP-064840,115.53528804502281
PROP-049712,91.14011787150993
PROP-030812,345.91912550078695
PROP-092993,269.24910603883075
PROP-015254,79.21352600226132
PROP-017306,104.2748449294215
PROP-010003,307.1867925387493
PROP-049299,40.790868851234805
PROP-016506,273.5630296745672
PROP-052828,262.206292019792
PROP-020055,168.78101622672952
PROP-000897,274.8560158245025
PROP-047549,113.44268397826661
PROP-044929,214.8980983844918
PROP-094630,67.80502684983975
PROP-039856,13.783426623434533
PROP-041971,158.22202876873183
PROP-052588,227.25372336816238
PROP-015417,252.25551655199246
PROP-034647,172.550489729706
PROP-051771,379.9528310602719
PROP-085986,313.19414138544903
PROP-098862,275.2594011708971
PROP-098212,206.34374390930526
PROP-045698,248.63975425077604
PROP-067185,173.02996721145172
PROP-072566,-73.98500110604671
PROP-036653,294.7389544332003
PROP-003897,349.9127732128204
PROP-010011,250.95002373634756
PROP-068633,128.7970145108023
PROP-055239,18.320215813825918
PROP-010057,99.3976950311437
PROP-051024,150.81147336405922
PROP-094860,3.054297804284648
PROP-075082,165.72577579615066
PROP-097025,243.3501528381927
PROP-028522,95.68411428381089
PROP-010243,153.94998249507682
PROP-077088,479.7297509481495
PROP-037512,139.45711097105294
PROP-017943,131.8203449789994
PROP-043620,266.55720417092533
PROP-031289,109.93624749033859
PROP-098256,-25.468633226599714
PROP-031636,245.21540972846412
PROP-060206,-44.191223163629594
PROP-096780,66.4812112519497
PROP-022438,269.71700113109847
PROP-030641,373.78694129289
PROP-029366,21.002117340156147
PROP-013320,-1.6207488138147959
PROP-060968,145.76615904034185
PROP-062658,266.30347000819836
PROP-026865,60.04426983576084
PROP-040669,1.093796187491602
PROP-027289,273.30068083627714
PROP-011540,78.56134345983581
PROP-089581,-4.194923069491139
PROP-087353,-15.361636648547453
PROP-089114,371.2222806584787
PROP-024661,52.13441454232626
PROP-073868,22.31079772283035
PROP-058462,122.80473427204188
PROP-015809,27.108045643454965
PROP-092198,17.41173774963871
PROP-056570,76.5776817411233
PROP-072553,226.55745258834207
PROP-093090,500.57216402204205
PROP-052785,391.07744878699316
PROP-024571,374.96137879094294
PROP-029908,87.18914962917854
PROP-011941,-6.913573822706533
PROP-079578,27.72301593101519
PROP-041704,138.83123921585292
PROP-059371,458.7791975132266
PROP-015099,144.83445139143024
PROP-005938,229.3449539752366
PROP-051689,309.35395951476556
PROP-021449,102.64558122976914
PROP-072412,351.9627341269158
PROP-097499,27.141976381208604
PROP-085703,353.9824741729844
PROP-056770,325.5593486573051
PROP-055181,-7.231275153621053
PROP-073571,182.2829908210739
PROP-009842,115.22006648727138
PROP-030742,103.1127818655385
PROP-043975,44.652952476141266
PROP-086005,283.57304589543287
PROP-020799,56.991800007647896
PROP-093893,40.894245504713325
PROP-054141,119.50584621608392
PROP-092363,365.14906622101137
PROP-081713,-28.92856030610987
PROP-059535,226.4425767672348
PROP-086529,168.29833969603882
PROP-084075,32.91935268099424
PROP-001466,269.112548905646
PROP-026062,244.86391866638593
PROP-007538,43.78751401723545
PROP-009928,-0.8479734230381109
PROP-091707,62.97922824303741
PROP-041467,54.57018873634088
PROP-086594,116.35571656549158
PROP-089926,8.351647560589736
PROP-035902,301.87842631691205
PROP-098839,67.10391556320027
PROP-067353,55.1028201934015
PROP-085970,129.45930491351825
PROP-036133,106.68282515868981
PROP-066814,25.732088947024053
PROP-052240,10.988074392233777
PROP-071677,163.18424428853183
PROP-048432,-21.79691922647624
PROP-045594,392.12339884661026
PROP-068657,97.15232757559107
PROP-096466,-16.08289292231948
PROP-023804,387.1996276028055
PROP-000440,328.7196667515848
PROP-088745,116.86108628234605
PROP-006454,-9.768122889328344
PROP-045807,282.87397695987534
PROP-048543,227.1822481048252
PROP-080628,258.73223121373576
PROP-085952,54.776695718709746
PROP-013129,111.81890013768772
PROP-041816,46.1066397436165
PROP-079275,34.36035160711036
PROP-065523,54.13608442303644
PROP-023680,342.3189783444998
PROP-036102,-40.37792710270764
PROP-066876,14.983765155185047
PROP-007805,250.09840348177585
PROP-080676,27.05749731294957
PROP-006703,34.46138679164054
PROP-097920,104.9555301810993
PROP-084531,59.728611998252006
PROP-032515,185.56338470108452
PROP-028793,46.65264265908973
PROP-045913,62.75835797985762
PROP-086040,131.05707726802203
PROP-077358,86.7906159125925
PROP-085369,162.75646385499712
PROP-067865,183.78468350250583
PROP-096873,-5.71418727170694
PROP-051410,110.62349445355935
PROP-088810,201.41684961920282
PROP-056421,117.82418005152985
PROP-052513,356.1566630683601
PROP-026311,71.27625254289947
PROP-074187,79.12360227590742
PROP-070667,142.18361613370402
PROP-046577,136.14029635252027
PROP-065752,198.89501090904037
PROP-093620,113.5532962802322
PROP-018068,63.09745670058946
PROP-003655,-34.78708245501171
PROP-093832,196.40159988630415
PROP-027488,25.058078104604004
PROP-073960,45.69594392811163
PROP-090294,92.9701603364792
PROP-080178,359.4173188138369
PROP-066720,58.29997359414247
PROP-072072,11.434116483516547
PROP-099517,264.091849852914
PROP-082777,337.88650737032793
PROP-027442,104.71485897479596
PROP-081558,425.61921041914934
PROP-068317,-79.50272012524456
PROP-034362,147.45448013007137
PROP-006784,-37.83613820997207
PROP-074828,78.93271738249359
PROP-083883,527.9003255905893
PROP-005166,165.68231707582356
PROP-083820,267.4606286968873
PROP-031078,72.77944841157883
PROP-030191,385.8856277151673
PROP-064803,96.72246812706032
PROP-078374,-15.933592153269139
PROP-015454,108.86079505991358
PROP-060160,36.142295839322315
PROP-040781,97.60297251086166
PROP-034263,297.0386451229794
PROP-028993,205.5074976489961
PROP-079780,60.54922337432435
PROP-007289,219.08976288591356
PROP-050323,337.11846044883373
PROP-052019,115.52391503106942
PROP-044419,157.4171722702614
PROP-089186,244.5481322547828
PROP-054579,220.63812876372785
PROP-012905,73.58273835064054
PROP-005348,24.9363562503773
PROP-057939,201.66041786750884
PROP-050477,27.23462247325825
PROP-064514,96.12940183102819
PROP-091826,143.85719194579553
PROP-005737,82.24276681077461
PROP-072130,65.96780636499334
PROP-026000,151.53089344353052
PROP-022362,223.33476252654845
PROP-015797,238.2144762135772
PROP-080747,262.58467411095285
PROP-069403,280.1038963712381
PROP-061260,121.59403177600984
PROP-016789,199.77945397997422
PROP-066836,22.33123465128945
PROP-019540,69.17824916124803
PROP-007047,302.0733267205758
PROP-032454,65.42800441293359
PROP-098834,22.066142175311356
PROP-021696,146.46066108659676
PROP-072312,101.73146130090218
PROP-052057,86.83019191283262
PROP-012998,178.1483427128155
PROP-025370,75.83019596890585
PROP-015155,218.04339046810722
PROP-049728,95.33255111365185
PROP-055906,100.05768359315803
PROP-075567,-1.8927732719235344
PROP-019895,-62.65403346658361
PROP-013382,378.61969862646214
PROP-076214,17.391782525754504
PROP-068050,63.66953404364485
PROP-012414,89.42015258726632
PROP-072182,183.04720035288435
PROP-084698,131.26458239340934
PROP-093599,46.95369725534958
PROP-019724,91.83107316359221
PROP-072322,2.392224413710153
PROP-030262,-7.983477176684464
PROP-067163,73.67485013952748
PROP-048381,219.4081139970548
PROP-015232,72.6363990864987
PROP-052410,370.3193264708866
PROP-002295,186.4745479547588
PROP-069409,141.8652237214707
PROP-032561,250.45722909391688
PROP-096007,338.29792021993876
PROP-071838,110.01310387534835
PROP-081111,339.3719731197415
PROP-038211,46.13593046628577
PROP-067708,32.8795646652316
PROP-046761,221.57868773057467
PROP-093490,95.34664967710874
PROP-021417,146.1234869087892
PROP-055800,28.136150330551683
PROP-055421,66.42206845922206
PROP-076454,14.978793093541995
PROP-086995,319.7950809447783
PROP-082820,178.27576463981546
PROP-077992,27.10404709818991
PROP-083980,18.02475881193027
PROP-047008,-16.672092349748787
PROP-040818,321.0556280948945
PROP-000946,165.19056452176127
PROP-035922,276.1849905933263
PROP-034352,125.70081933131637
PROP-082706,156.0289870963315
PROP-040326,178.2557340202122
PROP-031516,123.48022523303304
PROP-091855,193.25669643238768
PROP-058697,67.63373736938837
PROP-098193,265.8676635466277
PROP-090037,113.19829440003937
PROP-018334,283.0266161274389
PROP-090008,279.21423244692716
PROP-053570,58.09872512190309
PROP-016731,8.014564478694595
PROP-085906,282.4637342807064
PROP-010071,76.73713997428493
PROP-065391,280.85924487570173
PROP-016989,289.3859192623556
PROP-059399,39.8831228404497
PROP-031423,30.00007890464518
PROP-003817,120.18404718551628
PROP-088831,287.21310331550166
PROP-047528,191.49420621919717
PROP-092779,175.51399762099328
PROP-045179,216.18429565201998
PROP-031126,65.88608711374539
PROP-045550,26.91760161718461
PROP-079874,9.962227547065822
PROP-009332,-29.13375740194477
PROP-068480,543.026239764139
PROP-078516,199.87301556628654
PROP-056722,313.3364780544059
PROP-073802,-57.51197251397771
PROP-005876,224.04186282629067
PROP-092355,360.41081578018714
PROP-061677,3.582290453987584
PROP-010225,162.94598252574127
PROP-029654,88.7410315359121
PROP-044530,421.46232832355213
PROP-011382,70.53379723510872
PROP-014182,84.94442719862393
PROP-071637,-19.323281978712274
PROP-031391,176.5015764551098
PROP-011366,146.08872742194734
PROP-055942,229.45075086219788
PROP-013272,4.768062543486396
PROP-048579,100.99701598423462
PROP-026617,260.5612873493424
PROP-029099,103.80752029697399
PROP-057253,-1.5210385281178365
PROP-000258,142.01820953793236
PROP-035143,250.04435623375974
PROP-072993,256.3289202753583
PROP-058756,181.4626581135895
PROP-065623,415.33013460905397
PROP-051375,81.8225336713055
PROP-017343,91.74298521742669
PROP-002872,342.4060387944341
PROP-021026,186.89863861768166
PROP-043040,206.2379396237556
PROP-016498,20.501785209187396
PROP-027647,178.99573879618657
PROP-046589,80.943994514802
PROP-093616,83.90956047214364
PROP-097476,119.58942030942677
PROP-039632,102.95597775668287
PROP-035096,115.99720854898001
PROP-060435,288.07540100767613
PROP-010844,5.0502410032179945
PROP-017432,-2.299905489364214
PROP-039477,143.39376130116545
PROP-058989,50.527515469250204
PROP-048701,430.0816546772278
PROP-008691,225.3064964800454
PROP-050297,48.38725750764463
PROP-046814,-24.766064004528005
PROP-088541,59.82569923640305
PROP-083573,68.46644473042123
PROP-031931,118.8832191901526
PROP-069415,215.92323221017722
PROP-043961,69.4275567049826
PROP-088145,310.6869904486695
PROP-097670,140.38259076992202
PROP-086563,62.73278833964112
PROP-050528,203.52184604363242
PROP-031374,409.0321655491209
PROP-064070,38.61825939926127
PROP-038959,105.93225544977855
PROP-066551,242.17951562642028
PROP-003938,122.39875501595088
PROP-028695,196.18608249406793
PROP-090344,34.07095772373909
PROP-001922,19.604918133214824
PROP-048658,176.61418661396598
PROP-029088,173.22992052308675
PROP-051585,448.3635483743561
PROP-009710,165.69329830847528
PROP-043785,127.92460315958786
PROP-089383,38.778424744374256
PROP-038412,25.57499683353732
PROP-082144,344.62957535828525
PROP-068182,76.8879904636122
PROP-021722,202.80231326847166
PROP-089357,144.40079547142233
PROP-080330,286.4942164262949
PROP-070565,160.2075370452106
PROP-026800,-27.922767698221392
PROP-019594,267.44949941301314
PROP-055842,289.85852199928934
PROP-013983,100.76709781330473
PROP-081808,106.33269913843951
PROP-042769,13.946105229512469
PROP-028920,97.73732873932643
PROP-026946,150.18495062452106
PROP-050241,226.6093785889781
PROP-022703,-3.52741219269123
PROP-006306,143.05752510402112
PROP-069223,-73.65309055224662
PROP-093641,441.07644025063325
PROP-017992,161.31898842258974
PROP-001547,92.1971053902848
PROP-032021,-20.06826703772293
PROP-094570,9.5643080889167
PROP-014198,363.472759085622
PROP-082762,60.33530690310961
PROP-031435,35.27018664742447
PROP-078811,80.46081408536986
PROP-022852,93.1734266099537
PROP-092588,222.76773943539638
PROP-052776,60.4228265330912
PROP-036083,252.40372212649
PROP-036464,526.4894831752763
PROP-015865,-17.296170201145703
PROP-019936,184.90369669917544
PROP-083435,127.61084534334955
PROP-017400,124.27298023020619
PROP-099062,167.62784638509132
PROP-093822,278.92520642949614
PROP-080599,275.8941701715844
PROP-024024,19.514499844697806
PROP-080994,-21.671109982238598
PROP-087604,205.60792434716927
PROP-084996,60.260612960818605
PROP-031350,90.97473710634839
PROP-023974,180.3465165539501
PROP-001419,271.21229291334896
PROP-031118,202.81025960517943
PROP-010389,61.60285817804791
PROP-079478,363.2542369348393
PROP-021378,365.8371796481869
PROP-016356,-34.128472764106945
PROP-061276,193.11321078513083
PROP-093637,108.17934024198286
PROP-083674,198.61516564023776
PROP-004422,219.71764679568685
PROP-053051,126.84766038516861
PROP-057737,277.9640454454636
PROP-020377,22.86243660566062
PROP-018362,128.895405694715
PROP-066366,17.34505039588776
PROP-078360,279.5160721936562
PROP-020838,180.3342848112759
PROP-059472,279.1318021036474
PROP-088639,111.13855712149422
PROP-049055,129.73956764884372
PROP-079705,64.1650258583209
PROP-091641,240.7024698762749
PROP-030342,223.72501373965392
PROP-071205,280.5162162609196
PROP-010591,88.04422802826431
PROP-004245,35.035385795325794
PROP-044072,67.64233947359054
PROP-031272,52.91015162053309
PROP-090286,32.14328673907582
PROP-015013,268.3878923481388
PROP-024870,144.82354749849935
PROP-030458,22.20461458376897
PROP-038062,144.94812039058468
PROP-054137,194.66547613974166
PROP-078088,66.10507206097091
PROP-052620,307.93551374482973
PROP-017364,182.8388067676562
PROP-014107,139.80614544896954
PROP-072800,-9.795857336332794
PROP-047350,106.19153745983996
PROP-035403,182.70271098470735
PROP-034574,250.72911476555012
PROP-058255,40.50515265655898
PROP-021749,103.24506548382101
PROP-069151,223.34948784977976
PROP-068853,191.4782088370459
PROP-002814,120.54429002021882
PROP-092361,113.8971195888008
PROP-050887,128.66031070779036
PROP-085877,81.04401849049847
PROP-037514,285.6159327784302
PROP-095127,49.507548859671004
PROP-025961,181.3496727923993
PROP-027540,130.1855852836084
PROP-093459,314.88783785795783
PROP-075372,68.50541972704012
PROP-038822,229.2180717152188
PROP-056773,385.86862382087946
PROP-092659,358.3839387545796
PROP-052297,273.6452156309648
PROP-087509,-83.13044740707676
PROP-009514,44.29077887058968
PROP-031116,273.5394965243373
PROP-043006,220.09338379264693
PROP-077477,13.724799160993953
PROP-038050,202.33422477181523
PROP-076683,45.0578893480027
PROP-007925,-22.933192485436273
PROP-066348,245.14763292985907
PROP-018163,64.57275097465458
PROP-061020,114.27981954473628
PROP-082689,19.055916480001173
PROP-010981,35.61471265593717
PROP-035006,62.42768482840445
PROP-048096,268.33107408631247
PROP-095358,79.37029703037133
PROP-029473,-24.816791348911423
PROP-009561,163.4973026889354
PROP-028230,88.51045501923969
PROP-012915,122.0155779480051
PROP-053810,193.8540936985476
PROP-070029,-42.71922186352179
PROP-031611,127.47487060418904
PROP-032604,239.0364197523781
PROP-097831,38.38695948776396
PROP-008556,222.725818381342
PROP-045035,77.18231757327933
PROP-035942,171.89702049076396
PROP-042285,139.7074096963092
PROP-021950,78.91668941376238
PROP-032301,166.55335527178428
PROP-078246,199.17378217518242
PROP-089400,87.06874975903834
PROP-079359,96.24771829045936
PROP-086201,151.01256003880877
PROP-016589,-82.4501249108811
PROP-044301,273.00371697382417
PROP-055445,72.44670604823804
PROP-024529,150.78008871944945
PROP-058442,32.127492176674394
PROP-057518,-4.213875727571735
PROP-015253,80.68275403472103
PROP-097385,317.7828654856405
PROP-036703,118.94306605276626
PROP-097799,57.54597141239436
PROP-078886,-6.839389089335569
PROP-058314,303.88540494251754
PROP-045921,127.96558539803915
PROP-068794,2.0472973093251134
PROP-003147,33.205807190824835
PROP-001534,221.33235408381637
PROP-082621,161.66087822288432
PROP-006656,0.10790163633818128
PROP-004520,25.053023338567257
PROP-007526,-43.89530887023038
PROP-083290,14.976677500955642
PROP-019534,46.266129515185256
PROP-022670,186.38265830595924
PROP-006481,144.06343007265846
PROP-060283,224.7541419824147
PROP-092875,48.578397882761564
PROP-035860,289.86989171488034
PROP-079514,231.13215145013538
PROP-001336,30.002620876916133
PROP-073976,19.766905080206453
PROP-022953,2.4151354916317302
PROP-067914,184.78445233737156
PROP-078432,87.81790168866668
PROP-010305,-87.58446283837327
PROP-072580,-6.428894698122232
PROP-067545,347.6554508703556
PROP-040537,199.40659017720006
PROP-014793,362.1304337405824
PROP-093214,327.106843895797
PROP-009779,110.52388405703842
PROP-058722,128.46124100576895
PROP-015944,139.43658662387512
PROP-086205,52.92194188498972
PROP-060991,165.8683135217994
PROP-003326,15.782508976627305
PROP-095874,15.799314059832263
PROP-012869,130.11591063485773
PROP-019103,131.80849760063987
PROP-055702,141.79508674474965
PROP-003291,63.51255720674945
PROP-061600,246.50285301904276
PROP-068248,39.73551075488986
PROP-097952,153.3582258168628
PROP-051205,73.79772127942317
PROP-044406,-17.39082238132392
PROP-086923,237.76393319469574
PROP-050750,75.95452746557726
PROP-056890,104.06928448389331
PROP-071211,61.6075588080055
PROP-024349,65.10077721913976
PROP-041650,-40.928869549310924
PROP-076759,341.25012384646067
PROP-036552,170.1990667370803
PROP-042558,164.26995906658746
PROP-062254,60.215094013248155
PROP-040165,168.7793041137741
PROP-067621,-43.05357279142322
PROP-073783,108.11442737822372
PROP-031432,53.650722716966065
PROP-069070,117.048820469536
PROP-040632,173.2500863819854
PROP-027773,92.7527398819607
PROP-086199,187.73071450786617
PROP-078898,61.70339300770173
PROP-028128,61.58143770573845
PROP-016722,116.44101128352841
PROP-081965,133.06233770039
PROP-085596,272.88098639915495
PROP-024443,138.2780663625382
PROP-075985,22.383979361421083
PROP-018703,102.13401211334967
PROP-040175,-3.0391486548217976
PROP-093098,221.19400861387874
PROP-016752,260.9400797890362
PROP-076843,-8.699482765021715
PROP-061945,54.77745699068525
PROP-097063,151.34079379283742
PROP-014415,331.0125990035009
PROP-086065,213.89427458843252
PROP-045380,45.9055245502359
PROP-066115,292.3571968652647
PROP-090918,20.8839135609591
PROP-077182,59.179221442752095
PROP-026260,326.97977316741895
PROP-026971,46.031464017199816
PROP-016894,95.36033449143729
PROP-083857,33.121733779877864
PROP-001263,410.7846557114543
PROP-037333,101.41123490071193
PROP-015498,232.03661765781908
PROP-065015,53.86192714126347
PROP-066195,-49.11658033965631
PROP-000477,145.0889133879863
PROP-070185,83.43296155062455
PROP-025792,318.94288030177694
PROP-080823,47.12039051504225
PROP-009426,6.878930172041581
PROP-033089,-46.06215470795173
PROP-093443,135.26231553814844
PROP-079596,82.34171502148368
PROP-019146,-13.767794056047798
PROP-081186,168.9669878764206
PROP-013535,110.3702732810476
PROP-012349,38.77197252532322
PROP-092773,39.361638073317465
PROP-032206,118.73815851417285
PROP-045709,22.298889112064828
PROP-068205,112.69824839831634
PROP-077080,116.92092115568127
PROP-077275,126.37363755416504
PROP-022118,323.57188581127775
PROP-095704,203.95270554194474
PROP-025805,70.30111139118327
PROP-064989,57.60524628985254
PROP-022006,142.57033696733794
PROP-075158,62.177069162909035
PROP-081586,66.19259935433682
PROP-072122,149.52110068511803
PROP-095990,124.2211388277745
PROP-031942,44.87885630484908
PROP-030703,475.0816786007832
PROP-054249,279.958334183397
PROP-053454,197.96292708421254
PROP-064567,88.66564668189416
PROP-086655,58.92486732037041
PROP-098595,127.717487326968
PROP-065686,278.7427951021597
PROP-067892,15.442882397386292
PROP-054439,70.60396878347747
PROP-063217,157.38298488807675
PROP-053913,75.9875688417966
PROP-084271,322.6124367733513
PROP-051656,13.894391823367926
PROP-075517,155.61442774018604
PROP-029619,66.1181725985664
PROP-078618,296.01854690436653
PROP-040948,198.7042161364157
PROP-021002,295.9250031180322
PROP-081331,267.6298810814185
PROP-068619,329.46067103493755
PROP-069465,145.04768962673234
PROP-011757,332.42755306950176
PROP-076424,210.47931884966033
PROP-090647,170.29111341903604
PROP-065387,81.43004528765991
PROP-044132,5.686319209777494
PROP-020077,112.37330486417498
PROP-003158,-32.7012673187504
PROP-019597,-20.440550286333888
PROP-053390,204.60579206002456
PROP-046710,86.04550463183921
PROP-061544,58.208225443376044
PROP-016147,-23.37512458076676
PROP-090676,163.44436562207656
PROP-031410,29.505992279015615
PROP-087737,494.91047703920975
PROP-022631,462.18071722311964
PROP-069118,154.88803942705613
PROP-072220,29.59656949253021
PROP-092477,198.72616622058246
PROP-076805,-2.6132902553485486
PROP-048222,49.78570781634892
PROP-072024,58.93442905215781
PROP-009744,87.29262521717433
PROP-002488,376.9692568630237
PROP-073636,27.65845393052729
PROP-088903,107.57009493941247
PROP-064477,212.09774634385596
PROP-025300,-79.92075654886281
PROP-063503,-19.95870068338101
PROP-047072,228.88311023695348
PROP-041968,133.60644301093993
PROP-039384,287.8542176113776
PROP-053532,205.8871212332709
PROP-079547,284.26878642487395
PROP-086457,126.49225800252674
PROP-015449,275.7267604906497
PROP-090099,149.75151340930444
PROP-046951,50.37798482367424
PROP-088460,161.42080106834445
PROP-087418,-4.712098143520116
PROP-071598,63.894280093077384
PROP-074535,174.14649065447983
PROP-000284,7.267873533518522
PROP-077350,308.19722440009633
PROP-071174,342.4554796726474
PROP-059843,-30.108026432058963
PROP-050243,342.34022911657667
PROP-000502,149.7110470709136
PROP-065783,384.5081957472382
PROP-093663,220.70167766859504
PROP-094290,306.2886603752474
PROP-067240,300.59580550654175
PROP-037283,161.32812751505455
PROP-079857,467.0197444217963
PROP-091416,-11.38809747315955
PROP-032813,44.82576957686588
PROP-030504,328.0796042086633
PROP-040079,117.30115024861584
PROP-036808,461.7173755945088
PROP-084238,-24.138671914652086
PROP-004566,469.55076039560936
PROP-014110,125.28155573095933
PROP-009902,305.0177535983288
PROP-072095,120.72963462466439
PROP-017109,94.42254589010592
PROP-076241,-44.47234522149941
PROP-090092,30.60022613017906
PROP-005470,-29.220774104863352
PROP-068268,272.43840408550994
PROP-049497,-3.2006609884866712
PROP-070024,-53.058360695182095
PROP-003433,24.447570458413814
PROP-098394,117.51206302836316
PROP-080491,133.63058514500628
PROP-049776,402.3683145073611
PROP-080333,-14.07636512717638
PROP-087837,21.05014708393824
PROP-051947,-11.236279208219102
PROP-036591,-21.3195458887518
PROP-085302,377.1745096764008
PROP-051850,45.42463308893648
PROP-010926,64.82127571006436
PROP-078070,69.58958111770009
PROP-002823,41.11270334550112
PROP-064431,331.9601845324146
PROP-086176,293.2956781696484
PROP-087815,180.5901399070938
PROP-058342,97.41562366174227
PROP-062131,16.288732654941253
PROP-077252,285.6209954871119
PROP-069158,137.07824970107956
PROP-083972,59.31093888180044
PROP-069149,264.77722819294274
PROP-062283,99.1436204029
PROP-091549,12.618066764318879
PROP-090923,22.724597941209822
PROP-087043,144.87527096608335
PROP-082970,143.93878818722385
PROP-040431,-4.356563349520354
PROP-042308,89.00484294446193
PROP-072825,73.6032291519947
PROP-052724,316.0316962847819
PROP-001794,133.43573827322166
PROP-071296,-38.641653131208514
PROP-083577,45.60231160069561
PROP-078592,148.5934202663909
PROP-065008,242.39219986941495
PROP-071177,30.958521219533466
PROP-093469,45.48247196706558
PROP-024410,90.15760196082192
PROP-040306,309.21515272564596
PROP-071614,76.71156793233285
PROP-097129,223.34757702504416
PROP-098969,62.292992698046945
PROP-029217,17.225150368885142
PROP-042892,68.9539853091486
PROP-001724,155.74171884422842
PROP-059905,122.61339212961977
PROP-016971,223.52162921348395
PROP-067725,49.66860065149473
PROP-078057,305.9685179118802
PROP-009217,294.54150100160183
PROP-075212,56.97740061727142
PROP-049429,236.0196863514584
PROP-086066,205.78906483767437
PROP-094841,228.17333545967819
PROP-003969,-11.166165711334832
PROP-014231,192.294175586095
PROP-037268,22.0267898487944
PROP-011624,177.9397298847075
PROP-020577,31.028098050525976
PROP-053402,61.47304932945
PROP-084115,-39.38921044197107
PROP-082127,37.90455539147784
PROP-058503,222.28218971983154
PROP-054322,78.70093942568946
PROP-015757,29.729304788352486
PROP-032552,-51.40405664714528
PROP-072108,435.8126001836308
PROP-063647,285.7601900568833
PROP-030675,25.267628856956343
PROP-073401,188.63229699533315
PROP-024962,70.19559347674956
PROP-073626,41.97372587267711
PROP-037569,144.54009941167672
PROP-073156,119.16774712615846
PROP-028683,196.7538265395414
PROP-087465,156.36065946389465
PROP-009079,146.51628650864632
PROP-070573,100.72191923865633
PROP-021140,117.73640735037372
PROP-045240,66.35787213420222
PROP-065284,210.46037715749966
PROP-039871,35.01958435760078
PROP-073528,64.11255285149288
PROP-025614,63.051920638348165
PROP-049388,97.1862818185925
PROP-043348,-0.2912701922125862
PROP-097202,84.29391309440204
PROP-008310,210.39650501752175
PROP-012716,370.3987486236681
PROP-007186,83.02634491697064
PROP-035262,229.71805649532612
PROP-076051,278.8337140607156
PROP-027820,57.61536955156787
PROP-046073,36.3720482630318
PROP-073715,328.52302772210453
PROP-038587,37.53883774327886
PROP-041757,-33.84746528246274
PROP-050947,-22.434844106352084
PROP-009894,203.06446023735353
PROP-004851,448.79813703641565
PROP-079784,30.891009152967033
PROP-047508,394.07341417427585
PROP-061757,2.672791248148534
PROP-083527,65.80449681499252
PROP-023120,-15.25737019397728
PROP-080985,355.8328354419983
PROP-046477,150.73768699049873
PROP-051818,157.0847250549738
PROP-023429,-4.829301677452831
PROP-087480,337.5443848988512
PROP-099187,62.42313149500848
PROP-018571,125.19657953262765
PROP-033681,102.47813868448432
PROP-009955,35.02780127991038
PROP-013988,7.910315282239067
PROP-052099,21.1725113045338
PROP-052986,10.534942930207436
PROP-018034,20.956105920082397
PROP-000287,225.0698382346344
PROP-032246,67.82163949327054
PROP-028700,125.2282048582122
PROP-017079,112.48398378421437
PROP-050431,-45.88592380130624
PROP-047822,27.881758546299583
PROP-072636,16.752382987983815
PROP-063746,362.8688141655685
PROP-047835,55.322367517041734
PROP-050147,63.75625311105108
PROP-004270,126.143876169079
PROP-021853,276.3871066717023
PROP-046925,276.1016866424986
PROP-090631,-74.67053982350949
PROP-079936,449.04444105092307
PROP-045235,72.55137503684513
PROP-005857,-17.642747719217706
PROP-044096,66.20277051693769
PROP-045025,153.59192184201936
PROP-013967,134.34110269137958
PROP-015833,105.34108747611185
PROP-079471,-53.61300243539333
PROP-026941,210.8387045660272
PROP-079196,258.52999335195057
PROP-059449,14.495748250071244
PROP-046123,252.14437312313748
PROP-087119,243.73516545720798
PROP-084472,95.55406174439923
PROP-051829,-17.18166054334202
PROP-047655,174.84908080399984
PROP-073627,111.87621409407372
PROP-095866,142.27520577338495
PROP-040827,-37.171536338965886
PROP-019468,147.1802205536588
PROP-048002,62.32260762719289
PROP-080124,59.34274384833715
PROP-066572,84.39270692143089
PROP-022900,233.30853127785124
PROP-095883,203.2225534857075
PROP-061016,138.72120003980308
PROP-038908,99.60370830601241
PROP-081488,290.51253968376216
PROP-039369,113.11684096316067
PROP-064976,415.5011680581698
PROP-065887,-75.06253469061085
PROP-070451,191.26959813802296
PROP-052176,261.21568576137224
PROP-098198,399.1891099263705
PROP-084317,76.33853795669664
PROP-096320,56.22255759821412
PROP-098398,350.80301361049646
PROP-067863,405.4881839453152
PROP-081054,103.27969751546738
PROP-067858,22.11992442992704
PROP-018151,90.20884273369991
PROP-024225,72.0872061550728
PROP-086712,141.48904116842976
PROP-085174,83.9565894051299
PROP-033990,94.11411895462206
PROP-042427,-25.23555401285843
PROP-087888,216.20825272579168
PROP-056581,164.46297642326093
PROP-008539,171.08587017702817
PROP-017410,92.1459760532754
PROP-044541,235.3338076694475
PROP-013154,69.13999763430986
PROP-085651,160.47572745327608
PROP-043066,61.28829124745264
PROP-036428,-48.8417836711717
PROP-047960,23.249597780924148
PROP-034030,76.91505762134497
PROP-075699,35.68676222573441
PROP-015688,286.63889738625204
PROP-016827,205.28242544858313
PROP-018441,15.095354938283588
PROP-056426,62.939071943335605
PROP-071587,71.78780846499438
PROP-061953,16.66634165274214
PROP-044129,122.18096646783485
PROP-015984,201.32144106864024
PROP-060217,29.236105542666515
PROP-051165,204.32926040975218
PROP-026228,172.9828668301206
PROP-014232,345.88571410494694
PROP-006813,58.5803055779241
PROP-058110,140.4058631048501
PROP-038656,103.42305060793913
PROP-064502,-10.005277201507035
PROP-037098,14.732990347749686
PROP-061775,61.30744486405185
PROP-007123,143.18673932544976
PROP-002376,138.36571140688358
PROP-011376,234.62644629234896
PROP-075570,41.864596119287114
PROP-011899,-75.59830008222659
PROP-099450,276.33784463752306
PROP-073271,206.78842668578034
PROP-021137,58.290882778330975
PROP-090061,178.21610759773273
PROP-090353,45.65117554114721
PROP-008730,79.50433572390706
PROP-060689,6.972358242910526
PROP-067851,88.46557638223614
PROP-061106,264.8615108224096
PROP-018966,249.33775712073253
PROP-022367,23.332376129277293
PROP-057644,207.31203552626766
PROP-071751,-11.600978856164689
PROP-072940,60.26260680739381
PROP-005437,67.43205025646031
PROP-049661,-1.3687689208516645
PROP-095444,97.45095598999879
PROP-013821,53.89843236454129
PROP-052043,43.38021672851354
PROP-041107,85.75615610916249
PROP-033513,145.00725142391124
PROP-014115,9.204679956808121
PROP-003686,-8.851506683925216
PROP-083735,-1.1988308047419176
PROP-073716,146.6914283299232
PROP-009010,3.571836988779122
PROP-005468,95.68755606898657
PROP-010965,392.2426143098097
PROP-020928,465.3964034578821
PROP-044403,62.64189912544246
PROP-097400,174.54388842712495
PROP-078506,207.23161510772383
PROP-056294,20.25862282640271
PROP-027894,220.65513510258518
PROP-035720,71.39932928403582
PROP-055052,112.6624069966583
PROP-029308,131.59180647681882
PROP-084673,209.511549897186
PROP-008401,172.23056917259333
PROP-047006,16.324645405442155
PROP-089262,345.95318044529097
PROP-018534,35.97653094990078
PROP-077313,152.4454450583384
PROP-054874,20.433549365177704
PROP-080364,168.7692801236523
PROP-020326,326.7456667997832
PROP-024343,27.78625008492294
PROP-031823,74.12264046732665
PROP-004545,-19.567728526874188
PROP-016654,76.34418485352927
PROP-019075,528.3682435640534
PROP-000997,56.755262493659366
PROP-023290,-24.62780273558665
PROP-083004,84.99653450941224
PROP-066059,-24.696088813567915
PROP-039285,-30.648313217391074
PROP-031282,68.82100337105194
PROP-029856,215.56232539654266
PROP-046722,290.59581383673026
PROP-027135,429.2513433986593
PROP-060205,322.0164464814176
PROP-008237,368.9936552781289
PROP-029833,143.34183256301586
PROP-000644,103.97545418152883
PROP-043989,-64.30546091851149
PROP-068760,75.446339301603
PROP-008944,129.05601464070492
PROP-039555,231.70453920255108
PROP-046390,-34.31854881142446
PROP-021967,39.33321358319158
PROP-038598,-19.91720827931092
PROP-097208,141.65340600240802
PROP-053180,507.3766415756752
PROP-029539,101.03890018846985
PROP-006086,51.59486880543494
PROP-037761,102.55544953696148
PROP-015524,151.2197116111916
PROP-074410,285.7870157573909
PROP-011224,48.12369958331091
PROP-061858,30.729467754213733
PROP-017124,271.4402352925415
PROP-063027,182.3765485323441
PROP-004818,208.937786129669
PROP-089589,300.44554120079783
PROP-021556,150.95387565726037
PROP-082426,-4.5515148806649455
PROP-028241,243.43296400640503
PROP-030950,242.23127812425912
PROP-051553,239.43108804112268
PROP-051207,292.6268656966803
PROP-016855,258.5140725753252
PROP-038876,51.38922801264299
PROP-088473,320.6613099595198
PROP-016339,-7.476476813800339
PROP-088302,161.94220158101155
PROP-058034,285.4315157770885
PROP-087741,134.99701269467317
PROP-015165,238.24429357869963
PROP-097555,3.5628819104837106
PROP-095694,-13.392440503854369
PROP-064950,281.16406715567604
PROP-031392,151.00801445150108
PROP-027023,148.29093601491016
PROP-073378,35.27183565996728
PROP-055785,300.2094952542116
PROP-039879,237.00438861497975
PROP-089410,37.873529786181365
PROP-080644,38.65249242503771
PROP-071305,105.20905124341238
PROP-055418,66.9639334062849
PROP-082713,300.8318086066034
PROP-080220,163.19334709308998
PROP-035271,22.2965373392556
PROP-002320,54.28214251095956
PROP-053881,-20.750745703569155
PROP-010274,232.00594401792895
PROP-000223,124.16371303843854
PROP-030100,271.642328929752
PROP-035890,289.5999795865954
PROP-073080,82.47961758959751
PROP-047058,72.81556706739109
PROP-099489,135.4114992753935
PROP-092949,16.211291933135758
PROP-077045,-10.796823231363078
PROP-093679,-16.54036400847245
PROP-016811,153.26763240841962
PROP-034029,48.765630868424324
PROP-098827,54.47473503340697
PROP-048001,120.35448454642261
PROP-009988,44.068471541833944
PROP-073342,54.76837086413403
PROP-005697,113.86640877513278
PROP-057580,82.2044819327375
PROP-009950,138.70957806894836
PROP-086512,84.18521621174501
PROP-039270,95.82699441184079
PROP-062666,76.32943986412846
PROP-013466,319.5863273587225
PROP-024517,105.83477618614987
PROP-080153,173.88811272942112
PROP-046407,137.8240346378402
PROP-013703,-10.465438159948192
PROP-051687,26.146971972871086
PROP-093986,248.13571371551825
PROP-037656,98.19027542164787
PROP-044845,60.6577813264182
PROP-046742,197.2823914813424
PROP-041770,92.47995400575452
PROP-045549,173.9677226144541
PROP-079989,92.74460534522962
PROP-044018,176.1862035580488
PROP-024077,129.40915905712646
PROP-003710,22.736871246228482
PROP-026767,229.59869523719192
PROP-006434,30.18911515454856
PROP-096544,30.976279642480804
PROP-081507,325.0865938232648
PROP-007530,51.57655779831976
PROP-036310,53.26908495490217
PROP-069249,201.31372098401306
PROP-007299,48.39421244549625
PROP-092365,149.3508581335542
PROP-015451,243.5015062020142
PROP-027341,145.27429601247053
PROP-051926,98.26752269276909
PROP-092388,52.61513049717578
PROP-049177,47.827105534743005
PROP-013928,278.3868592762553
PROP-074073,27.80350645627219
PROP-034813,251.9749353681256
PROP-024639,124.38311637673397
PROP-051300,74.69450941190402
PROP-024350,160.31876704922033
PROP-017207,370.5496737957049
PROP-054256,228.42088712502024
PROP-098751,267.8613511764721
PROP-006017,27.275820147928037
PROP-060474,316.20739633631285
PROP-082847,139.948409843182
PROP-009873,293.8727912283373
PROP-076700,140.27976825061526
PROP-014589,290.13331556324357
PROP-046905,23.695012733245306
PROP-081437,75.92131559475031
PROP-069770,39.899016168353995
PROP-028392,145.7218918388392
PROP-051577,13.988078679682673
PROP-086247,17.187958799362583
PROP-003345,377.6874645325433
PROP-072190,231.66939980872232
PROP-088990,136.63431494329876
PROP-095757,-39.04741222016335
PROP-099043,62.749265337074846
PROP-045874,397.7419472838211
PROP-086559,203.85439805937705
PROP-095317,192.09284138959248
PROP-007086,-9.285449459377396
PROP-067807,29.91253004225309
PROP-087318,56.428347604320535
PROP-042704,13.389922017372868
PROP-030718,340.52064988471864
PROP-071951,110.75907978188832
PROP-012680,143.3964062258229
PROP-006746,160.3036565051883
PROP-038224,65.00709860083637
PROP-080211,559.381661588916
PROP-085272,143.21920470086167
PROP-042066,111.95062125395476
PROP-018409,75.6327496219821
PROP-039627,82.45626962387925
PROP-005184,268.01790981499505
PROP-039638,456.95278273780355
PROP-057022,290.23411178926784
PROP-038912,58.00128956052713
PROP-025355,31.310481277939246
PROP-045972,230.95590461251754
PROP-078733,-21.506834456082373
PROP-008621,32.0491130271019
PROP-043978,84.04761877015102
PROP-059942,267.0726392338263
PROP-080581,152.9063265953408
PROP-023397,180.44131461450957
PROP-035986,108.76422092723422
PROP-080922,175.35719689695725
PROP-056456,117.76662646888109
PROP-051953,215.2075179001908
PROP-077283,274.79548532803705
PROP-017088,339.18562280897237
PROP-096679,72.4960237844475
PROP-037911,238.7980706186916
PROP-000310,20.72971379927239
PROP-044433,51.577245102028
PROP-015322,58.36934426858578
PROP-017990,266.13999026119916
PROP-075715,110.72352594566549
PROP-053109,102.15083351552816
PROP-033660,70.23232653239107
PROP-018487,27.979949070373287
PROP-080056,41.85924538399169
PROP-074026,364.0178789393835
PROP-047885,275.00139386242915
PROP-045078,27.18582393781619
PROP-074509,146.1465771593123
PROP-095853,251.5264327463355
PROP-028455,311.55927822645805
PROP-075790,61.56794012808981
PROP-094487,320.0585490763524
PROP-068598,6.272194997592649
PROP-046743,-31.498001629173075
PROP-049723,326.3425393930324
PROP-016557,162.66464381618152
PROP-083202,-16.366403798787935
PROP-081570,212.19166370586416
PROP-038945,319.8600121351645
PROP-065400,49.665766367174044
PROP-049696,22.38260883699654
PROP-089068,240.49238541617166
PROP-069749,42.0035972939468
PROP-098937,284.97023175000055
PROP-010667,171.3249110172009
PROP-057441,261.2928390462383
PROP-014583,133.78744968937838
PROP-028462,215.30086717458468
PROP-036735,100.39462866879936
PROP-068869,192.15401769239594
PROP-062793,211.7285757771359
PROP-085998,172.89531903590554
PROP-055929,14.609808658373158
PROP-036026,151.00769791214543
PROP-071336,247.48462763590345
PROP-002855,148.8259763597283
PROP-043896,183.34794145974618
PROP-014261,66.30759589372364
PROP-050533,99.57317848134596
PROP-029344,49.371744981928316
PROP-042247,197.99121881305672
PROP-029979,378.3857794710711
PROP-005523,158.25899820229074
PROP-010326,256.48629856478885
PROP-034494,268.9606802361715
PROP-098734,241.36268447979774
PROP-075692,51.681747729552285
PROP-074307,141.78800811237892
PROP-069085,158.33952439206047
PROP-036028,-56.491933235700586
PROP-003273,177.96205306372795
PROP-018233,254.43385710328715
PROP-089614,86.65926597749011
PROP-092357,16.48808874981377
PROP-018069,491.9432294960836
PROP-017959,207.22492858452955
PROP-030066,64.497172036299
PROP-076645,99.11565774280808
PROP-078722,374.61563894274053
PROP-053351,294.1010698747553
PROP-095878,240.99355333317055
PROP-034458,208.5444665726196
PROP-023181,19.38753117783987
PROP-013592,289.400129662542
PROP-050288,7.2650541322979585
PROP-063731,122.79790577164944
PROP-044337,104.89792456201995
PROP-040904,167.8482238951982
PROP-032722,83.89867344355385
PROP-034159,-11.372811260563715
PROP-024504,150.25925102208487
PROP-047542,32.969415406461444
PROP-043633,326.9915187812055
PROP-038315,287.9274924970855
PROP-057468,43.747985014122264
PROP-099025,105.45596802887162
PROP-064226,450.50855554068175
PROP-020286,211.07253108348678
PROP-053050,-11.707891464247254
PROP-047642,127.57803188741337
PROP-081889,101.38503461911625
PROP-053023,265.0772237244691
PROP-052275,66.18784317781973
PROP-048616,82.9904080574408
PROP-041973,131.41785536593378
PROP-034484,43.14367583704269
PROP-008507,35.851844321062764
PROP-097460,234.0237058553885
PROP-014054,7.328112111451198
PROP-099029,145.90343451150164
PROP-006303,-72.92789164932155
PROP-043351,-17.06889093271782
PROP-055165,-19.37331155852297
PROP-017048,10.128336232480123
PROP-009681,80.13644897742776
PROP-003625,39.01306528212113
PROP-018199,338.121586745745
PROP-031948,84.7522764458304
PROP-082978,172.85463134296742
PROP-072320,59.69610205827125
PROP-004411,29.564115447105735
PROP-006654,208.26755841938626
PROP-026075,289.4531850518756
PROP-016861,149.84059165399844
PROP-058412,42.366621140901664
PROP-022968,78.4275860127747
PROP-026173,248.03270682590056
PROP-082415,74.7014891559503
PROP-067414,87.2733932715477
PROP-036606,65.72502553340442
PROP-020976,350.99397607012395
PROP-015926,-11.323469450774184
PROP-075548,17.21806050044896
PROP-002882,82.44259497686942
PROP-074724,346.18611250349676
PROP-079148,281.0044014865907
PROP-094312,263.1851759643028
PROP-084741,31.633807824427258
PROP-017584,36.07607074945517
PROP-049269,58.865131720610634
PROP-090707,90.10643626172036
PROP-034760,320.37316395710627
PROP-076153,252.7305247716537
PROP-097285,52.09795960230905
PROP-096582,6.8292809771059115
PROP-089430,81.2505506809197
PROP-007459,140.59391087322894
PROP-026875,13.196859503144967
PROP-081791,223.88441150583492
PROP-056100,146.99131016815028
PROP-029354,-70.03063776756909
PROP-040365,61.69640936911078
PROP-070634,78.19655167714237
PROP-055383,76.34806186341734
PROP-008024,118.33448925000782
PROP-015563,258.09336747924385
PROP-028486,225.35036836057566
PROP-065901,92.87962386079224
PROP-075885,-26.889512181420862
PROP-078424,93.95773397486327
PROP-092904,329.48616705154075
PROP-044809,103.30020794690496
PROP-059739,333.9240443594236
PROP-095924,245.39360284082008
PROP-016123,94.16448895822087
PROP-038857,251.90203303478216
PROP-066287,230.6073031858436
PROP-094187,185.64226287480597
PROP-004365,189.74442957705372
PROP-050367,123.54922660803848
PROP-022396,76.8706278296576
PROP-016137,282.139648156704
PROP-015502,208.93516568773902
PROP-020484,65.6022702736019
PROP-038110,231.5301901911077
PROP-028613,124.75553823607882
PROP-034250,-50.7112012612847
PROP-078612,4.419626301735384
PROP-032040,33.46614891267634
PROP-043251,36.7683331256286
PROP-022158,-46.59930939197818
PROP-022325,104.53843183345731
PROP-073020,486.17440986318775
PROP-009313,178.0566431724231
PROP-075323,77.93381454807735
PROP-060175,-10.098666594738422
PROP-002379,92.9552672174932
PROP-064389,340.3526108310643
PROP-063021,138.87223326207112
PROP-001966,112.91278377381663
PROP-099614,31.388786932943532
PROP-066032,45.1356459456661
PROP-045245,437.9717164361749
PROP-053874,-25.947256943065085
PROP-065988,202.54252038139265
PROP-052913,208.19231853529112
PROP-027658,62.41285065319202
PROP-071854,47.161389293233256
PROP-044873,214.95790545183243
PROP-079794,87.51981765135568
PROP-010135,161.6153466197476
PROP-091675,65.17195363238315
PROP-031946,105.70761613950378
PROP-057861,329.9279659171051
PROP-013887,200.3986162010717
PROP-063907,-11.003935705205834
PROP-091586,145.4724872694646
PROP-072157,-33.54028921671221
PROP-096301,321.5006285307584
PROP-065742,62.24662003737546
PROP-095293,19.642424966855124
PROP-096648,63.28560504615938
PROP-048402,252.45651245508128
PROP-041559,145.90726858688976
PROP-037074,76.34104677074708
PROP-098497,106.65607735538048
PROP-030196,458.4109608816809
PROP-057564,101.91573217621445
PROP-052086,23.7720937732758
PROP-051086,97.77885511890776
PROP-015482,83.79307944921446
PROP-041978,78.80173302747156
PROP-076312,344.0934635401751
PROP-080438,231.43406796314906
PROP-099168,28.315593938690306
PROP-095325,105.66737113419948
PROP-079942,62.004115206704626
PROP-002057,12.039818248781378
PROP-051946,32.91808641761973
PROP-038956,159.88886428276567
PROP-093952,87.82593889601573
PROP-061712,272.1901190457371
PROP-090499,76.92859406432186
PROP-021733,-47.42497753623796
PROP-097214,237.5514624260798
PROP-064300,50.59113009830233
PROP-040023,68.87080117291158
PROP-025244,22.121166418949972
PROP-047627,337.0987848219428
PROP-077794,273.1736223370377
PROP-062345,185.9478362320829
PROP-094853,165.24271800437973
PROP-006025,44.85519155926009
PROP-030558,58.71419539406484
PROP-059203,73.8992891801841
PROP-045875,386.9553237018963
PROP-094670,228.01964115220682
PROP-039701,169.50453975550028
PROP-005295,19.809535167146027
PROP-055275,99.79798869061209
PROP-004038,5.539558400811895
PROP-051495,178.33212898190305
PROP-000027,111.69587010888655
PROP-000319,216.69220476183008
PROP-095092,50.90940034709962
PROP-086147,121.80119292987186
PROP-086601,114.96988527919831
PROP-093831,187.23676082103304
PROP-062123,25.418876215262124
PROP-065566,456.6065410862442
PROP-048716,286.92208694023253
PROP-027205,-0.1938070730281236
PROP-041346,98.65658585609907
PROP-094306,22.951730019620676
PROP-002387,9.901408344162014
PROP-077585,114.2265765807893
PROP-018807,174.64849293096637
PROP-055522,211.42638940346424
PROP-026420,166.42907079186347
PROP-014080,184.519961566608
PROP-031633,19.373763656170166
PROP-013113,312.08085713003226
PROP-043792,65.79636983275277
PROP-089460,-58.78902709989023
PROP-063764,56.67665815512089
PROP-046244,240.31384969351367
PROP-026480,237.43015599583947
PROP-083166,177.42861755665854
PROP-080170,234.31554216800598
PROP-094206,194.69045934970234
PROP-016829,128.13242437640804
PROP-031758,41.15731359473125
PROP-078114,350.3105781938925
PROP-044165,406.9695242654169
PROP-038661,90.44414223666234
PROP-079073,347.1798509743089
PROP-065119,159.60054055760656
PROP-048457,162.1605582889618
PROP-023035,193.8857344441879
PROP-000354,515.293475183231
PROP-029844,320.3872972398493
PROP-075691,271.5543500813554
PROP-043809,357.2597930386926
PROP-006182,322.60738502948215
PROP-020922,334.2658136983124
PROP-036283,65.993292757963
PROP-083386,169.6411342956387
PROP-089266,321.6896011067239
PROP-013509,211.48455270851625
PROP-052377,105.61734448691563
PROP-055081,4.128788487000971
PROP-030460,91.05346145436435
PROP-054377,73.66782973267699
PROP-080189,161.11051084636483
PROP-032484,110.3909863328733
PROP-009663,49.20473399327154
PROP-040815,118.84282095875393
PROP-072979,44.47969222060494
PROP-028400,59.06699568432774
PROP-094158,288.32872467260654
PROP-092765,150.0898820195243
PROP-087152,5.446756260168858
PROP-097762,283.4312716280749
PROP-010636,47.428734612932004
PROP-079199,257.6472106386634
PROP-009544,260.88190067865673
PROP-063004,32.3704759359346
PROP-032458,159.33834783008598
PROP-076733,224.14645679832924
PROP-076615,138.9624100336399
PROP-076321,-53.3325092244681
PROP-074779,271.2337254440217
PROP-061557,63.29335614896108
PROP-045236,14.787914175209451
PROP-069115,128.43769193431888
PROP-092158,233.85734314904812
PROP-078778,98.48453386293795
PROP-042212,302.2988542985428
PROP-091882,326.7327487270858
PROP-017505,236.5342288662894
PROP-087405,401.0593639238326
PROP-009434,138.94938200488633
PROP-086023,42.48133889187082
PROP-059594,52.985185649532056
PROP-057059,319.5327722311916
PROP-038939,35.02439533575591
PROP-004228,12.176289889452486
PROP-002900,268.2278703641789
PROP-073188,-40.17492814533763
PROP-004009,215.69005897567456
PROP-070312,240.7753264275966
PROP-052249,-85.55755658142131
PROP-005648,22.339905955774405
PROP-015792,153.9610303735425
PROP-080792,67.38146549752742
PROP-044090,212.49552090446647
PROP-018707,264.52114779225036
PROP-099447,227.21403153863508
PROP-006862,104.43387949752534
PROP-068854,126.0189567891572
PROP-065412,206.55732698765078
PROP-081572,279.91960598902875
PROP-065501,201.15048645993483
PROP-015388,100.0195490864678
PROP-089019,-5.199957598416361
PROP-020180,167.22407128932107
PROP-068708,255.94855935531308
PROP-020611,153.98659083454265
PROP-061613,77.61320971775211
PROP-007878,63.657788135464315
PROP-014924,79.89364497673074
PROP-086310,154.1554600021168
PROP-074269,105.98542765463009
PROP-089006,-26.390201209162345
PROP-034411,112.27717446934449
PROP-037663,59.54540475289235
PROP-062267,-11.084077935798845
PROP-010617,11.734075088754121
PROP-097060,136.23983385044178
PROP-048400,111.55280594606248
PROP-024423,261.2516112213637
PROP-026809,253.1485151880252
PROP-082043,-38.71034889683284
PROP-083454,138.13163867559553
PROP-096400,173.33784453624796
PROP-028703,533.622693066166
PROP-008435,65.75827726678293
PROP-062929,57.212522966973374
PROP-084860,110.36882149440865
PROP-086708,55.612099875613886
PROP-016628,457.91664644529806
PROP-091479,44.82860424138411
PROP-050716,89.447331777508
PROP-018321,166.38812191890412
PROP-099094,191.59117973469498
PROP-068400,222.93269789069723
PROP-024586,120.58718306972466
PROP-020964,22.50908991248142
PROP-036955,16.577630201408304
PROP-064287,250.7959965633059
PROP-060244,32.0030587217959
PROP-043605,27.569563429070932
PROP-028738,431.62750934640576
PROP-025836,243.92277431659056
PROP-089825,150.85365321315774
PROP-036263,31.55631590453362
PROP-006356,123.06628612549225
PROP-076567,321.76672459539054
PROP-091541,97.78799421764703
PROP-019728,109.58996578136667
PROP-049514,16.76211175541023
PROP-099448,178.82121335790936
PROP-013352,18.572870776661908
PROP-095113,247.95165396754552
PROP-015385,51.540728267984676
PROP-032314,-27.146418669768465
PROP-006201,221.5044161678275
PROP-039113,311.5461975240912
PROP-005824,87.86298045733591
PROP-075786,276.1769613938501
PROP-074328,250.86942225148485
PROP-045208,281.9305595229472
PROP-076081,336.949442029472
PROP-013054,306.3658797542507
PROP-063745,236.35865259833946
PROP-044451,-13.159021779953203
PROP-031020,67.76528208680732
PROP-088385,113.53776890238092
PROP-068416,397.0420626245735
PROP-015751,44.169799266858455
PROP-062007,172.94019750728984
PROP-030389,65.59551565026771
PROP-024220,138.4644304788639
PROP-004540,29.12189163179544
PROP-077637,96.82050842686336
PROP-016342,77.57929018628164
PROP-018919,193.88911251111364
PROP-026317,140.33842920951213
PROP-052560,33.97415756299981
PROP-029518,12.507787649564262
PROP-089094,99.75449240449792
PROP-085557,136.947284740106
PROP-071597,341.36568288290846
PROP-015930,90.60174517220129
PROP-080597,364.6250693481263
PROP-028145,33.598226005170595
PROP-021892,213.42677277100142
PROP-005461,87.95955354657382
PROP-003488,62.15980462779266
PROP-027362,-12.629457491129486
PROP-079796,72.02581693589948
PROP-050392,78.03513079115133
PROP-008606,234.95112186930754
PROP-052022,83.71776420751955
PROP-018281,-19.399667248933348
PROP-091138,9.655636025473072
PROP-036807,10.518591128700571
PROP-015626,19.795791400693233
PROP-006707,86.72866899538991
PROP-074114,47.54466800804433
PROP-022356,-63.83378242005683
PROP-043855,262.01885569201545
PROP-069277,-26.1226972903381
PROP-038266,49.42476998703086
PROP-070766,38.08457370807252
PROP-007668,215.9658303084106
PROP-000635,-1.5284416653900559
PROP-052151,235.04108549132354
PROP-009445,247.74393764881077
PROP-072180,16.695784526208122
PROP-011076,15.64265864489936
PROP-010280,43.62350686447467
PROP-093022,329.5341781920774
PROP-065753,24.275310636027008
PROP-014012,47.02063229950718
PROP-065075,174.9616529225538
PROP-070889,179.94148993966718
PROP-084477,167.34025005000382
PROP-008758,307.81511584256464
PROP-047196,1.2345423280979082
PROP-057015,150.59591236171886
PROP-054662,203.99200568520214
PROP-015124,178.1441789221651
PROP-050692,77.32523956069
PROP-035696,318.09051388985023
PROP-064310,139.95537866854832
PROP-098877,238.4523249739879
PROP-056370,173.95536533434318
PROP-008309,72.33131439906778
PROP-033915,171.07294655736277
PROP-036960,95.29753212110452
PROP-084433,33.1255412985326
PROP-007098,45.09665997553968
PROP-080787,69.35933893213127
PROP-020034,391.6322485909783
PROP-083059,-0.7295243811303616
PROP-096413,175.63201083500468
PROP-032759,26.631677163628126
PROP-087628,253.2706180671558
PROP-033070,-4.83796076172882
PROP-059293,131.5375794331333
PROP-071511,172.9723151464294
PROP-000976,200.81728675901184
PROP-061826,197.23678275781543
PROP-076772,72.22664147550454
PROP-020305,270.4214942469501
PROP-036274,223.560770945164
PROP-082516,22.07640311034801
PROP-065603,-12.226552569744065
PROP-028356,7.7796042186086245
PROP-055456,59.93237587395157
PROP-004196,307.26105761138643
PROP-016609,212.03455834454417
PROP-054099,76.70020399892954
PROP-024250,76.39911603839151
PROP-064830,268.574107354533
PROP-028082,273.99648120058407
PROP-079298,-59.73797307267092
PROP-014512,101.51612716655664
PROP-097009,259.9223257676504
PROP-094752,18.50410656925185
PROP-061395,205.1188299129553
PROP-010620,100.13427872241984
PROP-077493,548.6667566432301
PROP-002956,515.9373901348782
PROP-023900,113.92996308683894
PROP-072354,57.875193108752455
PROP-005717,149.28677812249018
PROP-051048,-89.03383259143239
PROP-042978,112.67128938942972
PROP-056482,82.58953605354003
PROP-044434,238.87497107124813
PROP-033004,45.27733582425145
PROP-010798,-55.54030275617965
PROP-091971,279.0067520683908
PROP-076256,0.03084649840746856
PROP-091747,34.53809579457915
PROP-066919,34.6330471269695
PROP-032416,293.5084684749086
PROP-013752,271.6105742652422
PROP-087937,246.20160370165456
PROP-050101,-62.86155844949615
PROP-044453,144.40368110175353
PROP-024051,507.84364830144807
PROP-082655,190.39753405644262
PROP-073596,88.94851897118951
PROP-051891,121.17017900363145
PROP-062735,104.26261806362376
PROP-060585,304.9155652712974
PROP-083812,116.41229043514426
PROP-046297,354.3740134706296
PROP-067979,245.5116664770145
PROP-096731,57.502932589848115
PROP-088649,70.30658148366331
PROP-015605,168.7672214881361
PROP-024382,455.8053914994008
PROP-031062,123.38094503949681
PROP-099588,103.77906477501234
PROP-091930,90.28885019989615
PROP-011518,55.04603570052649
PROP-008328,386.5036900703168
PROP-021822,122.72333212530135
PROP-058817,-12.009399591712132
PROP-010074,420.92267124494873
PROP-056290,29.772894929282472
PROP-027159,291.1116972974264
PROP-006459,77.02863279503347
PROP-027721,339.9994362306945
PROP-001963,155.09481441179705
PROP-053235,31.5015947417618
PROP-033919,129.87465644615833
PROP-000538,235.1008898928431
PROP-044466,136.89398298423544
PROP-065214,46.10734274298911
PROP-088593,82.38046630457163
PROP-013959,214.1549771864341
PROP-046527,407.6932328903011
PROP-022046,188.38901545084178
PROP-029992,273.1824809639388
PROP-005236,54.47458921844141
PROP-082795,10.13590417167369
PROP-039750,9.783367082946182
PROP-001321,42.4455731672454
PROP-068949,74.6076349735293
PROP-071136,87.53902684351627
PROP-070528,21.331035054399955
PROP-097453,-16.73169048560679
PROP-013397,219.3844866606605
PROP-068281,97.22201001093183
PROP-047321,-66.08187548652482
PROP-028947,240.0831834561929
PROP-087343,104.127039944995
PROP-020059,59.909796499743024
PROP-094074,386.35248730277954
PROP-075908,-22.970958943005858
PROP-080739,-8.77525485102138
PROP-040193,78.13685250871985
PROP-062720,153.26449620883068
PROP-001096,404.23357507106414
PROP-035863,3.5781713932788435
PROP-084562,-78.97305215613372
PROP-049615,326.72691873260413
PROP-064075,189.31056659241983
PROP-090029,-28.06040878142393
PROP-094320,61.48221979856558
PROP-057614,40.90002701079392
PROP-003185,92.54028443764432
PROP-011082,76.4099810586003
PROP-017582,186.38732960735888
PROP-009428,-30.969388817236503
PROP-000949,158.95970125909426
PROP-043299,326.05113944112543
PROP-005908,262.0846903511663
PROP-080249,206.7018415363429
PROP-030465,240.91587305828585
PROP-049094,118.68290129252395
PROP-061804,181.2821928865182
PROP-086228,214.28491359064358
PROP-063050,119.39022465328449
PROP-067376,131.5243605912583
PROP-065394,237.15271743556417
PROP-029316,-35.90340820298144
PROP-037372,41.72387498070597
PROP-022749,60.42779153964048
PROP-013226,301.97704124120656
PROP-007730,170.354688280021
PROP-073381,231.14899617263518
PROP-020664,179.495875861525
PROP-035007,-33.9490800939843
PROP-043828,-4.329514472303458
PROP-026929,-13.159356257278557
PROP-089654,189.83383761575436
PROP-032710,182.68432481865665
PROP-068710,-41.88018176751581
PROP-022744,168.45215164057578
PROP-054896,-62.78159678642722
PROP-079660,271.2826496938809
PROP-004662,142.5403034954777
PROP-029529,143.7704319665493
PROP-058406,-81.46664594151738
PROP-078270,213.87838040869815
PROP-067496,424.38344969611023
PROP-082740,32.343476841151215
PROP-085112,0.77198446939693
PROP-093657,41.62845250462783
PROP-018480,320.432418125083
PROP-008184,130.59531045011488
PROP-020003,290.1612394926315
PROP-093010,-4.3675160585238375
PROP-093911,41.221083522477315
PROP-096049,33.085565312291756
PROP-033255,-29.750032488296032
PROP-068164,-51.28838575958116
PROP-092594,290.7771580726115
PROP-085509,290.768775408926
PROP-098810,307.53492861725397
PROP-007184,69.551853828875
PROP-099771,74.83520891625469
PROP-055170,94.64597003729229
PROP-099640,122.66668196581665
PROP-082524,31.516379147242926
PROP-098527,238.957973154812
PROP-014694,9.424686663067018
PROP-091522,21.588094816775744
PROP-018411,258.0891747356628
PROP-078328,126.68731639996606
PROP-029980,137.06915902165008
PROP-083826,-86.08409165755876
PROP-061779,48.93935374162556
PROP-061728,41.57058154819399
PROP-074690,41.59830755280929
PROP-005817,38.564691911853345
PROP-097264,36.60747533007598
PROP-024893,259.8291849097076
PROP-043743,156.04397530199387
PROP-009684,-83.65157989786867
PROP-047512,28.54936609880921
PROP-095448,56.69947396289857
PROP-027147,361.2402863930266
PROP-083352,-13.096674675941866
PROP-074237,35.93684520855429
PROP-032724,106.0881769110688
PROP-062858,451.28145121841794
PROP-069295,22.707632279768852
PROP-012247,158.1319946837848
PROP-080037,141.6466913646863
PROP-049477,24.283491427373576
PROP-014030,290.88193088095915
PROP-090233,64.62153895612707
PROP-037492,165.64700892735382
PROP-037276,89.74099856662299
PROP-050687,259.1290472003396
PROP-081790,233.2233444847094
PROP-013143,-31.36473485665242
PROP-061497,127.61249055767574
PROP-022759,339.34781643074035
PROP-042055,85.55194222470472
PROP-083060,39.527631111262224
PROP-092750,-19.315636138683036
PROP-011880,2.053026154883966
PROP-059324,101.53970704142644
PROP-034327,-8.446018394412267
PROP-023071,13.488363087781181
PROP-022121,76.0857626438558
PROP-018826,262.4096539008953
PROP-008651,187.39996486640666
PROP-011828,69.93549601157768
PROP-027393,138.17322265471574
PROP-012298,82.94182516039473
PROP-013628,79.75851400482232
PROP-058879,440.8822582865164
PROP-098889,53.729410506907385
PROP-072714,301.19779935905626
PROP-038793,74.44311079540819
PROP-000604,-25.534346750577555
PROP-021063,33.615558744090954
PROP-013096,331.3754436869143
PROP-025130,228.43058765759724
PROP-006314,5.772414842995792
PROP-011626,180.14801338523165
PROP-017339,22.521892069159552
PROP-016043,364.240067988793
PROP-087051,307.9335241420604
PROP-033577,127.11099720591018
PROP-042190,79.40682301514167
PROP-055750,13.931770438185184
PROP-042745,247.15874944735262
PROP-043464,147.4468407444262
PROP-077978,395.8452022338919
PROP-035532,194.97958666598012
PROP-012723,99.95032081544372
PROP-042623,102.72099023497226
PROP-056510,98.51486814522015
PROP-085471,267.93470805148775
PROP-013404,160.95800169936246
PROP-045949,-17.879609725269876
PROP-030264,250.99748362026128
PROP-076693,261.96577079432126
PROP-038036,219.2541595560144
PROP-024314,36.69444783283658
PROP-018642,413.09676886537864
PROP-068501,97.92656077446279
PROP-046653,254.91797198048698
PROP-013048,304.6174578867898
PROP-059233,24.891313716111725
PROP-042071,36.27060901657412
PROP-056479,439.76958202354456
PROP-035851,73.85325853927635
PROP-030827,245.5560986890007
PROP-032687,132.1929925119797
PROP-056688,11.71308319401259
PROP-018894,59.54513700798187
PROP-080305,229.63149776859174
PROP-085158,282.71545753594944
PROP-062003,58.86430081610103
PROP-090179,198.16392065045193
PROP-077961,0.31788212666725
PROP-041186,309.5191013254858
PROP-039077,133.8184244018965
PROP-092604,143.85316511812454
PROP-040977,193.24072628804842
PROP-096742,115.56373916524694
PROP-037694,244.86376549307627
PROP-013035,272.59463417063705
PROP-053495,194.63161006901908
PROP-084411,152.25123925071972
PROP-097795,36.50129857611373
PROP-085833,135.7922046728141
PROP-031298,255.54269493206556
PROP-076627,259.2290578905209
PROP-096735,50.4976289229819
PROP-068452,341.29691701077286
PROP-056852,40.07480820004301
PROP-044061,377.4123441511275
PROP-071835,280.50067297278446
PROP-019702,259.07553568076645
PROP-055200,71.8923128028812
PROP-009276,63.454562221962135
PROP-080862,75.61410587107262
PROP-010516,67.51731504368752
PROP-071119,205.4829219070681
PROP-086132,192.92160468434122
PROP-094828,436.0150693537855
PROP-039095,65.12373397730259
PROP-099801,136.12757413540365
PROP-076845,75.56905942715134
PROP-089999,269.0412000184654
PROP-004943,49.20698768597189
PROP-000339,463.3857506866001
PROP-018800,142.04291754066108
PROP-001725,72.66067080357246
PROP-045529,290.0198854249368
PROP-077839,37.03591032808513
PROP-090623,6.125773199603174
PROP-072938,312.6768989244619
PROP-078789,-19.42548041441303
PROP-098472,309.6342437866445
PROP-091626,269.8023587814563
PROP-062713,-32.96397812187413
PROP-062273,151.35253026709339
PROP-027305,141.97701691709108
PROP-065459,63.3454108493313
PROP-035821,231.7275186331183
PROP-016394,130.50549700962947
PROP-049523,65.46876583321534
PROP-011089,307.97321941462303
PROP-077951,61.476113384906355
PROP-063600,274.46586405502944
PROP-050200,294.1766138781438
PROP-091354,43.5255662255224
PROP-026525,91.04957095342695
PROP-046474,247.3250434752199
PROP-050603,134.6010676484434
PROP-034467,108.66598132767336
PROP-045353,-36.324497077731664
PROP-075675,57.219756311480204
PROP-099868,29.77023233612746
PROP-061330,248.93113002449695
PROP-066448,222.20453571904716
PROP-048954,146.2416695471702
PROP-040096,163.90025615418466
PROP-031331,-39.99371575255878
PROP-047263,69.62982001822884
PROP-023834,172.60284850041245
PROP-037661,266.7603942654862
PROP-019814,299.59287739405625
PROP-097416,231.0619406165087
PROP-001971,63.222442616925875
PROP-092926,44.27183275874818
PROP-086915,54.39897811933184
PROP-013724,84.10175210654431
PROP-051531,166.18792478295842
PROP-046482,28.677104390548493
PROP-000046,192.67403024863756
PROP-047013,357.49407686618315
PROP-056416,57.31714851675264
PROP-096720,13.170455803676479
PROP-006095,235.7020237728422
PROP-066481,134.01708656690425
PROP-025898,322.5576390282921
PROP-082865,146.00009827889448
PROP-027118,286.4315473237957
PROP-037757,1.1549479299609722
PROP-081347,114.0137823390333
PROP-094450,149.22192792080193
PROP-091475,84.86462972706059
PROP-001004,37.79707435460428
PROP-049531,300.32511055862506
PROP-042506,41.76911550656014
PROP-091593,78.58449936821377
PROP-049730,181.54447960683376
PROP-097327,235.3953472067135
PROP-025861,357.1441199653863
PROP-094884,-12.767070464184542
PROP-090761,123.89590882235655
PROP-008580,390.8690753065993
PROP-009716,304.86805068081264
PROP-010778,130.44069066263708
PROP-060917,145.3772192419641
PROP-053850,2.633722996796976
PROP-093479,217.74588981847336
PROP-076992,30.586395394114756
PROP-060685,42.8997372061397
PROP-065740,117.34214061168838
PROP-017787,290.4773676227607
PROP-081900,127.5771624670315
PROP-015705,192.7990634027613
PROP-083840,75.16375171363067
PROP-049056,47.080097173627806
PROP-093927,-22.46383540469466
PROP-028257,318.9783152080489
PROP-049394,64.66801092819941
PROP-010255,67.78587915900245
PROP-025957,50.098606594180694
PROP-097593,383.11728219521024
PROP-054846,167.4052607968934
PROP-093851,69.05727333773217
PROP-066850,28.04593100384662
PROP-056258,83.53747426758616
PROP-025181,51.961545364772256
PROP-002469,22.69681441872349
PROP-023874,77.678138269121
PROP-063656,105.21716435133516
PROP-063280,112.39636356100632
PROP-033377,21.353477531971336
PROP-031161,257.5658351208843
PROP-013408,87.02032880937575
PROP-079430,290.8123552325004
PROP-083258,-8.362472653824733
PROP-005285,78.30421271102314
PROP-092869,53.170754506764005
PROP-059393,180.40877688639503
PROP-042873,14.903388883555778
PROP-087144,187.75331727474327
PROP-069952,356.2690506673413
PROP-023937,270.5477586588238
PROP-074858,239.54050115180863
PROP-032299,442.6370788465333
PROP-081252,93.16723852094475
PROP-091295,-7.862041680635418
PROP-011549,27.443070139247155
PROP-057830,248.0997113264252
PROP-039240,104.353614831183
PROP-021257,67.72635284194966
PROP-027546,88.14647906978708
PROP-024693,203.25964283284827
PROP-097127,62.96786288820237
PROP-044055,183.93808234633843
PROP-017369,46.999049107337
PROP-075677,30.658271127697475
PROP-013946,-14.708766291492825
PROP-066739,133.85159039686536
PROP-031912,97.98051865781616
PROP-082864,20.354281602741743
PROP-034654,-56.71536310454549
PROP-025693,220.78490293343287
PROP-050934,357.4938148355999
PROP-058256,-4.027507428110546
PROP-094603,51.520121055257576
PROP-004328,45.542301320527734
PROP-056872,-17.003261918445663
PROP-009210,98.00787221593717
PROP-071208,-21.793709262770214
PROP-077792,373.5698260054886
PROP-097227,199.90141333924018
PROP-016504,223.03819928855486
PROP-023154,28.434021431999554
PROP-003997,329.49188104065905
PROP-065398,45.514223344142096
PROP-051527,124.24404914719722
PROP-076823,377.716277409281
PROP-070455,263.32217497082604
PROP-083006,148.11353243922395
PROP-027618,99.94476338484344
PROP-092697,20.811581911119426
PROP-072581,229.5465424579541
PROP-036726,149.88623230015855
PROP-017589,91.51024010459861
PROP-017790,210.23078465716702
PROP-013819,109.79818692918838
PROP-079576,61.72053464687382
PROP-098037,1.889215462138786
PROP-097130,297.09499535802036
PROP-006596,259.1728154407012
PROP-007252,40.99446208833773
PROP-050265,-30.606882462189624
PROP-083157,61.765994807585145
PROP-021580,79.07812237158839
PROP-011690,79.8355477826656
PROP-090807,142.7031518812928
PROP-012611,89.47892996710812
PROP-046398,79.34181500324144
PROP-061548,88.25241283947155
PROP-032677,-8.649236195425445
PROP-000962,399.6116341193988
PROP-015130,22.455758670348168
PROP-017477,80.93426697249481
PROP-030754,5.456943085738311
PROP-087761,-13.564281032999784
PROP-087959,19.71082975325777
PROP-092199,351.41009138107495
PROP-000439,91.05724852521502
PROP-089155,20.415973958524418
PROP-029181,276.5371083644408
PROP-074174,312.95669608919445
PROP-004809,388.27856097468634
PROP-074088,6.724378806417889
PROP-008974,92.74487052508444
PROP-020518,238.24237727178127
PROP-009027,133.6200338858165
PROP-087673,216.49837842776043
PROP-047324,133.92376368457795
PROP-061170,239.88225238454234
PROP-011499,44.214963397804695
PROP-023772,132.03855674705477
PROP-048194,-21.873843802452704
PROP-007927,151.41816847980198
PROP-055345,26.2631794395513
PROP-003509,94.53545045239169
PROP-039004,159.9409657174039
PROP-068972,-32.33344009053542
PROP-075960,156.24769418184772
PROP-086097,237.2580286241699
PROP-003420,232.58933712704177
PROP-017305,155.7816062708765
PROP-099014,124.57932956450665
PROP-012842,32.39997566837429
PROP-071456,106.76128603983133
PROP-007575,89.00719298393203
PROP-013617,-18.6380283087794
PROP-063696,37.305907803173454
PROP-006884,214.49950524565966
PROP-050364,132.95352833523864
PROP-050267,65.20498313044594
PROP-061855,104.1990493543874
PROP-031286,21.70411728236685
PROP-033977,190.55171712086343
PROP-075612,205.9176376805968
PROP-014969,230.51457927346084
PROP-032359,232.08436306176745
PROP-080065,141.9553303449261
PROP-058931,48.37000555800796
PROP-003578,157.76918465007705
PROP-033487,11.27608331415701
PROP-054252,285.5998068999984
PROP-047837,325.9584251662015
PROP-055892,113.57316832303972
PROP-038506,97.13300108975616
PROP-079212,41.87759223004749
PROP-038087,-43.54286035916934
PROP-089510,211.79469797852926
PROP-074176,34.1212210486291
PROP-008521,240.1581031028549
PROP-062276,117.67861977783758
PROP-085393,30.804368869250176
PROP-091907,219.37947152074642
PROP-077407,171.69672359306705
PROP-017158,52.66845717814791
PROP-027338,-7.0898354858729284
PROP-082027,55.570580787157674
PROP-019039,15.239462654946571
PROP-016206,293.5804907038697
PROP-029528,135.9372436446331
PROP-080517,265.1631401059342
PROP-064564,590.5929980230109
PROP-096775,91.68771250776753
PROP-045027,96.51416261212162
PROP-074052,98.26185815408338
PROP-007384,45.1975039060284
PROP-046944,91.33169221699032
PROP-084258,45.018000190851446
PROP-000737,388.631627454431
PROP-096786,130.81555011494498
PROP-009192,118.146421551866
PROP-022873,324.81484214647367
PROP-089230,150.03744943186462
PROP-054735,1.827547293897629
PROP-055326,116.7951236542711
PROP-073501,191.62341947399386
PROP-027608,228.8868162958204
PROP-079166,21.151499162623395
PROP-035492,83.12582213547627
PROP-028812,60.767542506539044
PROP-093529,14.633348684298248
PROP-057473,224.14939207126494
PROP-090889,115.50766378690113
PROP-015121,210.0019103046903
PROP-069603,91.38882529576226
PROP-050328,233.43090857866216
PROP-064198,115.42345024594118
PROP-023978,17.327194542528083
PROP-002966,84.15743343883062
PROP-078626,46.43565685355679
PROP-062010,205.3718321865959
PROP-086911,118.46097687790994
PROP-010254,347.43891788011655
PROP-073322,32.87462278180975
PROP-037247,410.49525085085963
PROP-076149,58.47765215631301
PROP-040050,133.24915128508354
PROP-003841,-30.1988462987717
PROP-084631,178.3962070447748
PROP-086498,205.02949061729663
PROP-058064,88.30319653244342
PROP-045335,75.05477933740443
PROP-007345,103.59967697512563
PROP-032556,48.47115845016843
PROP-013486,237.53983121579495
PROP-044198,33.46489240235748
PROP-090133,141.82894979776194
PROP-087474,20.753206968316555
PROP-065225,-46.44851518824732
PROP-031308,122.0635576567002
PROP-022202,-38.09485584741218
PROP-029216,84.93337042761983
PROP-086668,73.06878605216819
PROP-079476,137.9638954376873
PROP-018814,307.74384896471804
PROP-009967,152.99051211897023
PROP-022663,107.94518965806063
PROP-026684,106.5025212664395
PROP-016141,17.824569010244314
PROP-036191,250.24537930173773
PROP-087312,242.64792536927357
PROP-041385,311.0879264820341
PROP-046590,118.47254261324703
PROP-003633,102.27466459203721
PROP-083775,48.29736398533967
PROP-044183,82.52239203061808
PROP-016626,107.47277892835602
PROP-077077,57.88545475795194
PROP-069002,370.97545544798703
PROP-082056,238.53197868693553
PROP-047365,74.98152526141753
PROP-089340,-18.925266042161066
PROP-067058,20.258255275582943
PROP-021724,171.50192409031058
PROP-041635,239.86160259828762
PROP-078526,51.59402374994368
PROP-088601,67.48448227279192
PROP-076358,256.2541605805117
PROP-098792,135.83421443615708
PROP-053272,-6.12794032169802
PROP-041451,111.20821362480574
PROP-009929,224.5491374439619
PROP-001380,60.191200195778954
PROP-005009,197.8139844159012
PROP-005555,65.08497703339341
PROP-045546,65.6670761472431
PROP-003230,137.13964554166088
PROP-029270,75.54572916082594
PROP-096587,-38.058107566314504
PROP-052510,154.77497920134516
PROP-004872,299.0346084926224
PROP-095511,44.743878360326555
PROP-054053,352.3431164750456
PROP-030267,-25.31377425958834
PROP-093606,81.58715948869909
PROP-052778,123.64705983605153
PROP-084826,249.8410998801721
PROP-045769,32.70847838699591
PROP-053757,132.28458056303106
PROP-070133,232.51140884808797
PROP-008676,415.3761932485877
PROP-080954,71.7161916921
PROP-013783,319.2705294586518
PROP-052940,-1.884420710537892
PROP-044707,290.30983729243167
PROP-091073,144.07482534631032
PROP-078552,262.45781967815697
PROP-079477,282.54131313265276
PROP-082385,83.36194796591404
PROP-019556,131.22797039061038
PROP-066891,620.9933778511952
PROP-084056,156.10873795176744
PROP-038495,67.96834757311849
PROP-079979,306.8886744489181
PROP-023879,187.99108528916827
PROP-054371,114.6333721655196
PROP-097263,313.56929178434143
PROP-005398,131.94715501192468
PROP-028846,72.86502657426927
PROP-091368,108.14165202069171
PROP-038595,117.25884233595298
PROP-034168,97.82891528948464
PROP-036139,139.7686239740789
PROP-086570,104.88808513289179
PROP-030708,114.30279598012915
PROP-079063,-26.797722778645326
PROP-021443,106.58495880596453
PROP-089322,311.02787328933954
PROP-031899,453.46054495424596
PROP-003856,66.31933001558572
PROP-085057,92.98709918763454
PROP-065797,84.3529011344723
PROP-077969,184.7044896891199
PROP-016204,371.42408329354373
PROP-081496,216.6554550306463
PROP-048421,250.3635916061889
PROP-086562,50.27639547746473
PROP-063106,307.1856012209514
PROP-084458,26.834886234956464
PROP-010004,287.78893679776826
PROP-012328,-36.022009274844294
PROP-069754,42.33897480878201
PROP-086388,193.76723125651176
PROP-088429,25.57877014258299
PROP-032608,72.23006383343119
PROP-021793,198.106544107608
PROP-053785,255.63014053756257
PROP-000452,40.13451344864455
PROP-000197,297.6948221479677
PROP-075756,159.77193997647686
PROP-025214,68.0379236688291
PROP-090828,330.35829812929256
PROP-081566,35.31734678309
PROP-006186,170.46481075255218
PROP-007278,-11.009606960796912
PROP-054257,78.33827708487172
PROP-073467,51.42246180379651
PROP-045791,44.83596976260169
PROP-045443,31.95526635458601
PROP-019392,-0.7418920125935742
PROP-064964,136.59847305633247
PROP-075435,185.89248281097986
PROP-011599,179.0052637274352
PROP-049302,13.660616489066609
PROP-088157,29.417195224030756
PROP-079462,-5.879723830895898
PROP-087074,89.18282966182582
PROP-097288,193.03056120866736
PROP-013924,39.387884847312094
PROP-049858,37.12015817068588
PROP-087873,254.32528259869503
PROP-019367,61.04741092558906
PROP-025076,380.895930282928
PROP-094066,22.218562456576244
PROP-057202,39.907647425081514
PROP-004471,9.597675560324664
PROP-045765,31.530276849824297
PROP-029603,417.48931627057175
PROP-019995,97.04233957805111
PROP-024274,114.600331869927
PROP-051790,45.618805621735746
PROP-042917,31.7162531997841
PROP-058354,81.77902526424522
PROP-086050,103.35095350765096
PROP-098214,359.4034673850923
PROP-025997,29.032192122745656
PROP-028845,195.49465197760648
PROP-060146,61.18224765397607
PROP-090799,7.391899257929328
PROP-013814,112.6841614615123
PROP-022886,332.15284373418905
PROP-086864,-67.69287495499331
PROP-068469,81.54971196848324
PROP-064254,126.6350219543616
PROP-070671,95.04576081890949
PROP-034918,60.61435238518508
PROP-064965,288.17936144554574
PROP-044937,321.33321920087735
PROP-068600,157.60979684398745
PROP-041045,5.240035732153409
PROP-054197,170.75299969586266
PROP-002395,310.2396752809968
PROP-094345,82.09158584548874
PROP-072589,133.959163703256
PROP-062330,407.1977068557329
PROP-085759,145.6745080499612
PROP-018636,203.22405942907116
PROP-049599,-6.701184685604371
PROP-001722,120.36455814842222
PROP-050190,224.09622823357782
PROP-030323,0.8807788585284442
PROP-022899,177.38298765601343
PROP-015307,223.10617984100372
PROP-063615,38.29917981695432
PROP-007050,307.109524692795
PROP-057102,95.24684623910206
PROP-031186,340.12832750371376
PROP-025679,234.73641051715344
PROP-056189,35.207983533815536
PROP-059577,339.2391389325789
PROP-006169,298.5129230471636
PROP-067324,150.01623547169953
PROP-008246,396.33376026056766
PROP-017989,23.358115367958014
PROP-024983,60.310523389396764
PROP-034080,221.85716147147872
PROP-049562,546.1746151351028
PROP-006181,-60.86461447866583
PROP-007919,20.343341411981463
PROP-028544,109.90707101094219
PROP-066610,44.878263618499425
PROP-087305,143.5341308841524
PROP-013746,96.59077114397874
PROP-018226,57.47851379619702
PROP-003217,315.8845631939061
PROP-058965,167.28890577373488
PROP-066727,-6.938134153046395
PROP-011992,67.17672479437684
PROP-030418,-45.632498022124615
PROP-098556,236.85113024030196
PROP-061983,85.599758704241
PROP-072386,151.7337236761758
PROP-030433,499.36372833452117
PROP-029831,149.80947552225706
PROP-052103,10.47853122196015
PROP-074205,109.44310948215454
PROP-011861,8.330458120282401
PROP-023943,61.968431224433196
PROP-026063,53.69440105373867
PROP-012748,54.26177906023729
PROP-078277,243.8150092214691
PROP-086447,255.94735553821488
PROP-085665,30.006958328342115
PROP-042954,301.2084282602941
PROP-066179,60.28141043503958
PROP-009991,266.9267015511175
PROP-050448,291.29844050924885
PROP-010577,196.1046987002505
PROP-096031,15.48222299010926
PROP-065091,229.13577455153495
PROP-037271,137.34259705198912
PROP-068684,220.22613904264225
PROP-094005,157.64323326778043
PROP-006582,53.64711409957785
PROP-062627,342.8781123432299
PROP-057151,333.31017300742513
PROP-074118,186.2102360989874
PROP-068962,181.58016613577803
PROP-063821,380.5620466452233
PROP-026445,287.219919882944
PROP-001370,200.94119159468676
PROP-066847,33.72898783902392
PROP-088239,285.39103987977524
PROP-011388,51.5546028830748
PROP-031527,85.81489708351691
PROP-021425,63.09577603724641
PROP-072400,224.28116119345768
PROP-013745,175.19254500706586
PROP-009530,290.839801831275
PROP-098385,61.82086771172794
PROP-037524,274.3251619233995
PROP-023961,237.37181290360468
PROP-075755,173.75752286123063
PROP-090085,-40.05624013881251
PROP-038414,568.1928463527189
PROP-050454,-23.90678820567573
PROP-048817,25.560548568799774
PROP-048943,37.159682295753015
PROP-043722,47.21835284525772
PROP-097201,237.64891188315897
PROP-037699,319.5440446525332
PROP-047229,236.43529687180904
PROP-059248,66.99480758475872
PROP-047605,30.37779029299485
PROP-062938,313.11934098859825
PROP-098566,83.35509791858229
PROP-084048,69.3099635492713
PROP-063795,-0.839032673492591
PROP-057206,260.5908672635952
PROP-060355,203.24547789736823
PROP-054964,220.37948825689762
PROP-029629,297.23984560169646
PROP-019125,-55.68527969227599
PROP-008043,3.616343267532507
PROP-032875,317.7783339191617
PROP-023776,265.44466437047873
PROP-088467,100.49337599486105
PROP-084760,127.04550365051762
PROP-094204,8.301495256719353
PROP-019521,215.68633102235572
PROP-043257,192.101221363806
PROP-077717,69.16631732726243
PROP-004444,103.79901848992944
PROP-001144,-4.498455839279094
PROP-081574,288.1429652168112
PROP-082698,38.30588059286941
PROP-077893,85.69855732522046
PROP-077047,114.69087246374878
PROP-088653,157.32193344367758
PROP-075263,326.22413866908556
PROP-013150,34.124310352297925
PROP-084300,113.13436569865398
PROP-012198,125.35485045329455
PROP-044025,88.7769689958082
PROP-017570,-18.456627558338027
PROP-061654,42.654450168475044
PROP-008897,50.909227878630034
PROP-075968,467.5958355440457
PROP-098258,-27.76591866898207
PROP-025410,92.57699068382028
PROP-013228,535.3483706268723
PROP-004205,149.76943658931162
PROP-053694,48.13744558923828
PROP-003835,134.45811202190166
PROP-055021,58.594911427173805
PROP-053112,-4.784223500916487
PROP-015448,333.0870495174948
PROP-037707,244.08028173197238
PROP-070266,54.15739895864665
PROP-089475,150.3212502137559
PROP-056234,40.03239536155989
PROP-020697,82.7264118818564
PROP-058263,-25.984661366064884
PROP-060562,69.14850043343435
PROP-064749,126.7064343001511
PROP-089668,165.493045895296
PROP-075964,211.7879775037926
PROP-053753,-12.580474760868317
PROP-028248,22.476389779424544
PROP-099824,-0.3977709783486354
PROP-074235,39.13556569342295
PROP-078701,134.7788453608485
PROP-022719,86.48330691973632
PROP-009116,-20.834361852277745
PROP-097646,282.71791356917106
PROP-005362,103.57207376986
PROP-095567,56.14861020832149
PROP-062649,64.37722490921051
PROP-015476,17.93746400920545
PROP-046456,54.67549747830557
PROP-063697,203.54713114315112
PROP-054931,320.4635163511181
PROP-027870,269.2567370233598
PROP-097882,74.02999448122335
PROP-090798,36.594545939131905
PROP-070062,190.8227200778451
PROP-011456,275.98636989277895
PROP-095345,228.57488491870566
PROP-061013,501.5662947731463
PROP-002340,65.83171892813627
PROP-035703,68.03574991421735
PROP-006026,27.790171973126824
PROP-072702,7.623792601075891
PROP-057788,463.9385484465533
PROP-001663,323.2843506344546
PROP-046797,40.054223239591366
PROP-021546,221.59924410851931
PROP-044187,57.88984220997681
PROP-037460,62.33240894914245
PROP-028714,40.17777117955779
PROP-098895,19.1593726992351
PROP-040911,-20.61391152536711
PROP-095097,222.73408358022618
PROP-029573,252.10990242160574
PROP-010190,425.289826545427
PROP-097856,312.8931102896769
PROP-043032,84.75730867072787
PROP-068990,50.83277200169068
PROP-097448,98.71093676480675
PROP-031086,163.92647377125783
PROP-001953,-40.07766232057845
PROP-076644,78.14353791357456
PROP-023149,132.1851868814421
PROP-039371,182.32671633768572
PROP-048197,224.44832777929128
PROP-090307,25.54384125111951
PROP-029639,235.86431757919914
PROP-058144,52.49879722739751
PROP-030399,78.34199639532781
PROP-061997,291.9045818208783
PROP-022699,254.56520251456277
PROP-008816,560.9149345233085
PROP-064445,130.5157790246014
PROP-086277,174.93488530647926
PROP-013839,87.18179519038137
PROP-074399,174.3135022068043
PROP-039996,364.60546742625985
PROP-012267,110.71879628678077
PROP-032378,308.8423716627099
PROP-030610,63.58563007117431
PROP-080020,284.0706035415543
PROP-084262,183.2385073028607
PROP-006513,203.223813808169
PROP-093235,389.0195099746456
PROP-023351,260.8433458412438
PROP-036626,293.8220654404039
PROP-063302,-2.058624362381451
PROP-075983,235.2223188195073
PROP-092593,59.128868966220914
PROP-012662,10.965329737156893
PROP-063073,90.64207950435605
PROP-049017,31.313388084276248
PROP-017358,55.68156928165578
PROP-025795,138.54906971766798
PROP-024636,108.87715775121319
PROP-091455,200.35879769988102
PROP-044295,246.69360732434006
PROP-056610,251.7221899841808
PROP-082119,109.45422064092256
PROP-010793,280.46804489078136
PROP-074062,270.9702521938299
PROP-073272,66.86088626895929
PROP-018419,286.5607247730553
PROP-023097,61.98387733802498
PROP-085410,76.90091682678903
PROP-017846,-45.436711269622904
PROP-093522,16.685469742957
PROP-053800,48.600611885870556
PROP-029469,-26.441978163286002
PROP-096961,143.84660427234377
PROP-020283,82.48219009798059
PROP-045345,66.03279394962475
PROP-067463,182.5145436052087
PROP-001381,90.15651486807067
PROP-059083,83.84843590454125
PROP-007849,52.49130004932662
PROP-080114,220.95652213274226
PROP-059130,247.51040427560508
PROP-005412,347.783834523758
PROP-030257,-26.498868792200476
PROP-054343,-32.02089862518952
PROP-014111,76.39212614937217
PROP-042618,8.559644403845041
PROP-030785,22.893106460144352
PROP-042763,273.14529128401597
PROP-090468,-32.379627178486345
PROP-044219,258.11223788634953
PROP-009431,169.65195545081903
PROP-045220,324.5331525722363
PROP-095787,208.87676183849558
PROP-034069,51.70618160144171
PROP-006642,73.9901898239924
PROP-034680,-70.88777441010893
PROP-075348,388.35463034730424
PROP-064501,98.90546206608971
PROP-068570,25.3347492609129
PROP-005563,212.7319944755037
PROP-096980,36.66169846651701
PROP-031004,232.58464331710252
PROP-080818,160.6359259829256
PROP-069475,100.4101438223021
PROP-074994,121.31790639057799
PROP-081281,60.97120667889382
PROP-058396,177.51852154431197
PROP-002924,-17.13111935125394
PROP-088539,31.01755450635651
PROP-058664,39.466601144658235
PROP-012717,290.66437296703117
PROP-098564,498.2660633011776
PROP-042474,-6.968833140024765
PROP-061594,265.95962979803187
PROP-026308,255.63740007877803
PROP-030936,276.8256493958679
PROP-059067,89.14216303946623
PROP-011715,194.49639560505693
PROP-069940,29.90828668321101
PROP-022945,79.93276834102366
PROP-051814,157.70061187625092
PROP-091131,-11.722654630663843
PROP-095970,-19.717396478563025
PROP-011903,521.7914305900136
PROP-072677,241.31678013451995
PROP-010211,-70.22727897037304
PROP-066540,558.7874820302217
PROP-026557,308.4809061266045
PROP-008295,57.68771038486638
PROP-086219,72.50735257166343
PROP-074042,216.50818730370858
PROP-056794,290.30213503396544
PROP-092273,215.49721041465887
PROP-097763,176.5175218054174
PROP-059619,86.97446324168254
PROP-045662,-25.58889648994537
PROP-089346,26.675817037995326
PROP-052874,163.47908305240395
PROP-094419,106.60184008060287
PROP-053158,316.6732434424347
PROP-037306,29.100309214461106
PROP-067415,170.97371908553907
PROP-076576,94.14312059804205
PROP-004309,-24.485573715132844
PROP-029041,10.248860088211693
PROP-074604,114.58504491519555
PROP-090591,282.91207992436784
PROP-094674,88.67928084427916
PROP-015632,80.63367642946494
PROP-089793,240.00397102940772
PROP-032668,325.82091578700965
PROP-042517,162.8390610650282
PROP-013061,31.922671327295333
PROP-050347,235.49251850568447
PROP-017213,44.925062715891954
PROP-070554,273.96232455622726
PROP-045493,73.16696935381935
PROP-052427,-21.62684686021204
PROP-072778,89.0978690002375
PROP-009066,60.73223157762784
PROP-013808,109.17788561370259
PROP-062068,124.91163853695308
PROP-029657,28.135059993666985
PROP-003431,68.32086934839404
PROP-074169,179.50676944214746
PROP-036084,222.56138975009443
PROP-042105,49.787353856419934
PROP-051451,19.993432283316597
PROP-092848,450.6909477089853
PROP-040250,91.44984250634859
PROP-079607,234.16351278853432
PROP-006406,356.39309595147137
PROP-018036,-1.1424014464477787
PROP-033960,211.18985394733895
PROP-091984,59.67445625435311
PROP-090349,31.261159509383923
PROP-093938,2.2711196042649444
PROP-081719,331.22808790024493
PROP-015832,61.48714806639288
PROP-038099,271.59656108775545
PROP-015835,134.7247323886757
PROP-071151,237.507762646806
PROP-077805,108.07023968385994
PROP-091157,103.58654990988663
PROP-028937,327.9431702826
PROP-021433,90.34073215471297
PROP-020117,40.76605560963448
PROP-088398,32.097070234115556
PROP-036293,273.12146725895457
PROP-061816,157.47368322313972
PROP-022420,271.29980092351207
PROP-014243,128.51808031439026
PROP-062179,155.40252156120573
PROP-090599,165.16359779771037
PROP-085030,-51.65980421390024
PROP-067194,92.29809507175347
PROP-053924,199.68973007156643
PROP-082788,44.744940304459604
PROP-007757,25.05207981053797
PROP-068338,305.3553488443716
PROP-003585,-28.505706879613413
PROP-005491,36.77042024004314
PROP-033812,262.4744959556145
PROP-093422,244.64023917100735
PROP-019058,57.31181990408849
PROP-029073,115.94192240435419
PROP-056900,121.49035428132458
PROP-043250,291.7779693900646
PROP-001397,246.39958660527685
PROP-035811,71.88451575231316
PROP-032776,-19.76435805782612
PROP-009460,94.2789689674664
PROP-034203,363.04809187923655
PROP-034182,12.975296408817918
PROP-051774,23.844834599683377
PROP-094785,116.84224211454509
PROP-032330,316.5619735695886
PROP-043924,400.4401642337334
PROP-012858,66.41417382898142
PROP-082394,147.66382295812335
PROP-020069,204.7843013324179
PROP-018591,226.80527461228846
PROP-039796,277.237540992773
PROP-050344,31.778807707999395
PROP-018078,230.6532858197408
PROP-008338,1.5981340236490063
PROP-013020,66.52001273724525
PROP-017662,231.81067074162644
PROP-035503,126.45847313689048
PROP-004091,224.09698387247496
PROP-001464,18.62712292696624
PROP-028179,264.0801296597207
PROP-034568,84.83690387311206
PROP-045009,1.1167127776493402
PROP-085137,177.91233870139115
PROP-087110,272.2992179970869
PROP-059331,152.8845233623357
PROP-096802,-11.882944756953407
PROP-019541,97.74768976192773
PROP-030362,363.7615906435586
PROP-091714,116.907829124804
PROP-012444,130.71250790232597
PROP-039888,29.158742488987528
PROP-005872,58.973111218449546
PROP-073672,25.045101660867566
PROP-034869,138.1581428992749
PROP-049651,83.54623224396921
PROP-080738,45.81122301630148
PROP-070800,159.3021049580323
PROP-006217,87.28232231453936
PROP-081622,33.05621237179747
PROP-086902,119.21687696901641
PROP-055261,50.704679610934576
PROP-069324,126.29460959358816
PROP-006073,369.04930909068105
PROP-061547,92.54625018928847
PROP-070850,41.891566393968716
PROP-041034,57.33214065637656
PROP-047678,241.11192741435465
PROP-028639,334.8997546671558
PROP-042896,58.447959107938566
PROP-076886,210.6471999657388
PROP-029368,78.6221893710307
PROP-029673,311.8238123708657
PROP-016283,67.90388303423958
PROP-057583,125.53489145867594
PROP-002480,319.16188213129016
PROP-020517,261.165657355317
PROP-027794,207.4412500047698
PROP-066983,240.59931166372
PROP-021690,72.63370904027778
PROP-065670,25.387636545882128
PROP-026223,40.824533190282736
PROP-084611,459.4805485636905
PROP-007985,136.24048502078497
PROP-067095,157.9861787799132
PROP-071758,194.74068658107316
PROP-042556,69.77630258870556
PROP-075850,56.650742612388306
PROP-067149,6.55623905519248
PROP-001200,41.59075781080006
PROP-056464,76.53200091877657
PROP-039779,238.04158040911454
PROP-010241,197.0687647640572
PROP-015656,50.7155912571017
PROP-063413,276.68465516861954
PROP-043190,81.49459384773091
PROP-014505,67.00205299373923
PROP-010936,103.7857418398215
PROP-040253,17.874201206416245
PROP-080591,37.50355443646053
PROP-052761,149.9179365779667
PROP-012987,205.0866901814994
PROP-042820,62.75448438519416
PROP-079065,247.28301355922312
PROP-084966,48.839707331113125
PROP-007691,145.60947807189254
PROP-054905,-10.598592827491963
PROP-066283,26.42762199243382
PROP-018765,-9.030101333748966
PROP-090729,33.32908405526132
PROP-075858,108.47485529850132
PROP-016036,209.0058320453586
PROP-060691,161.6948610159473
PROP-042553,-32.4631809673984
PROP-040677,30.3551541123461
PROP-002827,309.7611770927661
PROP-045076,-40.636469611811044
PROP-017599,215.9960387162842
PROP-082016,-16.965409161070376
PROP-030393,-35.246980893478934
PROP-093551,237.42314474367456
PROP-028173,45.28965359935943
PROP-023176,10.324553946031013
PROP-002525,273.6556182252958
PROP-052991,36.37688896162772
PROP-060406,109.3939203391391
PROP-095095,1.2753229390943464
PROP-098689,336.07016504273406
PROP-002502,2.8583987212169646
PROP-064584,530.7323739398817
PROP-097076,145.96206783797777
PROP-034354,39.09693520764302
PROP-021551,428.02152129355284
PROP-023813,120.30422927441239
PROP-053871,158.16204020531768
PROP-032719,308.5501365436667
PROP-060102,164.3052069635919
PROP-011239,141.5994598342242
PROP-071342,70.96626309785903
PROP-015696,144.62392705882218
PROP-056617,95.81626903509873
PROP-062824,248.05939993833732
PROP-076150,277.89831085327125
PROP-069763,372.97202240707657
PROP-002415,172.39048854671415
PROP-068088,491.98922576179643
PROP-045772,1.8685966664763596
PROP-075243,88.38785091914879
PROP-014940,100.30337012976325
PROP-061679,299.5300971752797
PROP-084006,303.25050417843727
PROP-088993,307.78887235834225
PROP-077007,182.6018346349323
PROP-039764,7.451330438858461
PROP-086963,-18.754293637479787
PROP-057950,-7.797432673187446
PROP-022810,96.49343675358601
PROP-029787,292.695984463496
PROP-030625,63.30111133332386
PROP-084450,162.74722220966726
PROP-091590,85.03148461760583
PROP-040874,248.62680988533467
PROP-090483,107.02956565060816
PROP-019767,63.81319068786229
PROP-000082,209.45080860143
PROP-038657,263.47240716107405
PROP-026289,-31.873388156989574
PROP-087456,74.24444676497217
PROP-070579,89.06365768801163
PROP-048680,384.68599767887383
PROP-022913,86.04033998489338
PROP-010334,288.7197332362476
PROP-099368,59.544854052303734
PROP-016823,71.41666231962068
PROP-089579,296.4184146139861
PROP-088600,29.43307033412152
PROP-081695,117.23496628021002
PROP-030607,-9.99487485692891
PROP-022330,-19.56916463448568
PROP-019167,590.2100638310869
PROP-011854,17.046563837320548
PROP-057466,254.12390911430901
PROP-003567,144.59114348475956
PROP-081820,105.85731973617713
PROP-088346,220.28368424900628
PROP-062683,-41.01660057152324
PROP-074344,216.5636341575522
PROP-099274,302.1935953389128
PROP-036054,-8.430557724602664
PROP-040444,74.51973071204293
PROP-021988,90.51085724656002
PROP-072826,163.11865425452984
PROP-054920,167.08298109946296
PROP-009994,91.94993048269254
PROP-053387,148.43104932047837
PROP-088889,230.58887220409764
PROP-066902,113.84031910437596
PROP-086576,269.26927300642245
PROP-074661,180.64761270091995
PROP-015418,102.1992332890031
PROP-010648,84.26730068953862
PROP-029623,248.0260330588969
PROP-000964,316.1128710204185
PROP-032526,167.55139625082188
PROP-087522,13.909023852020937
PROP-070538,-41.04866672178741
PROP-026453,222.03407742086884
PROP-019824,43.68450230398122
PROP-066433,166.92960743176866
PROP-080302,169.2854290720319
PROP-019275,68.19205092746961
PROP-026095,21.2208683647153
PROP-037662,164.0651949073422
PROP-022966,71.08524142381022
PROP-078486,57.32757204346187
PROP-051676,125.8894001401793
PROP-077089,76.46371899660596
PROP-081664,373.94749130210573
PROP-080257,154.47816448789237
PROP-001182,216.7445370724797
PROP-037818,51.44199787906299
PROP-035876,96.71074116020588
PROP-015767,45.42008375865612
PROP-088090,172.9604314832241
PROP-074412,250.05844875810925
PROP-072169,397.47071037328544
PROP-077763,168.47370259927663
PROP-083983,177.88302967764918
PROP-095920,65.61447975209877
PROP-061652,142.6121129374392
PROP-032411,277.249141900337
PROP-022348,114.54517681305208
PROP-032904,60.99833010103306
PROP-015978,50.31725127248987
PROP-072843,61.38200136946147
PROP-069973,16.293892435959762
PROP-063921,162.19993213586702
PROP-054123,53.78134687846286
PROP-036467,92.95149485034716
PROP-095202,241.44108436087072
PROP-094958,136.63437980526254
PROP-054086,391.9386916472389
PROP-039773,74.56883655656841
PROP-049762,295.22829327222723
PROP-041183,9.85297873053981
PROP-097187,69.95156850657764
PROP-035041,345.9752962951269
PROP-044539,36.6952814026161
PROP-086020,408.7910990231171
PROP-098721,310.45306189478595
PROP-098684,175.16352491350406
PROP-068885,131.5623309989026
PROP-029732,112.84893470880883
PROP-016883,72.61010386018478
PROP-051643,125.75565452866064
PROP-007988,30.34546555316375
PROP-072309,238.83247426103136
PROP-063479,379.9543463874937
PROP-091046,21.078543096153798
PROP-081314,81.96181835768162
PROP-059385,92.49867665495066
PROP-099631,72.93195104785562
PROP-089228,341.95698322621155
PROP-043925,329.991073008428
PROP-026713,174.8448834145952
PROP-061971,175.45262238979458
PROP-067953,-56.847951915782744
PROP-038826,-29.197120576653134
PROP-052972,327.76023030028546
PROP-031530,21.38068875782959
PROP-088788,287.435718120835
PROP-094799,193.45305970385755
PROP-051403,303.9065733240444
PROP-080752,125.38186593436079
PROP-099417,373.53529774762245
PROP-088082,0.6895121973354676
PROP-067798,307.20212036465784
PROP-014437,76.12793243579588
PROP-009127,251.6938107769868
PROP-081359,143.62148009356787
PROP-057696,62.53326569774614
PROP-001342,290.6752241623341
PROP-034613,247.92989132528803
PROP-016149,-5.808906359552465
PROP-073595,155.17384419273486
PROP-087894,250.71324591677393
PROP-096878,353.8986199479267
PROP-007841,230.8967018452102
PROP-062803,100.37554474177873
PROP-021745,43.92622087714136
PROP-083015,209.32929185491508
PROP-094236,122.28772383438395
PROP-017624,119.96270054576888
PROP-086967,72.71907871096074
PROP-014006,267.9219007387924
PROP-074576,30.197984007674037
PROP-057607,246.202404124639
PROP-040386,81.80594240180066
PROP-073866,86.73244032090443
PROP-002820,200.22899280287407
PROP-008862,57.47188534250114
PROP-029053,90.97862631782016
PROP-067888,328.25743262439624
PROP-055714,53.017984575719126
PROP-019764,-5.610134876926304
PROP-030632,249.787638398291
PROP-017788,360.851565651455
PROP-095171,312.19505033749857
PROP-027838,305.271611581859
PROP-070260,263.95363788339176
PROP-008020,351.3416623907164
PROP-027498,42.737571112484815
PROP-087902,142.87331723080325
PROP-035628,1.6239813648454868
PROP-072805,144.68389900958047
PROP-043377,159.60174311451658
PROP-002723,333.01709704853135
PROP-029075,29.53779359321655
PROP-070938,107.62033299833105
PROP-098641,188.6917917365198
PROP-084348,87.50808141432375
PROP-069261,56.933614636850244
PROP-006220,73.38802154347685
PROP-096568,65.39739317453203
PROP-059589,106.79855308175692
PROP-060652,239.41930581739777
PROP-077375,-2.6283356558309654
PROP-043992,284.8365409729822
PROP-066736,91.26349661526868
PROP-052600,270.56959549032155
PROP-048352,59.65624745177369
PROP-077593,312.6798988039489
PROP-069693,318.3240264944297
PROP-031345,279.255830987321
PROP-041326,71.73464017408004
PROP-055372,53.121719802350675
PROP-065774,139.93020386869972
PROP-030766,53.771381970870976
PROP-028396,6.7390408689768755
PROP-030034,-15.441566429750152
PROP-036905,187.5182046753329
PROP-031245,117.31749894179639
PROP-095442,155.81715281897925
PROP-009425,278.9164211129561
PROP-095338,150.37978995491352
PROP-018294,-35.840872296363614
PROP-073382,196.8920223653683
PROP-067348,-76.32985056877428
PROP-005138,258.9673116015285
PROP-027833,187.7900641488743
PROP-046044,80.30933337924496
PROP-048403,38.75064313731428
PROP-031453,107.18589459934017
PROP-098369,78.08183792095706
PROP-044793,193.90999550339777
PROP-075936,74.43981839523073
PROP-055561,-2.8154516954231603
PROP-031492,256.41504145392173
PROP-040101,118.94185331072893
PROP-037351,131.3616412646069
PROP-000823,207.0194800808207
PROP-015872,97.94224056159683
PROP-015644,30.488607729495563
PROP-090601,126.8089287028693
PROP-026616,367.52428521600024
PROP-038921,140.5097013111864
PROP-070868,78.4270188960991
PROP-050923,39.12481882885176
PROP-000380,66.88388764726534
PROP-075417,311.7601380215517
PROP-084398,459.2581936179818
PROP-075888,103.0065099683078
PROP-041474,18.94877476208079
PROP-065940,425.0716666771872
PROP-076758,24.561340355006116
PROP-047198,15.232552997550854
PROP-020148,83.04607856874645
PROP-059502,227.2124029774297
PROP-077938,75.05405740590764
PROP-038235,5.859344229800023
PROP-031869,-3.67345950923891
PROP-083584,92.30165695225831
PROP-073577,85.86397167639612
PROP-059274,7.626600230615701
PROP-055256,52.654869427053484
PROP-030282,50.59710129964591
PROP-068947,74.59053845852739
PROP-015710,186.4856223501861
PROP-058022,352.90443109496675
PROP-026989,603.0437385244999
PROP-048821,366.4539561667928
PROP-031508,-6.224684843217363
PROP-047318,98.18331716103869
PROP-080582,195.95245167940095
PROP-065385,412.46831360660764
PROP-058673,-6.886027449437906
PROP-024736,204.88065847036526
PROP-067634,84.96860463524008
PROP-059400,240.233723420644
PROP-078596,372.6823697442949
PROP-048585,446.0958693694711
PROP-098628,79.6617794618198
PROP-016931,286.6471006540392
PROP-013708,240.2032399036268
PROP-055855,4.166989456642508
PROP-088481,61.44755514537129
PROP-036721,75.69806882818126
PROP-085441,260.154177507488
PROP-054889,37.06406213518443
PROP-087769,324.6159382545556
PROP-074258,12.1081548956762
PROP-025070,112.5531145459422
PROP-033673,163.72575105485265
PROP-046790,-12.140772239888397
PROP-071019,-27.924347830405523
PROP-032200,264.4707066613759
PROP-072725,93.42669415539152
PROP-099677,120.20360016131767
PROP-018168,334.8051801887556
PROP-039896,150.98178954451416
PROP-047818,19.088644970566833
PROP-030882,334.21483529791476
PROP-038589,84.37106387375381
PROP-088406,32.510489432822496
PROP-014266,89.90002762675299
PROP-083718,289.7930911627199
PROP-019991,243.8804979029597
PROP-080270,71.56148374943227
PROP-096033,239.4750623537161
PROP-091318,215.04890475144646
PROP-004430,94.18760548940058
PROP-072922,148.14862197584196
PROP-053211,137.52215775623554
PROP-065512,285.4429983872251
PROP-097548,16.58848288189984
PROP-049972,204.8991758302211
PROP-002026,85.2269894484532
PROP-071365,207.82590810926874
PROP-093403,71.65520257684364
PROP-040657,77.17941375680354
PROP-053350,207.20201587063806
PROP-008595,95.08654480296232
PROP-089047,154.34206918737672
PROP-096733,6.649273686689803
PROP-043931,312.2261323578322
PROP-002935,75.19076994477007
PROP-027008,278.6636821505984
PROP-036679,126.62281690986131
PROP-021570,280.8144508167218
PROP-050649,-72.40894521766165
PROP-021432,163.7866933163795
PROP-066159,-25.836799025218767
PROP-036492,139.69939228317878
PROP-021709,-26.884790567952674
PROP-000427,39.95708867921857
PROP-003327,157.6636514090777
PROP-037078,114.2441099216665
PROP-060820,316.2231951782585
PROP-064218,151.8913044162173
PROP-097923,224.04072537394163
PROP-025326,93.6943564629708
PROP-042445,9.259918244676129
PROP-001318,-13.479984695939558
PROP-005515,167.35980259594513
PROP-094087,133.45125016787802
PROP-076377,-44.48656478750048
PROP-056711,46.45772874651784
PROP-061883,282.9730984741395
PROP-053203,-104.89342014896118
PROP-099412,32.29653075683787
PROP-085364,57.634236842188095
PROP-054323,74.47648113140889
PROP-005123,4.7359604217958715
PROP-021194,44.35092777141741
PROP-027291,96.95573311442834
PROP-009318,-5.553387813960761
PROP-072119,224.7547742273496
PROP-093877,290.6612059441909
PROP-092841,261.3068430851737
PROP-041666,92.31380196258826
PROP-059503,75.71610431475045
PROP-044754,114.41760275378054
PROP-024284,-47.34158450240392
PROP-049450,329.9909579032653
PROP-055740,300.8446140110249
PROP-066959,41.23467126135783
PROP-080152,81.5288294334928
PROP-049543,76.96617542892217
PROP-099189,264.7618122530737
PROP-012163,145.23215889075445
PROP-000906,58.67858963183893
PROP-023597,-11.035315973266098
PROP-083054,112.45529081900517
PROP-092350,108.20797269390027
PROP-015442,82.07800647795268
PROP-012944,150.9567108835671
PROP-002517,229.80306626835335
PROP-035419,114.21879350941781
PROP-030712,263.8105299407125
PROP-016917,34.23590544333148
PROP-028720,-43.09545009016897
PROP-052618,127.50078933531535
PROP-002098,60.763781859388075
PROP-019136,96.50673933956794
PROP-069618,121.35053902735018
PROP-065027,75.56091575874493
PROP-036619,175.51245023738508
PROP-052422,274.6385588303687
PROP-079830,97.35134665055543
PROP-041375,87.80253192897848
PROP-026939,214.02549513368803
PROP-033344,155.91905127695077
PROP-054412,293.7599675838567
PROP-090290,240.85965489317397
PROP-004689,234.63519492694832
PROP-083506,18.21554413721456
PROP-010891,267.2379968272102
PROP-041315,57.267829101067775
PROP-031784,129.59812162397054
PROP-026004,203.70988859726634
PROP-099115,-21.84864453759443
PROP-069023,39.663930398965476
PROP-024930,85.26005164558335
PROP-033412,75.28765339182065
PROP-016156,446.65379722036414
PROP-072109,82.43636652876316
PROP-058082,106.74161313985395
PROP-059809,6.860486360880298
PROP-082573,-12.459703274064282
PROP-000368,86.16541638372757
PROP-020214,357.2362624301339
PROP-069765,371.55726320481824
PROP-055680,339.69419874137077
PROP-069761,201.51890284112915
PROP-085823,203.71304029185072
PROP-065874,112.48638696861562
PROP-027652,111.41130140903579
PROP-003276,225.46094731204494
PROP-062943,98.36576245044913
PROP-076185,272.8652172578892
PROP-076456,342.33510250751465
PROP-021323,169.26353003054393
PROP-031276,24.55489683903657
PROP-085264,258.57618474836687
PROP-090621,441.575550049704
PROP-063623,395.6543874410426
PROP-083669,136.70623296210516
PROP-011439,82.89305742751876
PROP-095786,168.17408770215945
PROP-043570,200.05187769835484
PROP-062733,381.7246902604336
PROP-075283,407.26775344245624
PROP-030624,93.20470615141309
PROP-027149,70.8369198338817
PROP-095368,112.02849617288592
PROP-060901,-16.38728362171006
PROP-080255,42.37103204666738
PROP-023865,79.3668317432606
PROP-013492,391.5945724835814
PROP-026031,87.16902054757755
PROP-036089,64.48689700759058
PROP-075848,38.13568025720501
PROP-031872,32.655261592597356
PROP-057670,233.5828109219077
PROP-029070,124.06043786188778
PROP-090151,172.2748689166726
PROP-035577,36.27578795646903
PROP-096371,336.1796376617823
PROP-070122,201.69170408212617
PROP-017777,18.37060820972557
PROP-065361,11.84849545826404
PROP-063780,281.1663123250594
PROP-045904,58.07406323873023
PROP-075053,-32.17882474850755
PROP-007090,288.08446638949135
PROP-004492,35.56041560298931
PROP-075718,52.41923225917941
PROP-008062,58.85129391077007
PROP-043394,6.79758279967341
PROP-001645,28.460574114964174
PROP-045103,98.43508795738109
PROP-060524,203.78328696111186
PROP-011009,116.12211047156576
PROP-065273,122.1327225836963
PROP-049600,293.54321959248114
PROP-032100,9.889334182954883
PROP-022785,29.78353670131379
PROP-090412,246.81352267934253
PROP-050962,19.619111173192998
PROP-043099,328.1003292742979
PROP-099072,43.60641233170764
PROP-079986,79.16522929153018
PROP-063614,244.45464108233983
PROP-088507,65.16117878731309
PROP-097557,284.8692694945613
PROP-070718,188.84233816461614
PROP-058247,236.60327870063065
PROP-050639,357.36752290926427
PROP-001139,363.3067877133571
PROP-020768,98.79494607384171
PROP-041399,181.2634285551685
PROP-009666,298.96289959813953
PROP-079681,248.69173167054637
PROP-036744,102.99308197195684
PROP-073309,4.227286131984066
PROP-046876,20.045309394673872
PROP-067739,86.08432371159182
PROP-029797,24.293206213508284
PROP-079293,21.8295320826766
PROP-058872,58.56519227450059
PROP-026772,116.73750347605147
PROP-070595,131.77096701269352
PROP-089449,312.1600355430868
PROP-053358,200.40162507256028
PROP-020463,47.85927828265835
PROP-081892,79.78632833551173
PROP-064005,46.640733759072226
PROP-005970,299.2496409171812
PROP-053062,106.12149949558861
PROP-064879,74.06837320748859
PROP-068236,299.7097153608722
PROP-001401,61.05442044414224
PROP-072380,54.88807082729368
PROP-093808,87.67251364330623
PROP-076067,273.0852742945933
PROP-043055,150.33814038240155
PROP-048685,55.58183504200754
PROP-033747,69.83687908487175
PROP-001860,-18.986127053594473
PROP-073743,238.82574589099403
PROP-013235,133.00855487661985
PROP-090300,209.8618255723648
PROP-006512,27.60118261332751
PROP-043054,95.01236399563055
PROP-007896,7.394818528159007
PROP-011208,219.31588644003722
PROP-094151,46.10325575078116
PROP-014738,110.4383234627054
PROP-058999,395.08152259275073
PROP-015743,217.6719222805456
PROP-053721,122.32082949423003
PROP-095996,72.19263209847769
PROP-014616,16.6493178287809
PROP-014799,208.03890587323505
PROP-058938,210.46420103138763
PROP-035654,17.843639179909587
PROP-002455,-3.5669662493665797
PROP-071046,368.58527631632523
PROP-070191,3.8875029702203268
PROP-021042,137.2844683992703
PROP-078667,223.16223914430964
PROP-081839,16.56006111331217
PROP-066823,-53.3381087399909
PROP-082248,102.52510609190618
PROP-059968,131.9814621962754
PROP-077898,178.6453868496233
PROP-014674,93.97034188486097
PROP-073442,118.23429951903712
PROP-063581,98.23543315201381
PROP-011634,126.69487316478435
PROP-006691,301.0440431628854
PROP-010453,141.45379517372135
PROP-006175,219.7423183138252
PROP-032865,45.02909597207992
PROP-010985,506.3129816396902
PROP-093432,197.31941451871418
PROP-064250,192.7080682906701
PROP-023440,67.46636550462415
PROP-097402,145.17993788169107
PROP-005024,334.04679330950756
PROP-010628,117.8977775290839
PROP-095702,142.1586581555279
PROP-096308,63.859093571779034
PROP-009305,86.04074905472498
PROP-058918,420.15356745397577
PROP-059075,314.5962556701867
PROP-008694,72.64747836257524
PROP-088622,191.42145648877283
PROP-072764,375.2848433061652
PROP-081807,58.88909762782066
PROP-051122,288.2344672470462
PROP-023988,92.03923585843391
PROP-070240,368.85535760875683
PROP-041288,233.29169579124516
PROP-022369,87.37652782700957
PROP-005444,145.9376685446114
PROP-001838,390.0809927387944
PROP-029436,68.25486193929765
PROP-058593,50.687567159030756
PROP-019648,227.6030823656542
PROP-045600,212.72747895560906
PROP-077889,156.80824682770537
PROP-074948,66.31739595325345
PROP-018675,188.23632573657846
PROP-090559,71.30081870106648
PROP-005306,185.03455908188826
PROP-085078,106.25137181710276
PROP-014704,248.40803704179558
PROP-026890,37.99587215708805
PROP-017571,86.40574288359544
PROP-060282,228.45070994663763
PROP-037741,341.8547097298073
PROP-068284,342.7415670789844
PROP-073661,-63.686536150361974
PROP-025793,156.3883533657854
PROP-030599,385.5994929730964
PROP-074952,100.93939584944324
PROP-052388,326.26798926059246
PROP-068197,73.5629739982063
PROP-066650,-15.257167973999705
PROP-029246,279.3832918537439
PROP-023332,113.86363876783382
PROP-086745,231.00440370147294
PROP-083247,499.23557063209194
PROP-075587,233.39350466662708
PROP-034034,77.07060550339156
PROP-081315,94.82499998336328
PROP-019429,195.12154420305086
PROP-063769,31.549245428177308
PROP-041115,149.70712745262898
PROP-066407,147.77408258176092
PROP-092678,78.4784259331505
PROP-094294,315.5886999602237
PROP-041510,78.28350254275941
PROP-025790,25.557956029062694
PROP-098906,215.48913890262446
PROP-059240,331.70210665488037
PROP-026185,80.14168965816285
PROP-053827,41.540708543465186
PROP-048881,203.33865226602146
PROP-022730,41.55535840362195
PROP-039188,128.38628007861595
PROP-017179,79.04836670759174
PROP-050756,78.0835438024784
PROP-092999,103.05138980701707
PROP-047869,259.097333257306
PROP-023890,105.2624859888231
PROP-056700,64.12695543742376
PROP-091938,69.93834423011617
PROP-018422,88.14614605075543
PROP-092026,380.8392695326655
PROP-092102,85.51155630095145
PROP-064918,135.46321039427616
PROP-099096,225.55549510640444
PROP-096901,75.73905074119352
PROP-031666,215.4208078535044
PROP-050253,70.43126083676302
PROP-012470,422.21705420525626
PROP-015597,281.3335711043436
PROP-047061,17.021603234625488
PROP-039857,41.60361304050133
PROP-018924,74.54150198156145
PROP-006553,102.92535635418926
PROP-035889,79.15933783117893
PROP-079737,6.69948229290607
PROP-071301,237.672680637634
PROP-037578,151.94112076431938
PROP-035280,253.50539013109125
PROP-040860,165.37459237790532
PROP-055745,8.482946580284025
PROP-086211,63.1951570469887
PROP-023424,-13.420627669835218
PROP-023215,267.9238591622077
PROP-006729,36.93352788077462
PROP-073145,223.91172081611833
PROP-003398,223.76579328099479
PROP-087969,223.29609395788134
PROP-076021,270.81945487098073
PROP-001840,24.17340280663931
PROP-093755,386.1321596948916
PROP-020912,168.6160203769476
PROP-084194,140.9860010271214
PROP-001831,297.4284593483858
PROP-068825,488.12119398621866
PROP-031090,34.45167822259969
PROP-008433,54.926708999735524
PROP-080645,228.628377123285
PROP-035734,53.185607861123586
PROP-003745,175.42988118275977
PROP-002777,46.49893933636782
PROP-018798,259.98912161707705
PROP-086611,94.63600617192418
PROP-072408,188.32881996323138
PROP-031947,15.162493509505206
PROP-038529,11.574649919758325
PROP-046526,3.610784192094396
PROP-008516,132.9098690602269
PROP-098899,275.5780197962667
PROP-033254,84.8899012019384
PROP-097284,101.2849199209349
PROP-044661,2.0175486735380623
PROP-058253,158.1689096357446
PROP-023673,26.593767873772492
PROP-042550,90.99181042289061
PROP-033362,113.57184450018472
PROP-010949,36.85313802542166
PROP-060140,131.7165298714985
PROP-032265,144.4065492705454
PROP-002439,187.4530821759144
PROP-090241,203.27225369466794
PROP-035149,41.7433495364329
PROP-037695,197.82641069914456
PROP-093516,107.07481189866996
PROP-078903,49.879627651465825
PROP-063797,326.36990176311747
PROP-096748,264.43124126956553
PROP-014338,43.480274932434305
PROP-093019,-34.51403739603579
PROP-024853,45.959115392565685
PROP-090534,5.817507831597515
PROP-068327,15.16350011852101
PROP-043958,270.5247653601017
PROP-038718,239.6281456999497
PROP-099693,116.64930986655594
PROP-016551,118.01396315575536
PROP-006316,310.115897679092
PROP-082617,10.586736671801416
PROP-086508,103.22699615518589
PROP-038924,141.83669640073524
PROP-069470,220.42673062838918
PROP-062792,392.5304413378873
PROP-032891,100.27480565957129
PROP-063140,130.90228510420664
PROP-064001,65.15208705242688
PROP-068054,226.032916671997
PROP-093089,133.64002676275018
PROP-018973,225.9324914895868
PROP-038690,130.65144416922425
PROP-026246,13.278504484216393
PROP-079716,271.4177427806804
PROP-033789,251.2012121856023
PROP-076572,12.95773881657357
PROP-063965,36.10066071599094
PROP-016269,180.6928300745462
PROP-002021,105.17227126501314
PROP-063051,385.6008517111609
PROP-035131,167.21925950107692
PROP-008427,229.73556572860534
PROP-050917,370.99557093531917
PROP-046294,150.45647681690494
PROP-067627,218.81356490632487
PROP-094269,122.87420996446849
PROP-076380,145.4600683067581
PROP-033807,241.33937770778903
PROP-012020,198.14990726626286
PROP-079811,24.227268169410955
PROP-090367,50.330382893077584
PROP-060587,358.04919890753933
PROP-012188,139.31186082724255
PROP-073684,193.27202542296254
PROP-006750,245.10085757849933
PROP-074319,99.67476770378141
PROP-074745,187.35814215410934
PROP-097877,148.75297159512837
PROP-042698,189.46226361569302
PROP-033637,54.35671951623781
PROP-024172,98.69007581651405
PROP-034430,102.63954829036112
PROP-095428,251.0038521502943
PROP-079417,27.5659164918199
PROP-037728,73.32718482570415
PROP-061465,17.012434932875944
PROP-038307,177.13743257936858
PROP-042664,253.41543419571911
PROP-094614,-22.62355179654946
PROP-087500,57.50284892963692
PROP-034063,331.4906594141684
PROP-095367,248.58567555031928
PROP-082114,83.64621269064494
PROP-088111,116.1691623579063
PROP-011569,102.6100136890795
PROP-072009,231.75603242384133
PROP-037970,177.39823435019406
PROP-025183,16.30550197948793
PROP-067766,392.1565651016505
PROP-053770,42.42330758761115
PROP-012001,51.43492983340166
PROP-036156,26.17637578087308
PROP-047305,49.404062592688376
PROP-037510,113.30129785973554
PROP-065725,90.37319632128796
PROP-069589,110.97379015866174
PROP-053074,69.67195405654985
PROP-043799,114.89904698002806
PROP-091446,30.4769310082458
PROP-058866,6.533172151582626
PROP-030247,15.400407963157225
PROP-078379,46.60976170872785
PROP-011597,59.20044799750727
PROP-066796,332.6199386240963
PROP-065612,78.92184447438774
PROP-074728,-12.184086824733754
PROP-057052,121.36218032625543
PROP-022033,149.19617205101721
PROP-028650,114.94244015906446
PROP-097648,464.475375448449
PROP-035154,98.33626612212149
PROP-097024,259.8580666395119
PROP-088727,174.06012803828767
PROP-063890,-41.321036970345595
PROP-026860,70.121924223831
PROP-011812,17.490933424903183
PROP-065996,222.09070492361988
PROP-036934,44.4519878849261
PROP-064008,114.15295822004312
PROP-049965,134.63659228992975
PROP-003573,416.270644280242
PROP-018155,229.3045933312556
PROP-073315,213.35360385550828
PROP-046304,57.09587918097883
PROP-074105,99.66838570292298
PROP-039148,14.763846337160413
PROP-027181,120.3892806609489
PROP-096504,46.938251634344645
PROP-059461,52.8708226948519
PROP-004124,203.3225171159458
PROP-098050,28.679059481116635
PROP-014217,32.63408257624812
PROP-021304,282.43958785148214
PROP-014783,316.4514259506671
PROP-004867,135.10146423736958
PROP-047936,114.1088951594276
PROP-003978,-4.897307218160648
PROP-036295,10.079790674025482
PROP-061587,60.68762420569345
PROP-031752,6.652975484488975
PROP-097195,92.35195040488762
PROP-030039,132.5522048712034
PROP-098435,12.84450077644594
PROP-069808,299.6602744547505
PROP-050563,79.10248612496889
PROP-073331,71.84082057459592
PROP-089300,310.7678927875437
PROP-029168,183.25731080645804
PROP-063856,527.201792404557
PROP-001847,314.92193506877345
PROP-074440,-9.71190962821259
PROP-026120,194.2389410898509
PROP-080405,-24.6977782490067
PROP-098402,71.17676108481433
PROP-091582,201.75752337736293
PROP-078468,110.77904756802778
PROP-014725,233.95338815400595
PROP-081704,96.6025278550887
PROP-055875,67.39630945233924
PROP-042645,470.4541959434322
PROP-095580,48.74651555492554
PROP-029188,210.18584057442754
PROP-035175,114.84391715720034
PROP-082687,260.1265911399992
PROP-058849,265.03320702046847
PROP-089171,153.39450828826875
PROP-099597,85.18767683766427
PROP-075856,34.631738082564624
PROP-019500,-85.12924374604368
PROP-061796,81.36817833770858
PROP-023411,67.01163879031338
PROP-048201,99.68769091853946
PROP-048251,346.4766083072402
PROP-005711,10.436619511017277
PROP-025691,51.72484243715103
PROP-098436,24.580925180826785
PROP-083727,51.239285685832684
PROP-052881,305.8587353771552
PROP-097166,384.2115698298213
PROP-085549,247.7171177429958
PROP-078082,79.9548352817909
PROP-019967,215.44643048577558
PROP-060262,71.38859953950153
PROP-003149,31.503553391665516
PROP-031285,40.81972785530107
PROP-064370,341.81855135094867
PROP-039850,51.90152009664837
PROP-057623,52.920673502598305
PROP-010039,51.24813201187645
PROP-026695,288.5393695397204
PROP-008559,50.78666571178507
PROP-002873,23.084196662676607
PROP-068208,56.6472518076166
PROP-046641,20.02694875632207
PROP-010185,287.9307440712129
PROP-092517,40.364101297352725
PROP-003877,117.73978110077732
PROP-048054,216.03575747307198
PROP-074755,71.6151890649374
PROP-031498,61.27732650615806
PROP-059111,-56.54619501699208
PROP-067055,67.2798865186569
PROP-041860,441.61003306750825
PROP-057233,14.589158207575613
PROP-030188,508.96558874914854
PROP-062198,73.27660484739727
PROP-001409,200.95616151306393
PROP-091507,303.26779446009425
PROP-071791,40.76829576866606
PROP-052726,-4.762752338335549
PROP-034589,334.415005622335
PROP-002790,-0.17706042358713692
PROP-041382,16.972840492183053
PROP-005823,149.866336781193
PROP-066665,134.47148517585762
PROP-050222,87.64641345230851
PROP-080332,58.9387813194421
PROP-067925,240.52003490179627
PROP-072397,139.5931885949662
PROP-078986,31.860231658696428
PROP-080263,74.69473013175005
PROP-050770,62.76263149351278
PROP-056778,136.8219575422162
PROP-046512,35.617849473014594
PROP-098240,27.832097153535294
PROP-030848,10.742814154417765
PROP-062701,77.046132002792
PROP-065301,81.81061133993768
PROP-030612,74.42548238199979
PROP-045609,259.87125409050145
PROP-003968,107.42794691154559
PROP-064072,160.03492748762395
PROP-062292,38.27600273223451
PROP-016256,36.340082072680936
PROP-073510,26.360445626319017
PROP-005862,90.54910352050554
PROP-036830,-3.81986801942314
PROP-028238,-5.062439857351592
PROP-029953,323.2742828496009
PROP-098399,47.61575870766779
PROP-036235,-12.879834571093411
PROP-066821,280.05383007717563
PROP-030737,235.30199653431956
PROP-065101,334.03415658817636
PROP-009758,64.6564959720541
PROP-007487,61.04032601932256
PROP-006315,109.07517202692979
PROP-035004,146.3924376315417
PROP-057827,27.3722729862845
PROP-091173,13.467126689789612
PROP-039481,159.7381289319851
PROP-067198,64.60873844483496
PROP-044358,61.47847228945616
PROP-029233,87.07213258642618
PROP-095016,144.92484946184314
PROP-076486,131.19326931708383
PROP-008567,27.865530683322376
PROP-018512,214.75327697823073
PROP-066362,-0.5051784277137337
PROP-097257,187.09165833751712
PROP-061231,38.76349411826773
PROP-029434,292.4922212664413
PROP-080219,26.635705836116564
PROP-056742,-10.597715824448223
PROP-073990,70.38893228359375
PROP-001519,40.786896808482915
PROP-017856,189.54093748017684
PROP-026404,31.480540126420244
PROP-059664,59.61516613995117
PROP-050472,128.6808501777881
PROP-063988,472.23664260194334
PROP-028493,-58.40943693646901
PROP-061844,-22.25165922859857
PROP-021112,256.32595040281205
PROP-003490,62.07334540738381
PROP-083805,-42.73637595093979
PROP-072294,211.70069864585525
PROP-092429,168.67127919190958
PROP-060454,307.45868781160004
PROP-012917,216.97763523916282
PROP-070842,80.64254790153117
PROP-011969,72.19232277850138
PROP-020169,131.92715672222465
PROP-028143,229.62451651020893
PROP-009672,53.64436639000442
PROP-083118,361.70967667680276
PROP-092596,183.23706194834594
PROP-004100,346.42670437289433
PROP-010871,234.23185154046308
PROP-069323,347.02354003031303
PROP-037921,83.74353214339988
PROP-074874,-10.268054992519213
PROP-052363,67.99829805185158
PROP-029578,133.0064348429077
PROP-091925,223.53800053444456
PROP-071183,87.74729100982245
PROP-004500,47.005005685660976
PROP-068289,311.75017271342574
PROP-082152,138.6445721114509
PROP-038253,115.299931918496
PROP-088735,206.21189187296983
PROP-004390,-15.638206770337703
PROP-086312,272.1052824196044
PROP-084929,61.98415132633866
PROP-021872,217.1945581022476
PROP-043471,97.85185593162441
PROP-009099,66.85939260908677
PROP-015470,42.482524471533445
PROP-091793,60.58897011101497
PROP-000744,178.654667151207
PROP-002929,-1.1670921341500957
PROP-072772,-31.127968600282927
PROP-074321,95.92577253489311
PROP-052566,7.026072313594696
PROP-037803,110.96053060715565
PROP-052129,9.956401538447533
PROP-099401,97.03649315998831
PROP-048730,92.09981490538445
PROP-006482,115.92444346691092
PROP-030280,29.132609072277443
PROP-038271,223.35464169631612
PROP-058495,437.9538266376139
PROP-033300,103.08545786084163
PROP-078004,95.31842810923663
PROP-092034,102.4600466980762
PROP-028717,221.54214290646507
PROP-051783,114.1063772902388
PROP-099241,312.70736028798683
PROP-005589,337.81463223817315
PROP-041491,170.95725700007625
PROP-075439,-33.04065005987142
PROP-052362,73.07183202625404
PROP-090528,-18.86140152279866
PROP-017185,45.44543252576471
PROP-083832,87.21885701906618
PROP-019467,366.4832602979609
PROP-070659,134.0770183230058
PROP-027946,58.70206488243722
PROP-037248,207.83834162741064
PROP-027231,135.04810071107102
PROP-001483,243.8400249617887
PROP-010663,89.67233150800752
PROP-028261,26.377394227678828
PROP-057508,30.19945516845663
PROP-037555,126.36395467535453
PROP-003884,18.804307327409255
PROP-004980,146.51074369607673
PROP-051067,189.20200917247763
PROP-060603,32.100376030554905
PROP-072747,26.830693100794928
PROP-034279,547.4300134115068
PROP-021145,-11.76663422640226
PROP-051263,3.05001908657529
PROP-011028,239.74120161452305
PROP-031165,208.99748653818637
PROP-010905,144.2488674950852
PROP-049174,354.0354426953441
PROP-026867,198.36315984300057
PROP-071115,188.29030383806443
PROP-043894,98.6300584291121
PROP-012893,231.34998282001686
PROP-032116,351.40193308207984
PROP-068240,105.28286817870443
PROP-062946,-32.261055833792554
PROP-085408,221.84695246039445
PROP-079022,81.94164729345312
PROP-004389,145.9979719555487
PROP-013681,70.57192326112605
PROP-010896,12.325677248348121
PROP-063401,134.56334124172747
PROP-062939,162.24995316110852
PROP-030349,21.940958771299208
PROP-055508,128.67441413931448
PROP-035023,145.85330588824104
PROP-015798,296.8277801143369
PROP-052577,59.614378286429336
PROP-070302,132.3367186447062
PROP-006051,37.92736196266747
PROP-053787,170.4282007556848
PROP-022742,225.69751505482304
PROP-031393,12.300135590319567
PROP-089742,213.06989575508268
PROP-047237,119.8276402816109
PROP-025675,60.86226844116534
PROP-053663,269.99631564035457
PROP-076897,214.7606143724987
PROP-043141,204.73015152667136
PROP-034114,80.77366002406488
PROP-034066,90.9772413716668
PROP-059644,294.6816975063
PROP-082255,157.3087709388155
PROP-098304,75.57869446973307
PROP-060418,154.73743112849348
PROP-059887,237.10630723855385
PROP-019355,149.37670643726756
PROP-053084,92.33895316624353
PROP-026654,538.4183098645917
PROP-091044,24.47335404154387
PROP-088194,-4.318772354212893
PROP-061867,454.7717124233468
PROP-077705,220.47625916834795
PROP-083392,297.1318040899574
PROP-018242,438.74278287456286
PROP-086157,248.46707758012795
PROP-015373,-1.7317399404253244
PROP-005467,157.17926906255937
PROP-036504,205.5554609742323
PROP-010881,75.32497163796212
PROP-060358,225.49103921426678
PROP-028855,291.0180731933771
PROP-079445,261.03465563631175
PROP-060602,225.22546830226497
PROP-097390,91.80002487138378
PROP-035345,372.8416456206344
PROP-088402,175.34967065670125
PROP-050026,124.79410831778618
PROP-074723,25.357699218920466
PROP-034598,181.313165456595
PROP-088575,3.101525081392561
PROP-016247,307.921702234049
PROP-082313,15.14846994177045
PROP-096293,102.30456496073869
PROP-051803,349.18779233562947
PROP-080214,120.4192849020748
PROP-018899,5.66005758613494
PROP-050452,100.20531850661432
PROP-039787,323.430358931838
PROP-029362,194.92728915685433
PROP-050115,494.6495299706318
PROP-063576,219.76836205988198
PROP-073456,48.35084698225542
PROP-074716,157.8451943988678
PROP-063586,302.8168690233101
PROP-074827,6.631623224044297
PROP-097177,156.56420306806842
PROP-097638,331.9499276419929
PROP-093283,-10.957963582817158
PROP-021700,205.20557554238104
PROP-027616,367.4039430027668
PROP-080911,89.91533170840091
PROP-031720,-4.607918348099259
PROP-092736,58.890471302560016
PROP-074474,438.23396151605834
PROP-055379,141.94505484997802
PROP-065478,90.18977546878106
PROP-070690,116.7135531205641
PROP-091581,268.3702678246031
PROP-091818,351.39051099140323
PROP-030560,182.05128681983138
PROP-054613,116.00206398823971
PROP-014149,-6.71470557395353
PROP-009299,104.12767312944527
PROP-066579,390.07502713083295
PROP-086646,293.1791572311415
PROP-016718,277.3747560259368
PROP-069565,211.40159878800225
PROP-098978,-1.8745920401840586
PROP-040430,2.621598482603293
PROP-077326,240.81806472551796
PROP-085834,54.72283268973038
PROP-039938,24.27437463878106
PROP-041722,237.9851872063534
PROP-006275,76.36551418094194
PROP-096023,392.0448632150133
PROP-000576,216.4859163365465
PROP-062694,-10.04910322050786
PROP-021144,352.00120562267426
PROP-006029,100.88825129245501
PROP-020391,11.07116177352436
PROP-033707,27.9249952158316
PROP-058855,15.998305398850794
PROP-037187,255.78944478255792
PROP-038236,125.63748142310727
PROP-062532,-30.617748676776266
PROP-016118,171.76478279921807
PROP-006441,193.38038976257192
PROP-071142,69.74387000253404
PROP-042000,524.5695393175113
PROP-077814,0.9880651581592996
PROP-036319,66.13065580399774
PROP-028324,20.635676108864473
PROP-024305,84.68332616068245
PROP-016226,82.26213095493978
PROP-090791,52.750051241215786
PROP-091893,59.729927446059506
PROP-005251,125.24434556752486
PROP-092763,68.4268631652746
PROP-001436,49.482744229745315
PROP-024406,36.17599100314871
PROP-075462,169.06874190841458
PROP-045682,199.49573350379933
PROP-030799,100.21737367097316
PROP-000539,62.2588076651447
PROP-005159,84.57140518377646
PROP-085915,57.048110012724344
PROP-056509,320.11790651253176
PROP-041518,100.44094988233842
PROP-014290,10.593761225071098
PROP-090325,111.83756670763213
PROP-030946,104.9424837803789
PROP-045317,-9.566964247565291
PROP-037797,60.76690763236714
PROP-070284,8.290739212605196
PROP-080950,111.50763866985022
PROP-033548,279.62845019278893
PROP-086139,109.53756945961703
PROP-062399,35.78966930909134
PROP-014092,27.20301996259699
PROP-084654,111.65273343769685
PROP-022444,338.0297976956557
PROP-072485,-12.897812648523836
PROP-087593,332.77776833626024
PROP-059148,208.66412878946295
PROP-094926,25.47078173129509
PROP-042945,-13.173140724959417
PROP-091801,183.18601693028077
PROP-031851,70.03609669075348
PROP-036777,192.05006258967228
PROP-083759,35.935671627768585
PROP-029012,14.345664910884656
PROP-068807,61.07636934206783
PROP-021394,45.133289762147875
PROP-032197,286.04515839256726
PROP-038903,268.73833906685434
PROP-079385,333.3118719707716
PROP-013190,28.82711766359714
PROP-076307,120.14372048279358
PROP-099643,57.112057476679865
PROP-099696,286.86977980544884
PROP-084828,90.145268132085
PROP-040031,62.04617205484293
PROP-029409,43.35561406475597
PROP-031620,218.74551463762052
PROP-043329,428.5197636439872
PROP-027398,47.62417402138453
PROP-000286,338.69570778185033
PROP-028528,0.5650750349287428
PROP-074529,277.37088971265973
PROP-050951,168.7318766665844
PROP-015946,-19.184383026364426
PROP-065171,179.0139853183315
PROP-058597,350.64531024097187
PROP-029140,169.8511148981849
PROP-053554,85.26588394121833
PROP-018564,231.0590566030326
PROP-077982,51.60268072044323
PROP-045413,31.141341104592577
PROP-048336,127.06059312360628
PROP-061850,227.56980323558128
PROP-006850,183.51607278367342
PROP-026784,-56.23255749540208
PROP-053805,75.1642711310143
PROP-013273,146.18696839461202
PROP-010513,273.2254011233754
PROP-095288,319.551247412871
PROP-001267,189.93119620479382
PROP-045787,368.3338694334455
PROP-039381,15.468771416667657
PROP-048356,187.55289734808642
PROP-003815,-55.34057435931419
PROP-098678,96.6245895815897
PROP-079278,378.519590644606
PROP-048981,156.05812021624837
PROP-078041,339.6316741635812
PROP-050972,293.1658707249252
PROP-093172,144.75004284429247
PROP-061408,323.61194582959297
PROP-057296,44.78518510394787
PROP-044479,87.95031240193987
PROP-072030,168.54513163149682
PROP-048778,47.68137459546223
PROP-085237,47.57522118472444
PROP-016653,52.2280230596658
PROP-043347,325.6191872310801
PROP-084714,191.3774764044534
PROP-009314,14.26077733945285
PROP-072415,230.7555618477552
PROP-036100,121.85558233947089
PROP-032735,242.0568229190486
PROP-099582,144.9458427123388
PROP-023706,0.0820714661403521
PROP-080079,59.80048255931482
PROP-083924,195.20121561759197
PROP-022125,123.1419110155021
PROP-067296,111.83373865871984
PROP-033841,38.10268439703124
PROP-065170,-22.513351156375652
PROP-004751,74.0496216164459
PROP-014559,266.7061834203316
PROP-097772,-6.962228561694645
PROP-046974,180.10824626318973
PROP-078962,309.8650469190344
PROP-074373,117.79155995064293
PROP-090775,216.46335423927965
PROP-040385,-6.71285397603063
PROP-060794,181.6766088300526
PROP-024470,328.87014595945254
PROP-069877,37.53318090108475
PROP-039037,125.74435187627238
PROP-070737,66.67912024148293
PROP-078018,253.50312539845262
PROP-068414,19.445190743370496
PROP-067417,90.05069101885636
PROP-073908,-30.61727014029629
PROP-065980,90.20114065721614
PROP-057791,290.6496083501245
PROP-074980,280.5484370025558
PROP-027054,137.3727527199661
PROP-069961,29.063971504849263
PROP-050797,-4.969355967622232
PROP-032336,60.258049773308166
PROP-006866,68.795887546508
PROP-081215,34.50217432361244
PROP-007354,27.700540078052402
PROP-008675,140.27382540624887
PROP-067941,142.24303171827114
PROP-029614,7.967668223683397
PROP-074123,216.97412434744956
PROP-042315,132.09142127556854
PROP-011462,91.70334983688892
PROP-056680,-42.58523193581485
PROP-098747,134.75645477534724
PROP-027288,31.6861648525014
PROP-058704,131.01213282461796
PROP-031024,47.88996611624382
PROP-046157,60.693696795896884
PROP-031105,438.11365990834344
PROP-090817,-10.80847114782092
PROP-080177,-56.91067187466784
PROP-031764,46.768789815297374
PROP-036561,235.5161540108905
PROP-095210,35.10767849477722
PROP-033034,68.02813898787352
PROP-056702,105.14887857003342
PROP-004432,64.19974216054185
PROP-032268,227.33474963868895
PROP-059948,106.05477146875064
PROP-098129,140.6773945171094
PROP-061656,52.18162484650441
PROP-085327,120.70238160275484
PROP-001522,112.07200264950157
PROP-012616,-19.471492130706274
PROP-055852,185.8089302007332
PROP-028974,269.7618715667444
PROP-003601,254.67351037942967
PROP-070892,142.43602306624268
PROP-088332,210.21669610711572
PROP-070311,128.1157150721105
PROP-031659,88.58447762721553
PROP-021742,141.34039746835728
PROP-038254,83.60746625255676
PROP-056143,20.04925089575137
PROP-064601,180.8532861126122
PROP-021888,159.00534426658749
PROP-067313,119.66149947394874
PROP-034431,233.28356000016547
PROP-023839,-32.959487168422655
PROP-094079,223.40430815069115
PROP-069795,172.74290815336397
PROP-065890,119.3161890068861
PROP-043395,26.553492330041834
PROP-035765,175.24839059735734
PROP-046981,261.39451298369386
PROP-075005,52.80746533780095
PROP-037652,121.11467564421108
PROP-050991,63.548795450382116
PROP-090074,335.31930453234247
PROP-037821,-30.975247931071834
PROP-085117,368.1795586769879
PROP-048794,44.30669941585869
PROP-027579,125.77560385897911
PROP-026314,13.141368471192258
PROP-058091,36.381585010678364
PROP-029207,28.89715945619673
PROP-002181,163.93092941894776
PROP-082892,86.72961367943968
PROP-082545,138.3188473555881
PROP-058639,54.38217736252176
PROP-028294,314.1829997443168
PROP-059207,98.86864193097863
PROP-084267,104.70345111576354
PROP-025622,77.03321642966509
PROP-080551,90.7147946588506
PROP-046000,68.79980344407383
PROP-036032,290.07677159107755
PROP-024523,92.95126170918758
PROP-075685,187.11867237065644
PROP-017904,258.47048618590304
PROP-029506,296.0617603534778
PROP-022848,61.413712692381154
PROP-033028,-43.69578477929124
PROP-071044,247.91047563284644
PROP-089563,56.73171661305929
PROP-045991,145.17348343653313
PROP-095222,53.57998642616259
PROP-032471,72.84107068370315
PROP-061482,53.61594300351841
PROP-024309,-9.77985400415606
PROP-074167,301.9952988751635
PROP-054825,300.08708863009923
PROP-097107,204.07893840465488
PROP-084024,17.694280743102407
PROP-032018,0.9258867643786033
PROP-037759,77.7033125461484
PROP-072420,286.67579763784767
PROP-054676,307.5448122819836
PROP-095153,95.79550471765614
PROP-020598,120.0485554418306
PROP-057771,325.9737665124965
PROP-060983,32.080295875859946
PROP-015097,147.3893572639559
PROP-079377,90.48019020895198
PROP-096298,48.64194732057261
PROP-088865,327.288715947486
PROP-059802,103.0639104241587
PROP-006525,338.8770720477724
PROP-066207,66.38106752191433
PROP-029036,131.27703220489906
PROP-052530,139.20723665704526
PROP-007472,528.4934190495443
PROP-008731,87.03221532494545
PROP-079301,65.08770437323876
PROP-051037,2.1302234568106293
PROP-041847,-1.8280710006526917
PROP-070058,16.51993677953869
PROP-046467,82.77148259592678
PROP-012635,260.62881956247185
PROP-021743,34.700891574946716
PROP-036075,72.13621583549363
PROP-033905,45.65515198132551
PROP-089948,49.58001302111484
PROP-006806,180.84786727283762
PROP-049283,101.50294936364872
PROP-047765,65.3939992814662
PROP-061721,95.61256302343841
PROP-064380,323.65629080521654
PROP-018936,98.54247868372579
PROP-059409,24.239503506014316
PROP-034046,-5.913330624992009
PROP-068125,121.852236945519
PROP-053377,381.11239313798256
PROP-030864,160.87763989023117
PROP-025141,184.36557961552387
PROP-085750,-5.187989902308763
PROP-092471,68.60613613209118
PROP-024546,135.87707403352402
PROP-092408,61.36688197552563
PROP-041952,-8.269093218404354
PROP-011735,216.9682724774233
PROP-053855,271.0941506942592
PROP-075841,142.84905611691778
PROP-041368,44.955427241849904
PROP-004882,43.429924241015065
PROP-091052,74.08535679775625
PROP-027445,170.5307249044134
PROP-080660,216.6035088037034
PROP-083978,223.79613135153576
PROP-071359,478.55981256629775
PROP-004057,114.59652296914177
PROP-084888,102.76391520827582
PROP-052796,320.36430559251056
PROP-092942,99.37710705024662
PROP-025593,158.3267501669292
PROP-092695,5.021681315990133
PROP-021562,301.0714753119903
PROP-012266,183.02057475408398
PROP-058019,22.73986997532638
PROP-008914,140.87288795078166
PROP-095361,15.037232037768849
PROP-042490,-35.64529650824399
PROP-080106,70.2625303975549
PROP-034099,90.66052171969244
PROP-082546,36.78708672576405
PROP-002671,177.78586521129614
PROP-005331,42.42027687201529
PROP-035971,101.36241300582027
PROP-096818,117.73405370048503
PROP-008333,122.11566442769846
PROP-067910,301.7588772337281
PROP-004116,92.36258546820922
PROP-051784,152.00267210832732
PROP-085145,-27.06758207848208
PROP-004635,97.10978489579243
PROP-029649,33.5140289984208
PROP-053707,144.43281906339365
PROP-078909,3.041745680140285
PROP-079034,43.16557832661158
PROP-004403,340.32013759182587
PROP-093078,195.19436265192422
PROP-066765,165.12059431293443
PROP-037010,416.2480323724471
PROP-059574,37.465080307091824
PROP-064729,43.898665342345424
PROP-066356,316.939786616028
PROP-055187,55.531867880797606
PROP-075205,56.60174658284373
PROP-031739,-4.132874478185016
PROP-072032,160.0801500893321
PROP-077879,30.69449893361865
PROP-031478,546.2762526251888
PROP-030439,93.12443905463734
PROP-031096,260.4638278562697
PROP-001036,366.19014429679237
PROP-057816,45.420290599386504
PROP-098137,44.09231075854688
PROP-072198,37.59103126553689
PROP-081603,215.79588885205789
PROP-006768,74.68907505597923
PROP-057333,66.05872037446608
PROP-080429,159.89473845172046
PROP-095022,178.27182658393792
PROP-006320,118.69553378335658
PROP-057841,163.42716731447751
PROP-017006,213.70893651813836
PROP-012540,55.97992291429992
PROP-006219,259.845833966968
PROP-087174,301.8864941086243
PROP-027475,35.25260361683385
PROP-010232,633.651903336422
PROP-070683,29.633645978707424
PROP-076493,229.03407342134545
PROP-057255,73.36123917871713
PROP-020584,143.9045748999958
PROP-034958,300.66232241513455
PROP-004025,20.834898560035647
PROP-031886,168.10607141404662
PROP-079995,64.97517623322676
PROP-091848,234.92292647972252
PROP-085560,186.7691529109195
PROP-076040,204.90948540785988
PROP-009662,335.1989360346113
PROP-028654,272.7939270394505
PROP-046747,106.0230200994022
PROP-045654,72.97182889832156
PROP-092927,90.02943081802434
PROP-024223,-13.893571354611021
PROP-095963,53.96610185132194
PROP-087652,124.38989931746363
PROP-078719,132.46070585038805
PROP-048723,168.89726220618266
PROP-069852,231.9354466270966
PROP-078729,-30.77249876157397
PROP-069103,3.1254471787712
PROP-060898,215.7191941072524
PROP-047751,112.56096826200213
PROP-049022,132.1115608565207
PROP-057281,145.45184095719722
PROP-091644,130.89764413700752
PROP-046366,148.05115494517247
PROP-095376,229.79248937126727
PROP-080836,-17.509743660313305
PROP-048597,381.98049650541986
PROP-059177,153.8060153409566
PROP-042619,-23.213681816193464
PROP-030529,114.69180601425181
PROP-039422,236.29703960087383
PROP-049111,230.69896533955023
PROP-014467,24.23186550710487
PROP-040569,356.8354091901221
PROP-098517,323.23951479250803
PROP-043906,37.30374146391609
PROP-004324,55.16468105035283
PROP-001465,41.67648725206303
PROP-054824,197.67079667458339
PROP-047287,261.4311620022882
PROP-043822,-58.5327173162315
PROP-017677,444.14434789944426
PROP-076626,79.74054920889023
PROP-062061,193.04070028594438
PROP-086303,306.7008881295016
PROP-030805,70.20094486090534
PROP-017754,395.56848952824066
PROP-080236,59.53889099794106
PROP-051936,162.13905232545645
PROP-041444,184.83581516931994
PROP-032375,32.273342756893655
PROP-023151,-36.670384397175404
PROP-007143,250.01019993966383
PROP-095178,430.29534438988514
PROP-065793,43.48267029085558
PROP-051695,150.68010931381303
PROP-064425,-23.805679274480816
PROP-088501,401.3342536634706
PROP-001616,316.40786330515823
PROP-001843,-63.57903078322715
PROP-091669,117.03925969516919
PROP-061756,47.87610203745092
PROP-091536,138.6746384181134
PROP-034779,252.51659600262028
PROP-052486,105.57320377064478
PROP-063388,186.4362072396161
PROP-001688,385.8143954585099
PROP-050455,32.019451425540495
PROP-023254,63.36823619454637
PROP-065487,2.6528587171522773
PROP-044913,231.90778598039535
PROP-077700,117.0094308959422
PROP-018166,8.00736837001201
PROP-018967,47.78393656758425
PROP-005641,158.8519373030892
PROP-085830,-4.74268140482701
PROP-029403,-25.925908257733767
PROP-090323,200.3812178985428
PROP-080686,25.25445145493491
PROP-080354,362.85018883041363
PROP-017666,97.06570778714774
PROP-050545,212.0184588348889
PROP-056823,92.73458472205589
PROP-033822,37.13003396864177
PROP-073893,31.948411690263946
PROP-063253,106.49619837645758
PROP-064986,280.5500215553881
PROP-083278,89.64318681942147
PROP-047590,-31.820093406659254
PROP-078169,-50.49853713175778
PROP-033849,106.57647287579206
PROP-014843,79.44550635967838
PROP-008004,112.24362012822239
PROP-094878,98.42839532361806
PROP-023555,39.46429191961233
PROP-085087,192.63984331333006
PROP-016039,23.458597714636745
PROP-052049,162.7507917805108
PROP-052369,90.0811103836553
PROP-041311,-64.95103827315975
PROP-098341,61.924631951552314
PROP-086330,267.4594640908599
PROP-027481,372.5520579719209
PROP-041039,16.15692724219464
PROP-025242,-6.774704652565177
PROP-097874,45.928120829870224
PROP-072435,34.95987853792186
PROP-006971,13.996136253943988
PROP-046811,84.50829654342533
PROP-044290,77.7775292551827
PROP-064641,155.4261969696506
PROP-078104,350.54869126461034
PROP-095085,-11.804003962280019
PROP-043686,148.19915494132835
PROP-077317,342.1528418041191
PROP-040737,306.1698688565863
PROP-072129,517.194495753724
PROP-073347,79.47073231243994
PROP-002795,97.54813688398391
PROP-049877,141.70263288327217
PROP-026799,271.55209511631745
PROP-080689,96.08074734915577
PROP-064755,44.488942743689975
PROP-024767,113.35078459685778
PROP-035207,61.443267747244604
PROP-035303,433.66098117913344
PROP-081631,42.03118637240577
PROP-073236,370.5498273565359
PROP-086019,122.33602727063975
PROP-092882,119.00328406055891
PROP-030055,254.46699356925012
PROP-037586,219.51193862462435
PROP-042286,304.8953964780255
PROP-005846,266.3521827297399
PROP-010921,63.690627219038404
PROP-083451,33.57336456822248
PROP-045266,90.19188943470695
PROP-045361,57.48164823335632
PROP-085379,205.69313635840098
PROP-054560,262.1394605557212
PROP-046104,90.13283059965384
PROP-023026,257.6522035894717
PROP-093388,391.7099025746486
PROP-076019,213.55576518210594
PROP-079474,115.53054898020739
PROP-057993,30.267274479889622
PROP-087483,249.28035167983032
PROP-003300,93.73525257512827
PROP-000279,136.63769516532952
PROP-016669,53.196999349432474
PROP-065728,5.583807412398027
PROP-005988,91.67499874334413
PROP-010466,271.9380435513933
PROP-089209,304.51542637071395
PROP-034964,-4.184823176204504
PROP-005193,37.91722214331916
PROP-058433,338.05203941264176
PROP-010480,70.45115567936935
PROP-068582,-14.254587841555065
PROP-004297,43.7437636967104
PROP-034706,203.24526219181263
PROP-004816,-33.32877987170225
PROP-025859,7.434477412781774
PROP-043467,81.11749990469399
PROP-035034,32.0870317853493
PROP-057268,62.092370049403996
PROP-083225,22.823533491995274
PROP-068272,294.3284211018029
PROP-079651,37.537043334371184
PROP-045116,74.11634485573056
PROP-061789,46.435275426698624
PROP-098856,133.60757853438082
PROP-072020,79.09521825880816
PROP-005387,123.98217115657138
PROP-050050,7.506804023972158
PROP-004338,67.19331270894168
PROP-061476,146.03025696529426
PROP-002613,-4.951070219482304
PROP-064742,217.86371134023892
PROP-034149,62.44821432951776
PROP-080194,244.07075506499103
PROP-026408,230.8207101319852
PROP-086665,12.56849430729744
PROP-075806,59.23299902930839
PROP-028100,310.65061749316686
PROP-066266,159.37779943166936
PROP-035158,220.46860655356807
PROP-024472,-23.715050389475266
PROP-002115,272.78564275310663
PROP-048886,305.7876596573591
PROP-017796,94.60218302886909
PROP-086172,237.38733388929418
PROP-063541,126.53374033835541
PROP-025295,208.904371628293
PROP-061095,226.61891552354314
PROP-051348,289.52814259036495
PROP-030614,76.44229609169898
PROP-062411,232.54896431187635
PROP-088493,345.7677823069605
PROP-017974,243.53298582264676
PROP-094543,280.88613285013463
PROP-037551,216.32508192247494
PROP-055547,327.384997216636
PROP-078550,6.97140010317255
PROP-028171,272.27574938342934
PROP-011881,188.63321245869912
PROP-060078,209.24351469461425
PROP-075391,255.50463873232746
PROP-011589,104.76043319874724
PROP-054585,104.79807349633427
PROP-072773,276.07956483626407
PROP-007719,288.701767452082
PROP-060567,280.1505516077884
PROP-016260,138.76903510501572
PROP-066422,49.666446280248444
PROP-066856,115.76531029646597
PROP-060045,125.59636339649346
PROP-037481,26.535764790323014
PROP-066767,68.24691850274982
PROP-003434,93.80449611895826
PROP-044193,114.69401065913831
PROP-094649,68.22533237754156
PROP-067097,181.22813464106454
PROP-099422,163.29821503989993
PROP-076584,161.4391519445062
PROP-032429,253.21846931432904
PROP-081620,-35.16258218750072
PROP-066574,76.43398941524991
PROP-004254,179.01593135392852
PROP-033625,297.5305654081659
PROP-097196,150.20466333802855
PROP-089591,209.05255994580483
PROP-095858,58.760589587090685
PROP-080816,139.1331228513761
PROP-051703,174.71316211125298
PROP-028612,214.50662172554257
PROP-040661,-25.741922649239456
PROP-048057,217.79405811484156
PROP-029932,151.62318548604122
PROP-026830,345.2408293921781
PROP-044052,214.00693968179755
PROP-056022,42.07351813314031
PROP-081083,93.31464346279918
PROP-076983,47.72248285986422
PROP-015265,120.6363121871308
PROP-068107,50.51749480516457
PROP-057756,329.87078411427996
PROP-039767,32.14172603651844
PROP-011967,88.27161289196889
PROP-014580,346.71398884149215
PROP-076979,90.88843477271136
PROP-064281,334.2105674926284
PROP-072407,206.23363389431492
PROP-038481,239.29763635431067
PROP-096444,32.39081477890869
PROP-066242,96.63273900083459
PROP-060916,421.0109357688648
PROP-075339,96.92415727777959
PROP-098819,-35.02764215481885
PROP-023454,442.7913137044668
PROP-009418,283.08079962450137
PROP-000939,25.469272382302698
PROP-026477,210.81892650760582
PROP-054458,250.10683154647597
PROP-035985,109.27376868049936
PROP-073659,82.9092243054776
PROP-046231,406.32476418673156
PROP-070678,346.30839935359177
PROP-006075,135.91434858064346
PROP-081010,81.05108715525618
PROP-013631,323.54152082419046
PROP-002948,92.90784014498463
PROP-070947,443.80467689032844
PROP-003336,258.5668470921833
PROP-053656,153.99197691801004
PROP-053053,127.31707210686483
PROP-000806,294.7024693829725
PROP-030135,88.98977263457184
PROP-059150,327.333285538074
PROP-019674,47.31501730731366
PROP-091360,253.74173156499688
PROP-012522,121.6831946784362
PROP-089706,231.05074134994487
PROP-025376,7.6961129812647995
PROP-076253,52.27134573413954
PROP-039161,352.1049831515912
PROP-065044,194.48267863321314
PROP-066044,133.18087443962722
PROP-044610,285.62857497408993
PROP-014861,100.31023372630244
PROP-004067,193.74785504556544
PROP-032803,145.7546871238886
PROP-016469,-44.573548593509656
PROP-024313,150.5585473481131
PROP-093586,19.534456745573465
PROP-041217,268.81137230464117
PROP-019249,412.6952698732392
PROP-016348,-1.5907763153107037
PROP-033996,31.885866353990625
PROP-061064,196.46538343512256
PROP-097040,241.5556889032811
PROP-095590,178.9500347867179
PROP-061609,47.75947992621297
PROP-052133,121.70482534831949
PROP-051718,272.2371502699771
PROP-038728,108.39835935494503
PROP-067182,262.3932999854502
PROP-082656,40.202360593734994
PROP-087744,191.73520889051866
PROP-063415,63.038673146438875
PROP-022825,22.391270778975105
PROP-006284,96.6209823262949
PROP-038282,21.6964869471567
PROP-098337,-20.943173273865003
PROP-024500,158.90746477684806
PROP-016034,21.59953136346475
PROP-022240,261.29212397266775
PROP-035233,-3.5025198858156763
PROP-087759,83.72934874957753
PROP-003214,88.81105672946957
PROP-040524,78.19839330529547
PROP-051847,106.73021584637317
PROP-028657,242.03695063448018
PROP-017781,229.00905539104326
PROP-065773,101.8003054759121
PROP-009430,215.81264923554951
PROP-005054,175.6074535853712
PROP-095157,122.37564526937996
PROP-059305,60.717781392006046
PROP-083523,105.61171920665863
PROP-003468,279.97533166491445
PROP-052822,-21.431002774025433
PROP-088436,76.52296883830007
PROP-092390,5.783391647339281
PROP-093884,23.332516182638784
PROP-040988,465.3549989130089
PROP-034384,49.43067379506695
PROP-057273,288.6289752838
PROP-095477,141.46888985217595
PROP-098165,130.7585571145415
PROP-050870,237.0724717910791
PROP-030064,224.65912010909557
PROP-018802,106.51412030691725
PROP-080392,224.31869646781416
PROP-001331,271.0099532786646
PROP-001594,38.21775952548995
PROP-004242,122.50915277603895
PROP-081320,-32.47542412299893
PROP-094872,41.76226059493993
PROP-018856,37.86641384250096
PROP-074375,24.574171018158466
PROP-003887,190.4274252020658
PROP-078782,140.6685314494011
PROP-016621,-13.776921301324634
PROP-041866,527.6751622869157
PROP-076161,40.13748667441139
PROP-049657,245.94447958313756
PROP-011191,423.10996120377223
PROP-003556,21.430250391363916
PROP-068978,121.95262657567972
PROP-096064,-2.060052623734653
PROP-087677,242.84889675511633
PROP-049627,187.78360685820198
PROP-011886,25.967229062248443
PROP-043184,294.3382276464041
PROP-039467,241.85376201754082
PROP-053039,5.415662788845477
PROP-007268,29.455121395537297
PROP-021784,249.31200628280715
PROP-080460,94.24168244426156
PROP-050698,29.0913870734175
PROP-007234,-53.74344380290154
PROP-093092,174.88981348817893
PROP-095342,41.50700022500713
PROP-081213,183.00618601272765
PROP-081863,43.61375722753982
PROP-020217,196.2176357419693
PROP-011515,202.5025916092714
PROP-018742,132.17565494116903
PROP-030029,94.56295427810721
PROP-014248,24.77385687789208
PROP-064853,300.2325189739984
PROP-016015,22.06047696581075
PROP-068335,281.6539124520599
PROP-082322,126.79047956465527
PROP-028918,58.32024241422526
PROP-030719,97.238253766363
PROP-068002,307.43329581206143
PROP-018250,153.69859759392182
PROP-040389,-52.7926035357937
PROP-081117,166.86958449910023
PROP-052918,4.28051562944365
PROP-093104,54.9179847125871
PROP-075134,88.91440293140248
PROP-083211,228.9249582945826
PROP-078703,182.39828321713242
PROP-085456,179.69587725023965
PROP-011285,42.155983590291086
PROP-078460,269.43453810891543
PROP-087614,153.40762151217436
PROP-009128,109.35967510020738
PROP-015310,18.950944513452356
PROP-054956,220.18793724238776
PROP-099505,236.2754487833161
PROP-003852,67.65630752969452
PROP-043463,48.63846944131545
PROP-066460,28.548704824397262
PROP-006157,161.59246876772457
PROP-064695,34.86050478456511
PROP-031700,67.16279610624392
PROP-072464,-12.830543579616268
PROP-094310,179.90928921754676
PROP-047961,166.54802556249277
PROP-011687,154.7137988373794
PROP-068941,59.7980760179554
PROP-006158,39.2878788575339
PROP-052613,40.11890571952513
PROP-082029,51.95399245025067
PROP-077984,110.40603682765622
PROP-001833,-9.797292715775576
PROP-039698,266.47288170405653
PROP-029486,273.16175117736583
PROP-083591,67.95404692543485
PROP-043425,106.1202698377817
PROP-046408,275.7562855780275
PROP-043300,161.80241148657964
PROP-053460,323.14679702763004
PROP-089783,-34.28798021196104
PROP-085621,-28.468664563563085
PROP-099796,10.360108745489377
PROP-070996,75.12422392851798
PROP-056129,105.70081066769022
PROP-034897,170.7479315398421
PROP-066663,228.6189467364318
PROP-090962,70.43398636237518
PROP-006620,68.0159577445288
PROP-047171,240.23926812063138
PROP-016009,39.70012510887523
PROP-015142,260.0033321004416
PROP-050146,161.582684578784
PROP-039123,278.99722223426954
PROP-087434,151.00593732621542
PROP-098211,341.61339234767695
PROP-039282,240.23275650386077
PROP-029579,82.72808969411486
PROP-068312,268.91182750565906
PROP-087413,320.1601556310879
PROP-056935,106.22379896898546
PROP-075761,226.6550085770416
PROP-094547,42.84662333707367
PROP-082895,253.30392103761315
PROP-009598,224.50871682723158
PROP-051508,43.9963966867892
PROP-023621,102.67913381013796
PROP-068729,164.65725487949777
PROP-057004,128.66075826181958
PROP-012879,44.36897038976718
PROP-094463,55.703362842845415
PROP-069687,21.42512659606127
PROP-051114,171.87335161505047
PROP-019094,312.74160989653694
PROP-092631,-2.182089677787708
PROP-013881,-50.90162288876817
PROP-040834,0.22372053426856198
PROP-003027,149.15471093968128
PROP-002662,99.06351786126281
PROP-022802,44.86518569783538
PROP-062026,215.81293175205752
PROP-053762,59.707403447944586
PROP-021933,46.081180209751096
PROP-039653,63.05246857037817
PROP-085121,14.205070097525134
PROP-067595,99.53360208846058
PROP-070105,77.47301603496507
PROP-048389,76.12231634894115
PROP-076203,130.23994112471127
PROP-087961,66.8597102986083
PROP-053773,194.27561245316815
PROP-016434,132.186450476243
PROP-016447,276.7403421287162
PROP-081859,136.4856753890967
PROP-065114,-24.935312718583546
PROP-009964,59.349470627734064
PROP-054423,-1.2576068868034582
PROP-081393,347.4858895185376
PROP-064934,-14.38306770396029
PROP-059108,53.60950547747796
PROP-036016,123.75164274689891
PROP-088570,201.92640509020018
PROP-012027,271.99841989876165
PROP-064702,112.8268372137874
PROP-072270,59.5234460952009
PROP-003456,118.27651767954603
PROP-001941,154.57647775617164
PROP-071698,12.00954955902688
PROP-069293,75.14801026197365
PROP-043478,-13.30079171026192
PROP-053858,27.955707477337434
PROP-074593,254.3782694071984
PROP-027549,180.01081913221367
PROP-095249,111.26553445059773
PROP-083481,171.6646032623055
PROP-058690,176.0580331648328
PROP-089594,422.5563289132998
PROP-035344,188.44834538887153
PROP-092901,332.58928876933317
PROP-092816,225.69339863274823
PROP-078191,425.18549705531956
PROP-031044,151.8480407885814
PROP-053404,1.2250249196389644
PROP-087646,92.78588487467462
PROP-030367,-63.993802233822024
PROP-095517,35.0239356671176
PROP-081144,334.98456123420215
PROP-095499,170.5924914706036
PROP-019436,98.54617506633033
PROP-032998,61.302919262709835
PROP-082371,25.820599609719103
PROP-054683,-10.280221906876907
PROP-099910,126.13637223212184
PROP-060866,193.5277215578248
PROP-068052,85.54576644779698
PROP-077599,329.1609209159489
PROP-012228,271.6753298371159
PROP-092510,457.4911146549347
PROP-069221,199.22821438240527
PROP-029377,50.284449666953485
PROP-049634,57.27529054083829
PROP-088349,249.76125694204114
PROP-058232,387.31297695426576
PROP-006101,544.9744058235383
PROP-031115,115.75739808370552
PROP-033458,96.5677653430017
PROP-050490,280.74848721788044
PROP-057066,428.36929075445704
PROP-095436,612.7718634219314
PROP-054942,97.43012346086175
PROP-081506,244.87930807113605
PROP-028679,-70.26106516004019
PROP-069658,86.16472811152865
PROP-004879,113.26223389027793
PROP-059523,31.280758495601578
PROP-085794,95.91204067641536
PROP-023496,323.6427081036185
PROP-042374,280.7966001518867
PROP-092626,56.90518510957508
PROP-061031,71.99935421303124
PROP-067159,187.93022462040838
PROP-052808,43.18794362861186
PROP-033459,321.8316340171897
PROP-095522,134.46764579849005
PROP-026108,102.67670078675366
PROP-025716,125.58276218515724
PROP-096763,312.6746665804746
PROP-083526,73.57691973771934
PROP-061963,-14.833406685949782
PROP-081411,-30.377426586130795
PROP-079237,265.1373620909927
PROP-036899,367.4354223951358
PROP-017251,353.8058759339534
PROP-078322,146.70897108019588
PROP-002160,149.8598136739975
PROP-054738,22.04942564995237
PROP-026760,188.33895595427788
PROP-067683,110.35623539429567
PROP-031160,195.35274029755186
PROP-080268,375.6786443571999
PROP-031841,441.1385489284719
PROP-052783,180.73486955634633
PROP-058958,-11.612944348216748
PROP-033308,112.7750515850012
PROP-037822,96.99927849358396
PROP-040828,-74.25263556602462
PROP-039024,86.42159998555542
PROP-086980,50.570212195342094
PROP-000277,-33.31301139946057
PROP-086800,15.509561146112269
PROP-029356,28.70078224657294
PROP-037212,330.2046067838239
PROP-052187,106.76779367317394
PROP-058151,106.60117621202807
PROP-043875,125.30095048153959
PROP-024359,4.208736150244945
PROP-028055,97.90552112805965
PROP-064397,416.40482756393965
PROP-002110,52.241852189293716
PROP-098584,-10.376948894908196
PROP-037608,252.76777680481774
PROP-087860,64.86048503341921
PROP-074740,35.87007325111365
PROP-079975,182.63208848921863
PROP-047798,109.63584848096997
PROP-087564,109.37460870651294
PROP-050308,-10.99202313916156
PROP-078121,39.070043961115246
PROP-095569,297.68379433635045
PROP-050090,247.97442681683677
PROP-050717,117.1519164119435
PROP-014705,231.59012787525887
PROP-051361,104.47433552191515
PROP-005822,-15.558283184481368
PROP-053560,54.76524782976293
PROP-046848,58.2413604989862
PROP-089621,62.42435810257668
PROP-065569,92.64336160352482
PROP-084259,99.42452601298618
PROP-063712,-26.61165645057671
PROP-020359,72.94584527557879
PROP-080896,106.55531175558416
PROP-076620,13.763840903116732
PROP-004864,284.27785639599216
PROP-076761,130.66442972411664
PROP-038170,36.34137960691168
PROP-058085,265.36840822089556
PROP-029699,214.9530531401642
PROP-057261,124.13500146028774
PROP-012073,90.0380917112287
PROP-013949,319.13516135650775
PROP-070073,56.35970518058991
PROP-060557,121.1496749953724
PROP-080157,153.02479125108312
PROP-081729,312.2561603339981
PROP-024020,23.16670501686375
PROP-034987,69.22158948414895
PROP-075635,291.62739238269864
PROP-009731,236.18150150031278
PROP-070955,71.81032065926286
PROP-021120,248.8970740886798
PROP-029492,6.536476880378579
PROP-040782,51.180414958312404
PROP-054146,-2.207913980757688
PROP-093232,4.994349344880817
PROP-042879,47.702186136076946
PROP-096058,23.792665730937124
PROP-021430,-24.9103818528996
PROP-048175,53.48496793364377
PROP-069056,33.56065184272875
PROP-016878,47.36975444556751
PROP-046890,113.07996437489878
PROP-095264,10.37079612809564
PROP-090656,32.220274627194186
PROP-057620,-30.030108497908177
PROP-050814,22.588013156539255
PROP-011070,41.54396826521334
PROP-041289,205.5232562540199
PROP-035751,321.094845033819
PROP-083193,356.08962600899895
PROP-064696,345.91394418066295
PROP-023091,210.51394617715772
PROP-039172,135.14168257656834
PROP-080094,133.4263824490282
PROP-028560,53.219775769029525
PROP-022955,305.3063366931871
PROP-036624,72.47072270290121
PROP-005076,73.40155047766831
PROP-017352,20.066520832041743
PROP-050645,-7.070515531757593
PROP-023163,512.785130292228
PROP-016885,122.78555442114491
PROP-023905,414.9465401151515
PROP-012605,-63.64866709457401
PROP-009188,186.0516533276355
PROP-021866,392.51231061361045
PROP-094167,31.02464261954656
PROP-000818,-27.46864368505502
PROP-010059,126.7895431546788
PROP-099953,-68.79980488920815
PROP-087201,228.99356469208044
PROP-012006,223.04151079611884
PROP-039778,13.636638012408877
PROP-075172,202.31685523447908
PROP-016686,123.17662970546442
PROP-067137,64.32297673644291
PROP-060837,180.69384538210898
PROP-040540,35.392724303710736
PROP-059987,-43.07377366311751
PROP-039245,316.1547087635749
PROP-000726,206.67912275581116
PROP-090685,130.8953456192857
PROP-023634,65.6260096723494
PROP-041323,261.56706993739533
PROP-066842,106.57186647198655
PROP-099090,118.14982281813673
PROP-029990,-0.18101305336836404
PROP-017120,276.09956129383465
PROP-056146,202.7195179043833
PROP-036663,146.5348303490342
PROP-029272,106.87310434274353
PROP-095544,192.53623218685607
PROP-036787,-61.898882302384095
PROP-018295,281.03508245052984
PROP-057972,216.59079358954148
PROP-073014,200.88827019645834
PROP-000729,9.934018665966825
PROP-010493,249.6945095389264
PROP-079891,294.04427903642136
PROP-065492,320.83536763525876
PROP-091765,354.8140212856518
PROP-072390,112.35488653886117
PROP-063758,324.82266445297455
PROP-013420,84.28366751973462
PROP-028509,120.35714114284778
PROP-092995,25.605871070546932
PROP-006731,137.2474381909692
PROP-019450,2.4423761956056538
PROP-073541,4.711039424978268
PROP-066076,203.79860291191767
PROP-061009,9.994307975093353
PROP-019434,192.45788685213765
PROP-008954,383.9986384232271
PROP-008640,86.85555232081413
PROP-027301,55.885565306116334
PROP-071990,-2.747068619887373
PROP-014642,71.46473638141639
PROP-054401,-30.929163141770523
PROP-016779,259.19900455396487
PROP-098295,157.76632412857523
PROP-049719,172.12509016967368
PROP-014547,39.13658249161948
PROP-071890,128.75883165730403
PROP-058679,3.681297084879846
PROP-063686,65.12780875418508
PROP-000133,209.50812357707053
PROP-017596,46.7632427860653
PROP-045463,77.73107358865855
PROP-077718,60.274974588987575
PROP-006195,370.61262280477905
PROP-080852,25.92583405595013
PROP-037734,20.459147119638637
PROP-083325,146.21630644576692
PROP-038543,285.49336134365086
PROP-088396,108.02548021619481
PROP-009709,33.59830384430216
PROP-075558,222.74782189587935
PROP-057263,70.82283377569905
PROP-035583,123.44526240140132
PROP-096713,140.9106864114911
PROP-001345,-0.6757706387503113
PROP-030157,115.72413960861851
PROP-097111,159.93178784222766
PROP-072027,-72.59921627271956
PROP-023503,455.9711437667357
PROP-042824,228.9122692862148
PROP-081970,138.30936346584056
PROP-097713,263.97715048796954
PROP-021788,287.4519820408776
PROP-076075,184.75133027817944
PROP-026174,117.5454268725412
PROP-016595,127.38254080753264
PROP-078675,195.6611305565338
PROP-066390,211.10187843449208
PROP-024135,262.71336843796274
PROP-063113,78.94040525317739
PROP-056349,138.91135681094738
PROP-021373,63.732104292136846
PROP-095825,90.5311034632184
PROP-025846,99.01397937839306
PROP-037410,299.6389068179906
PROP-059277,35.466937893236306
PROP-035139,82.30607379018483
PROP-087071,62.732208447007146
PROP-049018,147.92444245779276
PROP-091345,92.08082509473913
PROP-015807,314.4706997841189
PROP-077551,57.31152073522995
PROP-074497,313.3472856329339
PROP-040124,-21.247328721515593
PROP-044104,251.51403043386458
PROP-090565,227.7278077520856
PROP-098155,27.170121242101068
PROP-095203,253.52788645946734
PROP-039468,102.2679278447989
PROP-036465,283.3839180588086
PROP-055869,158.09010141175355
PROP-077368,-50.939142350392856
PROP-032788,176.60924045535546
PROP-067281,211.26674754870376
PROP-044133,221.34967244064768
PROP-095728,174.97179988900294
PROP-076516,137.86309427123186
PROP-049046,244.20766717120904
PROP-021231,307.2087446966192
PROP-062511,34.08267784894751
PROP-098362,139.49484803727063
PROP-045844,60.86414142662458
PROP-030387,109.46996034832644
PROP-032565,150.72634385066175
PROP-048282,266.32091470724197
PROP-047864,68.26593126719962
PROP-080248,262.0429310008832
PROP-045934,93.3893558502413
PROP-016145,-6.437242694351498
PROP-099617,437.74586910201197
PROP-064125,171.34903082359477
PROP-051318,133.7053195433963
PROP-043755,66.82288863948818
PROP-026775,66.35351558142614
PROP-032132,208.96934867578983
PROP-097695,-4.643828020923753
PROP-034898,40.913508977246124
PROP-094433,62.59766203428889
PROP-073967,84.51336724768922
PROP-024107,-13.403290823436802
PROP-076702,210.2178784173198
PROP-009572,23.493337223580138
PROP-063200,446.5803925813964
PROP-000527,154.62325475747832
PROP-067987,147.49143617326513
PROP-025625,100.4458019372154
PROP-016903,91.64139007669698
PROP-031354,493.4597540522468
PROP-038849,406.79443725564613
PROP-060911,113.76899045854157
PROP-009943,98.56395285271242
PROP-086691,171.7019606172563
PROP-029137,67.10356949995852
PROP-004909,11.658808969422704
PROP-097512,164.9705455589193
PROP-033043,321.959222595487
PROP-049671,-27.754315252415797
PROP-097339,-11.577887719700785
PROP-002930,80.09620384083414
PROP-058142,213.45794515159452
PROP-040331,146.06694593851907
PROP-014890,40.051894938477346
PROP-006753,109.60210384872295
PROP-007527,203.95484429201102
PROP-089770,-11.973094734178119
PROP-088470,178.84528385015756
PROP-060440,95.15787501561127
PROP-013941,182.78768812167732
PROP-008985,68.1005855587152
PROP-052254,93.29277069299684
PROP-047656,56.580091526203645
PROP-070953,8.245276099242801
PROP-093222,69.55145984768242
PROP-005598,34.968668104739265
PROP-086289,195.24269517682535
PROP-083398,246.67087094454365
PROP-031041,54.36784417970069
PROP-011025,267.4824425191585
PROP-015955,150.32927817060977
PROP-006668,295.88838282292846
PROP-062354,115.42395059597584
PROP-036784,209.11719946740396
PROP-018865,-2.9097499372001465
PROP-074703,27.416571626731805
PROP-071948,50.518901078003594
PROP-058848,62.3081159043555
PROP-054021,155.75621914541614
PROP-082643,116.08254170511333
PROP-003077,231.8005426565242
PROP-069976,164.27416218653107
PROP-080415,9.265284104039136
PROP-082191,-37.97380998289983
PROP-079926,208.25942598055605
PROP-094951,206.28281907171942
PROP-003287,75.07931361645785
PROP-067685,16.493852803735464
PROP-050904,43.89801898575038
PROP-098181,186.4836617980381
PROP-078060,153.13450862753953
PROP-026663,60.198970171474514
PROP-057124,97.80473097275248
PROP-052951,472.3005118271081
PROP-097230,349.46502092250955
PROP-001956,237.23891375353566
PROP-057464,116.10164171547243
PROP-072762,32.80690051532217
PROP-005533,281.5765201131697
PROP-037999,116.187302537065
PROP-084160,-26.49633678296336
PROP-085534,235.93139865086712
PROP-004914,463.6369166894587
PROP-007699,141.52095721311213
PROP-005937,-24.3011465102243
PROP-011563,20.500952369473946
PROP-057698,159.10501655087361
PROP-083336,473.7725451125228
PROP-059929,122.52617652060262
PROP-015615,26.580833193238504
PROP-016091,98.8497838314712
PROP-088313,59.09178546284093
PROP-012914,121.36286714615711
PROP-033378,180.73994251772373
PROP-024699,313.79503906646204
PROP-010690,157.318212953941
PROP-033133,67.72079701858596
PROP-002711,-7.5265643538806195
PROP-077842,215.53155063241118
PROP-019300,65.16552984947782
PROP-052462,121.38366906496239
PROP-094719,157.55419505093116
PROP-089295,355.62760924335714
PROP-005438,437.5520981797853
PROP-011229,25.257873280326418
PROP-097403,7.008051563205386
PROP-093746,291.2452097579401
PROP-090734,277.15048058625473
PROP-010286,290.15459881010577
PROP-029293,-5.4012689660527125
PROP-089110,174.26524673782987
PROP-071866,432.96157776863686
PROP-084063,209.37257969790755
PROP-013071,319.1300174565298
PROP-085850,88.34030399598696
PROP-057461,-19.42622986373314
PROP-097642,225.2716175203583
PROP-039596,86.86719920220558
PROP-013972,-14.508864773288757
PROP-032010,-42.9482278001951
PROP-076848,10.09527321407909
PROP-036275,75.63285621307149
PROP-032214,29.492320750197617
PROP-071683,453.73180016815735
PROP-035636,195.3845973643804
PROP-017073,352.24891710193504
PROP-034133,257.640089395771
PROP-031450,9.025307828386245
PROP-011008,338.16326716457297
PROP-018241,59.40160702428975
PROP-001467,123.87754640600818
PROP-054093,267.9497703851976
PROP-081913,-22.783232689328024
PROP-021108,245.9138538005502
PROP-005233,62.87540543683238
PROP-055277,235.8695409606628
PROP-020876,288.5222410405629
PROP-044513,-3.1006928935890317
PROP-037790,18.44393688969774
PROP-034374,152.67379584930669
PROP-012755,219.17066022149876
PROP-062990,128.6147574092395
PROP-020358,48.704383176776545
PROP-042451,331.6775771804823
PROP-062014,377.3836408526911
PROP-093848,-18.629862706854723
PROP-014094,375.42346165892826
PROP-045941,37.09393394810818
PROP-000948,50.844490461346545
PROP-093621,-2.6744489641607885
PROP-076513,53.58153944514686
PROP-052390,216.69567002817686
PROP-009822,135.61167565884207
PROP-044679,122.72525250488717
PROP-014922,97.26999942024301
PROP-022984,441.9820642593412
PROP-049960,123.8496166449875
PROP-080290,326.15145561509775
PROP-032030,312.339093500997
PROP-004080,153.19959638379402
PROP-027431,28.187202535099473
PROP-092603,191.47833787245727
PROP-099680,88.62402340461914
PROP-055674,300.51787375507115
PROP-017265,304.94688627591916
PROP-044600,67.47092248910101
PROP-014143,-29.00218435491368
PROP-025390,77.65917313319365
PROP-076416,57.61121707508907
PROP-092522,43.02913586137301
PROP-065407,15.037913392381181
PROP-031768,322.38684664509776
PROP-024081,-33.22936335619377
PROP-059799,110.7228916008992
PROP-061442,5.96052713948415
PROP-011316,5.604421406430951
PROP-021353,230.51621180016457
PROP-090766,170.57453396930626
PROP-002958,9.148510954553084
PROP-002608,429.98600110659925
PROP-014222,165.55716652512913
PROP-049034,101.00099342904488
PROP-060506,80.93250279178423
PROP-005687,42.198895313893594
PROP-069520,85.75246542025758
PROP-088462,60.80691811263755
PROP-077788,84.04267680752903
PROP-041449,332.53606872335774
PROP-018687,251.28322772496466
PROP-069451,271.99479340188145
PROP-079707,239.18804254653227
PROP-031377,153.7509422828691
PROP-060316,66.82282255390875
PROP-067825,-40.37589253175253
PROP-096490,120.0335756349434
PROP-051844,147.44881873684858
PROP-099231,314.4629863640471
PROP-005400,306.8101802315341
PROP-025939,239.23370190768662
PROP-081521,84.97675930498488
PROP-039876,71.82818239010348
PROP-026898,35.93989011094412
PROP-098368,74.73762571620135
PROP-008260,107.56671758022222
PROP-012901,172.9184312903485
PROP-007905,67.40520972542994
PROP-010573,51.17150798685034
PROP-092970,-8.806000349539843
PROP-097342,399.3522672401408
PROP-065905,67.2104889700429
PROP-008307,151.97750015409778
PROP-047826,534.6556934258331
PROP-089179,257.86035904819744
PROP-031070,19.702307342689462
PROP-047639,93.3969467782603
PROP-083250,93.55719328000319
PROP-039005,122.65790825562024
PROP-042485,99.4312827402281
PROP-039458,94.30093120246177
PROP-018158,57.687954759463
PROP-050389,246.1242859636797
PROP-090428,194.6781984027822
PROP-071664,100.91149554439636
PROP-061074,91.99871993447309
PROP-037677,116.13727394584912
PROP-090348,267.8076999104347
PROP-096967,212.6895666726516
PROP-090619,231.84155896083087
PROP-028832,90.63963691236758
PROP-050478,96.86678528057786
PROP-086943,254.12758131271426
PROP-016018,181.45851174988582
PROP-017813,210.49694429847415
PROP-044136,317.90385836135425
PROP-009904,114.85319167659162
PROP-056162,479.3440361591181
PROP-047400,43.57179546103328
PROP-014546,305.88477297543733
PROP-097108,257.019642200528
PROP-002256,38.66536365167476
PROP-030804,-62.16366214447924
PROP-001715,94.78179758132089
PROP-028103,204.87828005018028
PROP-039890,246.2246013422506
PROP-032544,24.726785060057814
PROP-049357,239.76767545558317
PROP-027115,-81.61074399867572
PROP-003784,66.36853848929766
PROP-057936,208.43055406937327
PROP-022473,56.10496280191588
PROP-014153,178.04435417629702
PROP-065259,226.69219810340013
PROP-071618,135.83727318973945
PROP-097078,481.94165693737216
PROP-023721,325.8621557971445
PROP-018346,277.49753975245847
PROP-052917,1.9592110747202716
PROP-087735,166.74872285899733
PROP-004261,190.62146029469355
PROP-030424,115.77439184120682
PROP-056449,371.6641413347328
PROP-095281,117.85019060849012
PROP-036074,-14.705526479349988
PROP-080348,10.403632986847917
PROP-064807,48.31599261431168
PROP-065348,448.07324773610395
PROP-013922,231.29642845422586
PROP-061447,50.35369525232696
PROP-065840,52.749398730221756
PROP-034171,65.85858270265501
PROP-037416,5.856450747938894
PROP-044172,247.7171179133229
PROP-037616,112.16839276026391
PROP-018946,111.70068488162148
PROP-081251,44.99200615370016
PROP-093692,23.430828284949786
PROP-006821,4.263881834120674
PROP-082365,90.21373723394507
PROP-064158,63.184682250605576
PROP-068683,-12.943460589686172
PROP-086844,176.6536000676474
PROP-095370,-22.722547931445746
PROP-092935,32.34228479934934
PROP-029873,52.01140424046415
PROP-076533,279.81658685225386
PROP-047640,44.64129786506639
PROP-011158,-32.31408639506917
PROP-094584,202.646442833999
PROP-002494,89.94329431327448
PROP-089374,28.985151023597254
PROP-038221,503.50475129951406
PROP-017136,9.985429259347374
PROP-076887,90.41326541783886
PROP-018956,278.32512889028754
PROP-054864,91.98171008093155
PROP-067752,276.2618860138258
PROP-013897,269.38714751416455
PROP-074944,69.53282337054313
PROP-021329,297.47221642073663
PROP-040568,63.3709797389665
PROP-035535,217.56478989537845
PROP-087026,2.501445393271193
PROP-082570,292.51647233347126
PROP-095241,474.6484860450182
PROP-035108,8.973118074762581
PROP-033900,104.05650051847576
PROP-008403,103.56876259485557
PROP-082791,136.51542549838587
PROP-088494,113.68888306193354
PROP-029172,249.0722707581813
PROP-037408,-48.75997944739622
PROP-038459,180.32423257742113
PROP-060580,130.17722585032956
PROP-088390,134.4577289912786
PROP-076744,92.69388879919843
PROP-046694,31.27156628387025
PROP-099367,107.07527713617685
PROP-039895,1.2411263205285756
PROP-097909,299.71795932454864
PROP-076791,59.52141044844227
PROP-007344,262.5978943585827
PROP-083711,33.49335485973582
PROP-066678,49.077440979078446
PROP-093271,-38.971140762191055
PROP-074271,287.13451904725144
PROP-009760,6.916573575062463
PROP-074391,139.00637427794712
PROP-080349,33.14251465837502
PROP-019810,207.02816384277628
PROP-072111,132.1617540756039
PROP-038693,8.06922214496526
PROP-084607,98.84331304317517
PROP-027273,110.9122604476639
PROP-089729,132.7083960480258
PROP-074421,79.21130617410506
PROP-034651,107.60173117812923
PROP-060155,181.6726506971356
PROP-060151,139.0591282310018
PROP-038250,194.0360767980375
PROP-009523,49.62264709619923
PROP-052838,157.24155683223154
PROP-040535,151.8323020538186
PROP-032890,31.75557421986411
PROP-030522,-31.249523091185146
PROP-070736,71.80547656184103
PROP-052059,169.29023154609874
PROP-000137,51.00748525278119
PROP-023711,34.761879963557135
PROP-000893,100.6969672876706
PROP-080225,383.8381291863071
PROP-062835,140.89226221635897
PROP-014520,75.93275502518968
PROP-057126,180.7370631349183
PROP-007146,160.0305902747917
PROP-001040,128.94512015241514
PROP-047969,117.21287515143887
PROP-003097,55.47663205871294
PROP-004897,132.30392424287876
PROP-065647,145.6706438113004
PROP-024982,53.89830748733815
PROP-082202,292.3576313598508
PROP-064808,298.33657803521504
PROP-073790,466.7713068196874
PROP-091528,50.65644445100797
PROP-042337,77.95294881583894
PROP-023542,9.993371980370704
PROP-031151,290.2178513261106
PROP-037763,24.573164377999507
PROP-055549,361.75064530226126
PROP-023479,247.4459007182781
PROP-072907,101.48088661456681
PROP-070464,195.4175501060945
PROP-023344,81.61578797246462
PROP-052055,119.27301492551683
PROP-093220,190.37868528404707
PROP-092220,99.62546798994833
PROP-091039,87.31210346255453
PROP-084228,50.75274843906141
PROP-057815,125.96277446929373
PROP-016526,74.46002876740656
PROP-025137,82.11000270454551
PROP-011370,86.5135748260497
PROP-006092,76.68875328887847
PROP-085837,483.4501030663259
PROP-015642,3.558056841427156
PROP-051619,201.9560390620402
PROP-082438,54.160532435738716
PROP-035706,110.28417207584155
PROP-055838,453.31032935886327
PROP-048822,167.29003593381177
PROP-098255,46.25284024671376
PROP-051395,23.053902427368456
PROP-079108,225.1018008764607
PROP-015439,199.75391965712294
PROP-046129,77.09940217461345
PROP-096567,137.49947707840963
PROP-046325,231.1110656493252
PROP-066833,65.42470958030235
PROP-060742,155.84701902226723
PROP-020263,248.69503179893854
PROP-009149,92.86431184826804
PROP-013350,356.5321635930577
PROP-000204,67.53302806122875
PROP-059832,190.94092506056427
PROP-018139,-0.029105347057534203
PROP-078248,223.5362895140629
PROP-079673,129.46741413852604
PROP-084339,98.93786152070551
PROP-062111,50.435619428532036
PROP-091769,30.107441084724396
PROP-080697,587.2537874554691
PROP-005183,31.933072250636627
PROP-073937,261.961235671166
PROP-088559,174.1438885457523
PROP-045752,107.07680972399008
PROP-043375,64.68531002703693
PROP-074401,462.28765945044546
PROP-042665,147.9062441303414
PROP-069739,361.18327716822597
PROP-037672,-8.322351112014626
PROP-007516,285.5054179171863
PROP-060717,25.096520495997876
PROP-072972,-83.37706347464325
PROP-004971,187.99684185255506
PROP-066400,91.45301709947837
PROP-064487,121.47754963059602
PROP-019941,63.35120092884154
PROP-009614,74.68803695762062
PROP-059127,87.12514698782985
PROP-006615,62.92346941476922
PROP-017342,203.4549908345386
PROP-058893,412.7167476977432
PROP-052525,210.82259606432484
PROP-045528,-35.779699964110996
PROP-009464,67.56618046967414
PROP-000780,128.0982897630795
PROP-068010,147.17435376650715
PROP-075984,47.481085533748896
PROP-009878,31.512076876785038
PROP-051557,324.39567116163346
PROP-024643,-28.235731453998596
PROP-031524,102.84151456032143
PROP-068179,287.6761493519764
PROP-023458,-21.415365981242424
PROP-048639,24.552795919004254
PROP-007873,8.314475626669408
PROP-031306,-11.450723937695201
PROP-032286,372.0207906267334
PROP-038389,25.758972500789863
PROP-075515,131.82790303717303
PROP-016057,47.2860894139119
PROP-089344,85.8143914077025
PROP-050673,176.22131663644575
PROP-092871,210.52901347759365
PROP-056639,93.97553945677689
PROP-010692,242.3204889334619
PROP-094515,-35.26150677673504
PROP-066674,332.30609178331434
PROP-067391,92.72215612860336
PROP-047270,124.28870963111962
PROP-049717,217.736607096993
PROP-010111,343.42523094332387
PROP-020368,96.63757531305934
PROP-059751,305.3013862514891
PROP-024420,129.97231875856602
PROP-044629,106.49868145282082
PROP-004853,283.72509885015853
PROP-052665,29.59828109544732
PROP-025089,146.68360418222196
PROP-075256,384.8555442329656
PROP-027111,-22.57485698980055
PROP-009777,-4.570139452664215
PROP-049293,15.732563941614092
PROP-094254,177.69275259099956
PROP-047453,68.10462455649699
PROP-033167,125.39704570410714
PROP-012183,262.1082397406317
PROP-065693,222.13846023428772
PROP-050194,75.88616993396347
PROP-068329,165.11820873099487
PROP-017280,157.06484499022977
PROP-002690,210.54491689166016
PROP-018634,189.38581012006478
PROP-094563,167.19129466531578
PROP-007887,206.29463988735472
PROP-062988,89.32222840999914
PROP-045628,142.91656385168153
PROP-029408,166.4263605168286
PROP-070524,-1.4697537354043675
PROP-005219,122.6777841773978
PROP-060576,168.4676481883395
PROP-000920,3.0767413779785766
PROP-097083,81.81352315514947
PROP-005029,80.88481046178383
PROP-039962,18.84802053928688
PROP-093784,-26.985879913604805
PROP-082597,274.85420282991765
PROP-068739,48.176401869975564
PROP-014005,182.92806548520412
PROP-032256,158.65170852865884
PROP-038974,6.256648271110677
PROP-087717,180.8608090571768
PROP-012224,259.5825309095083
PROP-066861,110.99587500159828
PROP-013727,41.78801020700722
PROP-018373,163.45064468399852
PROP-093141,110.79307604763952
PROP-062647,76.30312293148762
PROP-015566,231.6493024518525
PROP-065916,57.08795068220092
PROP-010394,226.23047292367593
PROP-006529,163.3315991679882
PROP-021968,57.97057830862924
PROP-095018,54.79327225713351
PROP-074322,110.66642863446103
PROP-093501,83.1345888296558
PROP-039133,104.97836385383481
PROP-042626,158.0212411035395
PROP-008096,271.9800098579344
PROP-054541,248.69440627359342
PROP-089552,31.100658410807767
PROP-076410,69.16774813769831
PROP-015540,133.30109801872578
PROP-021656,274.57096795642065
PROP-067358,56.045064732994476
PROP-088909,190.7547918221454
PROP-014961,19.962025956763384
PROP-032901,187.71101371236173
PROP-012464,86.90077641724639
PROP-012383,28.39376004105972
PROP-054420,91.49516697885716
PROP-048331,77.5646067080595
PROP-042690,-6.807962568584764
PROP-066576,46.893750691530215
PROP-084036,75.88273317861695
PROP-061066,295.9562104430861
PROP-040701,26.972995163490822
PROP-047824,68.37844850582093
PROP-061253,47.89625942679111
PROP-018265,-1.9632481155368353
PROP-046261,263.4126496454065
PROP-041844,198.54251099246858
PROP-072491,200.93561612065568
PROP-016133,-49.60793552945427
PROP-047308,-87.12750764863472
PROP-074079,451.93895362342175
PROP-071509,181.2052848183924
PROP-009916,106.90331199154242
PROP-030701,151.0110817677566
PROP-073846,234.443748114088
PROP-042421,27.8320444964355
PROP-050203,319.3911198459775
PROP-030000,42.616841355067194
PROP-020886,94.26826839487899
PROP-069957,24.08517294110557
PROP-078823,82.18421470138543
PROP-049005,54.558594839501126
PROP-092866,125.23425654072338
PROP-058394,226.19237631682378
PROP-040820,439.4810676966923
PROP-064318,33.4202793008006
PROP-077396,224.15367971045083
PROP-078620,141.99722324230427
PROP-045564,91.90091640124838
PROP-029087,285.4235486267008
PROP-090921,284.52575340042637
PROP-036760,349.8509359389198
PROP-021116,0.28294876430599736
PROP-005374,52.18112449991855
PROP-089678,216.48084388938332
PROP-021534,158.15845042185975
PROP-095212,359.17188529126355
PROP-042554,191.94107629469687
PROP-023139,34.61550810930361
PROP-071867,234.87038449029768
PROP-002475,378.259844845466
PROP-016030,443.6785420247103
PROP-056631,-10.821819444212533
PROP-065372,143.87131943606852
PROP-087721,235.31850780324194
PROP-087816,97.57032271576217
PROP-040288,31.558715750336216
PROP-089107,75.93003871077173
PROP-025406,143.21634886291878
PROP-022358,231.61439098685204
PROP-005273,321.56945309960383
PROP-067311,-47.88981782673275
PROP-037203,86.81600712067592
PROP-034977,80.23111318625551
PROP-074305,260.04429559741584
PROP-012154,152.08915271955237
PROP-024344,2.3848082885218194
PROP-074177,101.77788885463409
PROP-021082,39.33614019229886
PROP-050459,60.51179922837714
PROP-021019,342.56937344521316
PROP-032523,117.10147609809988
PROP-094019,334.67938251070484
PROP-069434,290.4147735460697
PROP-067908,201.0607656796296
PROP-074881,26.386129949213746
PROP-072113,46.88253203011457
PROP-063119,355.61742148461644
PROP-007980,37.48332261151358
PROP-055161,45.33614787948053
PROP-074487,63.25713082391758
PROP-054231,89.31038282613537
PROP-073481,45.750184067084696
PROP-054656,86.31414779560586
PROP-049237,447.3259706576131
PROP-066307,72.64772399427859
PROP-072634,234.08179531996763
PROP-074800,106.26958742624933
PROP-017363,342.25328802390476
PROP-097731,56.29219195279306
PROP-012531,86.67744634444027
PROP-014342,80.77067680774297
PROP-052058,117.21038278820429
PROP-046666,361.0688263366096
PROP-078140,41.764334258328006
PROP-005270,299.09162560612873
PROP-060757,76.79771383626107
PROP-086614,42.76276024160991
PROP-068551,104.27267623797464
PROP-006278,72.28269583342012
PROP-004069,273.36521992760106
PROP-062430,34.631085849089516
PROP-097544,82.8699524174588
PROP-042035,218.1859155931017
PROP-006031,129.55078790457534
PROP-007485,-69.62216275389574
PROP-063258,297.58698566483406
PROP-040339,71.75055268761842
PROP-019564,75.67385883534857
PROP-089941,328.9964630607881
PROP-092373,23.371602418808973
PROP-098080,59.65823866066715
PROP-068730,116.65736132485873
PROP-004731,271.5611190680651
PROP-044672,450.48954877623424
PROP-023655,44.131058269052204
PROP-069532,73.16720899067985
PROP-012482,69.90665740528125
PROP-068223,35.48071911033098
PROP-048884,318.4442994844312
PROP-090059,-4.544061402901129
PROP-053504,114.60778116509393
PROP-079014,48.11017315659336
PROP-075078,14.56837407566039
PROP-015509,66.36362747794035
PROP-021338,225.19789399057822
PROP-038445,-0.11766072687942142
PROP-040838,374.2722828856033
PROP-023768,84.77660462546298
PROP-026541,227.86366975514179
PROP-079334,174.5151243471562
PROP-037853,-9.801402451449842
PROP-049374,71.83614665150166
PROP-005994,302.5068799679071
PROP-004590,241.89675886061053
PROP-004202,162.0846239676894
PROP-008520,80.21427630453852
PROP-046202,252.0021194278552
PROP-053293,60.318225031983594
PROP-088469,-4.808825597239228
PROP-014167,99.30954740335744
PROP-072382,-23.940849248807268
PROP-091879,52.13044781076608
PROP-021710,23.807627801734
PROP-028246,146.69160979940494
PROP-006323,144.88740078513757
PROP-080624,90.71576821654658
PROP-078767,204.99433463153434
PROP-004427,122.14472450163126
PROP-007053,93.17480161243228
PROP-069274,22.798615940992104
PROP-010528,78.4636318132624
PROP-071317,50.19118116085326
PROP-076871,259.60621391871393
PROP-065669,106.29346549950361
PROP-083031,44.39285078320876
PROP-065608,326.8985035155087
PROP-073041,60.33722090416814
PROP-033727,57.74170164249759
PROP-045282,304.2942628776849
PROP-073203,119.60421232484946
PROP-043378,-26.214350816544684
PROP-074547,86.8586405509043
PROP-029134,-11.138685812244034
PROP-058095,110.03401806807216
PROP-001463,167.58459536142067
PROP-033073,-63.014470475338555
PROP-050150,152.90352657434647
PROP-017028,297.93716148164634
PROP-033743,108.8885060822051
PROP-018715,69.22483640912081
PROP-044303,64.89060189563197
PROP-063057,-29.14861324942594
PROP-080571,-7.063942884061266
PROP-076882,59.99464617947041
PROP-007406,97.47562994436113
PROP-032157,41.486892800404135
PROP-042526,36.58812291421824
PROP-040169,133.7047882092409
PROP-024710,-22.25688918459599
PROP-074334,161.4629382277489
PROP-001323,123.1545888327072
PROP-069438,86.7731036571539
PROP-036851,75.82200515431941
PROP-009843,115.01288282083647
PROP-077735,403.71622760650945
PROP-004219,5.62724341312245
PROP-088612,35.41077678594496
PROP-013115,212.75923910715352
PROP-055246,115.76322395097438
PROP-099487,17.45986025600516
PROP-041743,295.5315837808074
PROP-084080,302.4952607093559
PROP-036281,183.58096463460635
PROP-097818,98.0575869676467
PROP-080376,384.8238419284442
PROP-021938,310.1705947921014
PROP-023856,48.9047142160412
PROP-047511,89.82347300781919
PROP-037339,188.89925992462196
PROP-082626,118.25621279266029
PROP-043638,16.226173572529035
PROP-048171,192.7711468813626
PROP-025145,265.3032441843015
PROP-069555,88.53964978911576
PROP-064956,65.19177072849145
PROP-057135,274.55703128085844
PROP-095360,96.43325380284995
PROP-040257,-16.24440996444156
PROP-090090,151.1623168421389
PROP-075678,92.51745792492494
PROP-010422,116.85139099854244
PROP-082852,98.27796521874396
PROP-093239,207.86336564897974
PROP-071687,236.13266938633183
PROP-090150,497.2219177426028
PROP-023690,328.6662129706118
PROP-048398,227.53285148028766
PROP-004467,7.675562050220453
PROP-016275,213.90966864131244
PROP-067856,598.1339559130315
PROP-087627,54.197136807456886
PROP-004686,110.24452061142864
PROP-021078,77.75895847096326
PROP-074754,10.942552018568982
PROP-071719,208.86334097549616
PROP-051987,259.44323140649243
PROP-002083,173.49436924742713
PROP-054350,125.27126071578822
PROP-069725,109.99260397709146
PROP-021326,295.92418104451406
PROP-087404,26.991457985308486
PROP-024781,234.75656902154856
PROP-018470,287.2670574842505
PROP-007263,86.45295779570495
PROP-088743,114.47042249336285
PROP-093762,371.53063207720464
PROP-091655,267.715691954029
PROP-034961,116.20063147209535
PROP-046921,303.5094132861865
PROP-097357,73.31879597354688
PROP-016782,118.87620572800756
PROP-085974,70.35975510888173
PROP-063124,251.0468080303765
PROP-048749,224.83806724270437
PROP-034183,40.66314141522309
PROP-083507,159.4782798559472
PROP-027576,44.40252801919598
PROP-055577,407.5652764510171
PROP-051749,96.30306821174062
PROP-096288,6.469554948187122
PROP-091040,125.45814765716409
PROP-082391,288.5788515835074
PROP-052322,147.2266467894291
PROP-092369,368.1119777895527
PROP-040303,447.9041293845926
PROP-005321,55.83915046495051
PROP-018297,349.71738233694
PROP-067129,-3.558575834420113
PROP-089028,167.9718832494744
PROP-074094,190.31024060074526
PROP-065910,44.1333721523213
PROP-073995,68.29653791219906
PROP-088691,-3.6600821798457064
PROP-087197,-40.74215437729305
PROP-010150,148.23816414170557
PROP-008875,49.54280558912794
PROP-078420,60.43769092937796
PROP-038129,234.78719746503145
PROP-011179,57.39524085786465
PROP-041523,312.1133790472105
PROP-094062,23.000409990502447
PROP-077798,141.64311029955417
PROP-086650,488.0763206050487
PROP-012014,134.69933427435194
PROP-043138,178.57172416792693
PROP-012473,344.0742361979858
PROP-034719,30.66686909070418
PROP-073359,312.30339160306096
PROP-093929,332.8946007583787
PROP-095391,117.45957838544464
PROP-032678,90.257346341833
PROP-059729,319.49601448503665
PROP-091021,125.08434686252482
PROP-097704,203.51297329367745
PROP-091077,52.881516229417656
PROP-052578,93.56674552893799
PROP-022926,14.455451210018595
PROP-023000,26.34776208706782
PROP-013410,198.66779430691042
PROP-033158,54.9195183043941
PROP-021225,102.00350703293151
PROP-079913,111.8922366910129
PROP-088380,-65.48500284999469
PROP-098325,40.89979984431456
PROP-094053,-105.97144108484989
PROP-099338,52.6366291762815
PROP-093640,242.9246149316998
PROP-070910,71.46008222769156
PROP-000877,188.7065531796198
PROP-072258,105.51279442644116
PROP-012959,255.11601580969426
PROP-000088,138.51012319880667
PROP-026979,40.49893325710837
PROP-023598,99.83312783439723
PROP-097804,106.27543591121837
PROP-053568,288.944734012692
PROP-073085,229.80941537823662
PROP-041731,254.21930552897155
PROP-089413,69.0523239413727
PROP-016559,-0.4168002750981401
PROP-093393,258.76417606825896
PROP-014206,163.36412405174747
PROP-099846,272.63252242734507
PROP-028594,14.169064975121184
PROP-050780,142.3992053986276
PROP-005063,-4.338812320571428
PROP-069383,42.0445936453342
PROP-082499,130.10019209947515
PROP-068283,167.82049819379637
PROP-030672,106.99229243476871
PROP-061480,-5.348059237986917
PROP-076251,87.03290802320647
PROP-050945,159.83397240052344
PROP-050113,80.67948265502572
PROP-083778,409.50633632993794
PROP-014605,246.15425483228248
PROP-000703,42.97924537728773
PROP-027408,343.94707697594197
PROP-084128,117.88921605990541
PROP-023480,2.4994474406439195
PROP-032071,80.34354099391423
PROP-020247,91.20176147704571
PROP-057120,-5.535281846882484
PROP-077965,122.44570744066353
PROP-082927,299.5496146047383
PROP-059906,96.3826091493412
PROP-023885,222.4458563163941
PROP-013536,122.18518155109459
PROP-087892,280.144659141484
PROP-019598,264.07756726708527
PROP-049442,59.29245840956435
PROP-007425,54.91332934472618
PROP-060889,27.838758809298294
PROP-053408,72.99990577053211
PROP-020780,169.08262029317498
PROP-055874,-17.75416754896137
PROP-054220,346.51748925165003
PROP-044496,98.75747651755947
PROP-070357,226.25522276272682
PROP-078587,230.27274083084706
PROP-019154,336.4324530828777
PROP-094164,85.8936861596969
PROP-079234,88.24335734909594
PROP-054600,192.49428998612325
PROP-071952,122.21702426099466
PROP-066967,116.28221707406018
PROP-060708,1.4089542436954332
PROP-039583,446.89998283584384
PROP-043199,40.31981781896745
PROP-025224,59.45885959659911
PROP-016333,32.9469740219422
PROP-028500,214.42152474925774
PROP-072367,66.56456508242239
PROP-064894,91.69900655297695
PROP-042038,67.00341507704292
PROP-049980,118.75367720314186
PROP-026013,176.08962551230604
PROP-064240,341.97525159726814
PROP-045781,70.65345303273034
PROP-051560,200.2532332595453
PROP-087057,15.246823954151562
PROP-052327,318.81093244026556
PROP-006802,131.3069160915207
PROP-029894,89.58624262072307
PROP-077468,237.11648618659964
PROP-061229,195.35158347599912
PROP-071108,62.72888184306723
PROP-051240,166.9931036879132
PROP-023371,60.13527330779482
PROP-076976,-63.792015637778896
PROP-017027,129.663844528173
PROP-023620,184.44672207237562
PROP-097270,41.3835160862036
PROP-080978,249.80727738926808
PROP-089802,20.94146171053762
PROP-011724,499.2405950124282
PROP-035559,64.17752056616426
PROP-095606,171.48693985688956
PROP-079743,-13.335534299556404
PROP-037216,35.71035459375528
PROP-064579,173.06034447288903
PROP-064621,160.92029267551447
PROP-053723,504.8585794858387
PROP-072437,315.56095183442324
PROP-058208,261.7435781822381
PROP-059081,50.107964857528785
PROP-074819,158.51362837220609
PROP-096133,4.203898909537404
PROP-055872,327.18988987447585
PROP-095581,280.6069393131949
PROP-021520,84.27207395584276
PROP-049898,104.02738712184367
PROP-092054,-5.0234075889077445
PROP-002088,484.896748542581
PROP-022160,130.07389805785195
PROP-093123,115.08727652758492
PROP-015066,93.46760365763421
PROP-013823,105.94141495060497
PROP-007336,42.14872367228061
PROP-049930,-53.9713766788083
PROP-060106,306.2397379167011
PROP-003503,30.11011129205429
PROP-007070,139.85266244665172
PROP-010728,247.2409918830228
PROP-093466,373.41054032599516
PROP-084474,261.63915232067103
PROP-019053,-2.5910181236563767
PROP-040978,203.39539936250713
PROP-088189,29.926107562535925
PROP-030656,80.16326709406619
PROP-094834,95.30820704013159
PROP-066355,348.97437752012445
PROP-033891,45.13584426728263
PROP-092460,216.0195076375034
PROP-083023,-33.198146549493195
PROP-009958,6.4319722080252575
PROP-079463,29.049778504710904
PROP-081926,32.12654215873543
PROP-000915,124.70053441073162
PROP-036171,378.2926734662769
PROP-034513,145.50798951335685
PROP-044965,75.99182250578627
PROP-002955,254.77797361507476
PROP-031745,207.11362723849655
PROP-029241,365.3486114222186
PROP-011710,127.52204962191227
PROP-004898,198.75191018319657
PROP-060487,68.20075243396558
PROP-024846,62.257039088988094
PROP-028757,61.25225208194285
PROP-046378,47.58060873342215
PROP-054263,124.22632339589974
PROP-074182,76.75403569013655
PROP-068226,108.39655069037664
PROP-073667,95.43219667776066
PROP-059939,96.88822982259134
PROP-054808,7.767597295011186
PROP-073098,149.4190021531227
PROP-083962,528.7475218139391
PROP-050775,15.833699405413316
PROP-033682,73.96974127525999
PROP-092754,-8.134030801589637
PROP-051584,147.2909290815416
PROP-084012,49.21760486970473
PROP-084778,146.45040374549248
PROP-008587,99.44320468901884
PROP-068212,50.7308762514709
PROP-045799,266.2310961764828
PROP-057234,3.058013941863507
PROP-099644,65.3918122995716
PROP-027586,-11.417429196789431
PROP-071534,102.17239954677487
PROP-073307,477.59064493301855
PROP-074121,78.39812258278575
PROP-046159,31.650374665611118
PROP-039413,46.09110091845031
PROP-078859,72.79332323282775
PROP-018790,172.7540509326072
PROP-012169,126.22961622065935
PROP-059661,304.6176359295935
PROP-044638,285.5746987305141
PROP-003298,187.9137527466992
PROP-067575,70.48369547235255
PROP-022896,28.023444678333277
PROP-013601,244.15886754296756
PROP-033037,387.91694860362264
PROP-009263,-2.706814264593717
PROP-008722,255.23755865770744
PROP-062310,94.19186061980163
PROP-069048,118.69436333916443
PROP-037363,290.8289919183821
PROP-078480,26.70985659756706
PROP-074570,372.08873806728775
PROP-067049,153.2476382518644
PROP-094441,-6.770370553397484
PROP-085638,78.88720519588894
PROP-055878,102.35490176952793
PROP-090285,129.00237716888708
PROP-025956,105.0452810919694
PROP-016435,4.627457672675955
PROP-026290,-84.24843091732787
PROP-071201,31.981451942428503
PROP-066183,293.2820509602658
PROP-080755,370.52732462831085
PROP-026591,359.812669234384
PROP-010729,200.44776755115845
PROP-083350,150.26595080251195
PROP-025234,155.82845608416758
PROP-061303,127.7696277788969
PROP-018643,30.015926903200004
PROP-019315,111.15491360848088
PROP-099850,346.98591473399097
PROP-073823,1.2081790092581244
PROP-023624,212.7312263346683
PROP-091408,231.53421141800294
PROP-010062,34.1511657532095
PROP-094734,169.44036998997933
PROP-053527,163.95105035372436
PROP-028273,452.6916838528008
PROP-015961,-58.402737148186844
PROP-005972,214.92503552439527
PROP-078479,303.15190047216834
PROP-052739,101.8695045211353
PROP-080242,-24.918860351188364
PROP-037777,202.55147626940948
PROP-074666,221.96225082195005
PROP-005422,62.60636334159479
PROP-083638,136.3201585220861
PROP-032133,123.47606002935835
PROP-032143,-27.491229011134752
PROP-095664,125.51656573047103
PROP-047111,415.7346824979209
PROP-054689,195.97319696791328
PROP-049732,163.2875302281494
PROP-097946,260.8439769916561
PROP-045356,39.9938369649242
PROP-027021,119.50010042557214
PROP-065368,183.06976461128855
PROP-091736,94.57345654218392
PROP-008864,105.8601929423904
PROP-076721,289.69108138137955
PROP-034839,-17.92238411359856
PROP-001002,246.64180941591022
PROP-001731,163.54312087558995
PROP-079718,131.0701403773313
PROP-002587,208.3435235775807
PROP-084487,23.11614128857463
PROP-045111,21.621673489394112
PROP-043113,78.28150547313888
PROP-059681,135.45305937946344
PROP-030975,-60.02167156745105
PROP-032799,129.93899543267153
PROP-013090,53.12603884534107
PROP-093610,66.20562507520167
PROP-032053,235.07087206122304
PROP-051797,135.77934247728052
PROP-045492,78.97779611730473
PROP-064658,110.31452256538932
PROP-076694,79.69950649264564
PROP-059005,321.0157746567888
PROP-024851,223.3411193023392
PROP-009467,209.53795958072004
PROP-042870,61.368432399150045
PROP-050515,135.38241909468496
PROP-036505,22.947980279838255
PROP-081495,298.3385560303574
PROP-047430,225.94297964141643
PROP-029610,26.49731408962618
PROP-014314,259.8381964105767
PROP-013360,83.69933577560482
PROP-008250,45.069772699242534
PROP-056995,235.30663492360028
PROP-017467,86.73820918919755
PROP-031143,83.43610709607636
PROP-049481,325.02239604843396
PROP-056749,59.98790683144736
PROP-026456,96.86718114528502
PROP-092000,245.05034949755935
PROP-055153,329.1886580744282
PROP-042692,20.021203522877535
PROP-020314,371.0825291779916
PROP-063690,113.39864704230752
PROP-037058,-18.772318275950564
PROP-076342,109.41929129968148
PROP-034500,48.43422886508232
PROP-031613,90.69229338444174
PROP-073676,24.874714080872124
PROP-017408,216.6426302843782
PROP-017703,20.503692622184925
PROP-068170,132.75563029121082
PROP-039199,116.73170112284036
PROP-015925,282.1056156633662
PROP-092800,1.277765002540061
PROP-078495,116.33020892377073
PROP-012050,360.70836858101643
PROP-017732,88.88202320279723
PROP-056564,102.06077505883846
PROP-063167,49.8777739248283
PROP-048116,16.718161176888614
PROP-020971,140.85285345390093
PROP-002546,160.51205038319867
PROP-010147,459.735719570541
PROP-078791,127.86647040363881
PROP-003019,18.760639050437472
PROP-007198,6.103125218847138
PROP-020192,57.49693566403991
PROP-042276,222.23697374903884
PROP-059816,240.90616545308973
PROP-054809,23.603149217009804
PROP-099126,275.76951406976326
PROP-033023,234.2270202887208
PROP-073360,252.79191113456739
PROP-064368,65.20712329184707
PROP-068228,20.697174853129837
PROP-016270,305.7770331867078
PROP-066757,-23.175691577936927
PROP-092720,230.9601520919033
PROP-045392,307.02721643165955
PROP-092112,46.43601093683839
PROP-077222,50.25057461257123
PROP-003274,312.23866472755657
PROP-003134,103.8084612818308
PROP-017555,-13.528309964308527
PROP-000924,479.5143638583462
PROP-009062,8.085915731184116
PROP-017009,275.7069074133021
PROP-036117,104.10318702753364
PROP-028796,297.8314339240702
PROP-010223,217.89724643321074
PROP-004356,90.6533291218006
PROP-088992,336.9619787045916
PROP-059198,23.73835569644845
PROP-056562,5.91828594035524
PROP-064629,166.58051490082013
PROP-071166,16.250482563833998
PROP-058894,251.24736009587716
PROP-048851,53.40355592661824
PROP-081471,36.203111231713414
PROP-064728,15.895051129303898
PROP-060349,375.1932852024553
PROP-070613,45.240307166574446
PROP-019731,163.38856774833516
PROP-058017,251.8530458867878
PROP-069695,154.61602540064388
PROP-022726,-4.057991399388641
PROP-029991,252.8212476601344
PROP-031302,79.0015588956593
PROP-098936,213.36737705371291
PROP-081939,379.6051571937784
PROP-052521,56.88476032526886
PROP-059855,559.2906887711767
PROP-021694,88.91881415467542
PROP-085840,284.3385444008192
PROP-028850,258.7315151099863
PROP-098506,96.43342938667034
PROP-039250,296.53747196021965
PROP-038765,128.7574578753623
PROP-027086,85.45333868726112
PROP-038884,157.06586118681986
PROP-097623,125.33156952542177
PROP-075075,-9.60131916502344
PROP-007228,289.530236590926
PROP-013512,48.141682616954654
PROP-071048,132.28170028008122
PROP-043493,171.27126233890596
PROP-047860,27.65159459651427
PROP-033645,46.27455272752814
PROP-062719,64.36564063134963
PROP-040740,-44.66800104772231
PROP-025157,117.20129132878631
PROP-001218,61.909542945426494
PROP-019431,285.11743431529726
PROP-045605,64.89115411511204
PROP-064186,189.23903428559132
PROP-079639,-5.093319577142044
PROP-010768,70.56317726400408
PROP-007798,481.0129407031715
PROP-005630,300.6473177340877
PROP-094856,-7.138630059476434
PROP-083688,91.66024699279097
PROP-042568,-10.652433142313111
PROP-039498,12.071820727385635
PROP-085994,120.86605161211625
PROP-081763,286.188228265529
PROP-018259,106.2443205204342
PROP-057058,183.77679049099464
PROP-056194,25.961741488969352
PROP-092988,179.1324528469226
PROP-058758,230.9595381753358
PROP-066019,167.26333427629737
PROP-000535,131.41512946714403
PROP-002609,218.2037443105206
PROP-090120,67.88355694064458
PROP-012419,-20.11909942994201
PROP-057193,72.56620227090755
PROP-097330,79.48150227175056
PROP-038078,-17.33456958164833
PROP-000743,29.12827193232481
PROP-052197,6.59595987042592
PROP-046720,53.48723086598255
PROP-049097,285.856582962694
PROP-064040,107.09290371887329
PROP-035619,265.4022860834607
PROP-031283,-8.156213785625699
PROP-085505,319.9063592548643
PROP-064669,50.761709623194335
PROP-053433,61.14185983689282
PROP-090770,113.45168763653118
PROP-009058,309.81669868742335
PROP-097278,280.55058290504394
PROP-008443,55.47787523880615
PROP-087784,47.41316487859464
PROP-041396,-20.218455800587854
PROP-072916,38.721178019340925
PROP-045660,249.67394156108452
PROP-043376,151.42551333504326
PROP-033561,262.86010297642497
PROP-008439,192.46457874672177
PROP-018142,187.6055140978808
PROP-086299,110.99769038953335
PROP-051213,42.41030427426578
PROP-008775,425.6573213681015
PROP-076866,440.03872218184796
PROP-052799,-35.94395503099089
PROP-091658,119.00633462625113
PROP-068371,-37.24923027588388
PROP-023642,69.58727554302128
PROP-058274,349.3707678003098
PROP-007727,-3.9435379434297975
PROP-061410,-34.262570283568216
PROP-042632,81.97191998899575
PROP-007917,269.31602403338593
PROP-047563,95.59307498036583
PROP-094088,199.1090656454906
PROP-072545,185.92059203403895
PROP-089336,21.63609611654239
PROP-095073,326.54694936911636
PROP-065295,46.57769522425233
PROP-088492,212.9191891107409
PROP-044287,354.61418460516927
PROP-076965,175.0294243176585
PROP-010991,240.82249377479047
PROP-051748,64.60679956039337
PROP-061248,120.17998515390792
PROP-097867,11.27872525357008
PROP-000257,63.84224480136302
PROP-078980,114.48615273859602
PROP-029772,216.5274693472096
PROP-017359,305.00213190850184
PROP-017209,234.97500508300448
PROP-059470,151.98960386620448
PROP-064854,281.92612753647313
PROP-008376,170.01028394386316
PROP-050132,204.81476621030214
PROP-056074,125.5645546793089
PROP-042328,140.20381516573318
PROP-080664,94.99841716136024
PROP-087255,-0.3191714172641831
PROP-004509,130.0716660728368
PROP-087921,78.45738420630678
PROP-075966,39.105279398921525
PROP-003257,129.36722486357195
PROP-014156,67.93716517642108
PROP-051615,106.28630368068062
PROP-012158,147.97032497210492
PROP-032013,12.779473866223007
PROP-021783,314.38863802374675
PROP-045689,101.69858153272719
PROP-090584,109.9109546649185
PROP-071922,52.93455285236233
PROP-077400,265.89718827341767
PROP-005551,375.1647631427946
PROP-068991,229.8029146197599
PROP-008607,251.50972277731162
PROP-021972,76.44253810289587
PROP-098754,185.76530285453606
PROP-061111,158.0869214091427
PROP-049014,154.01877461473234
PROP-057356,315.07571533695227
PROP-092031,220.41426004957555
PROP-015856,59.305275229566675
PROP-087019,34.63868585643587
PROP-060187,147.66330505752413
PROP-037723,323.0712943631663
PROP-040609,48.60454672294242
PROP-004773,184.69893365356776
PROP-030706,34.879295183070916
PROP-040180,257.8811163692712
PROP-051335,77.49455504935023
PROP-035974,55.78451598124852
PROP-005363,102.69436880593636
PROP-071882,165.9657232658776
PROP-085981,172.78885326185082
PROP-053830,284.43306145132675
PROP-016846,61.86829943728526
PROP-035277,323.33696226190887
PROP-098326,221.93449910741225
PROP-009870,231.84702965999475
PROP-070166,3.8156116643325966
PROP-096450,39.954013692991026
PROP-043854,108.00311226303532
PROP-085978,101.71571813714215
PROP-092807,350.4740701756306
PROP-018023,266.44961361005517
PROP-087612,204.6188441905815
PROP-053280,158.26136355604314
PROP-060375,71.67977030689482
PROP-037274,288.0604789271925
PROP-023260,7.7375320913005226
PROP-033603,189.9981357182239
PROP-007338,38.5548274054177
PROP-062722,327.63487831859356
PROP-031923,353.33454430629286
PROP-016136,561.3729271432738
PROP-086432,6.584295058622853
PROP-035276,301.9727381602522
PROP-089382,268.1408062203218
PROP-061814,66.40075144383496
PROP-007751,-1.7236055439651992
PROP-042989,133.20693335413057
PROP-098042,284.7911860758365
PROP-072709,106.44307221235037
PROP-056369,166.0127938011886
PROP-093228,237.60671786481242
PROP-065815,255.69170099055344
PROP-076118,85.38216256597237
PROP-043692,558.7764834457831
PROP-000917,67.41227927520302
PROP-025769,33.832503303592986
PROP-089548,37.66164067379303
PROP-074009,7.6088469819706255
PROP-018673,73.79911414743994
PROP-008266,263.3266760703808
PROP-002669,151.5227357520089
PROP-091527,155.13125402012273
PROP-081113,49.86347180993625
PROP-067643,57.27119667113385
PROP-085546,268.76442240495754
PROP-019458,175.26169833346393
PROP-015635,211.67215255461585
PROP-057660,68.36355975901593
PROP-024439,53.1105042499977
PROP-062232,24.514831046232167
PROP-072986,306.98479364982154
PROP-014010,340.6708451241996
PROP-092830,472.2809544013935
PROP-009438,301.88888487135745
PROP-007716,137.81786975923131
PROP-004965,58.678436550769874
PROP-057099,340.4846763421521
PROP-000967,139.8638798478471
PROP-013968,136.101527563011
PROP-060577,346.64592025844036
PROP-058798,308.52946198379857
PROP-081608,109.94380719594386
PROP-079353,62.40644515532846
PROP-083343,475.3560415162249
PROP-034359,53.89560954356854
PROP-022025,136.18674261228827
PROP-087218,75.1295881907549
PROP-084799,283.00625953240313
PROP-093815,124.80147406105718
PROP-020177,231.67455954222186
PROP-030198,238.88432505014754
PROP-078979,485.60308012704184
PROP-098144,201.69692592017597
PROP-084454,122.05829115092924
PROP-087654,102.04993068275903
PROP-075466,135.52364063149275
PROP-093747,116.09913987168675
PROP-093121,79.2590857322793
PROP-004105,181.09963556694115
PROP-045774,190.00542448150452
PROP-089846,357.8512748306547
PROP-031651,112.73844538310817
PROP-049459,75.29641883719688
PROP-059253,161.62195807099818
PROP-050825,190.72128388866338
PROP-050412,165.28328052575742
PROP-003679,289.0221038977542
PROP-074882,158.7722417729359
PROP-075349,214.66667022041096
PROP-046813,28.837303360157847
PROP-087707,69.52363040873297
PROP-073909,431.26173596038245
PROP-008984,498.7381840056777
PROP-026776,290.124260428565
PROP-005241,303.2675430851659
PROP-072276,286.5386955846547
PROP-024210,-40.51202880285457
PROP-013227,278.4602400137413
PROP-087872,-21.757852980651617
PROP-044447,6.4706595884899585
PROP-099988,-9.762150813137964
PROP-039922,131.25683897271472
PROP-013834,37.46763768541768
PROP-026961,67.12877445993615
PROP-011374,385.711388345777
PROP-077816,88.74738771958091
PROP-006040,296.5266594557055
PROP-023933,168.40226526931994
PROP-010607,312.9733868171381
PROP-076514,523.1767047082433
PROP-051040,195.73759203303547
PROP-053705,54.29566050457615
PROP-071988,188.28359831641026
PROP-082339,84.47511938889643
PROP-097084,59.47211592563405
PROP-077425,79.41985953017907
PROP-094904,46.92264345874963
PROP-058146,205.88455468698686
PROP-049905,54.424244550561234
PROP-014045,182.20927206703854
PROP-004307,207.0682238235902
PROP-083377,16.404742804377406
PROP-003208,117.0263585106892
PROP-047749,65.96020492386799
PROP-000402,52.124099466406335
PROP-042239,77.86498803342015
PROP-008385,165.84455910356263
PROP-073612,-36.79954025227141
PROP-020556,112.48506226168197
PROP-053704,25.52764015446739
PROP-079054,-22.937066571903806
PROP-032973,54.942328163082166
PROP-049320,119.02236495312741
PROP-072252,229.87598901924335
PROP-083413,31.38193574411201
PROP-050215,14.128034016513126
PROP-005836,302.63858156951073
PROP-054548,103.90804478265001
PROP-010250,-24.711501636555028
PROP-048481,388.76571473381216
PROP-025818,-8.45722651335577
PROP-029666,-1.6966328994157678
PROP-010758,57.97928931423783
PROP-081237,193.4686425501559
PROP-027789,107.99355424759139
PROP-038518,314.43815543859176
PROP-075013,245.81017937126234
PROP-062053,96.31565253120718
PROP-079996,58.089239232204456
PROP-014322,81.91321292204464
PROP-055756,75.37833892030682
PROP-002559,93.27961314050299
PROP-081263,30.552952572145532
PROP-091215,150.22230724395752
PROP-037425,138.96854383640658
PROP-062031,216.2902982413527
PROP-069222,270.60089782585516
PROP-069735,-7.942808876697331
PROP-031702,66.8907029419299
PROP-043225,133.45805811388414
PROP-079101,119.81285166240554
PROP-013267,-18.175386693646992
PROP-070494,103.74873123737977
PROP-055376,127.98509072107447
PROP-034160,126.05337214517867
PROP-047868,253.8138927453582
PROP-084446,74.67228683931421
PROP-072813,14.936453353619523
PROP-069195,247.07497440430362
PROP-063954,142.4659124967581
PROP-013253,251.97827566852703
PROP-009470,3.1264536765364284
PROP-019796,237.97355450817187
PROP-028409,185.41152804547147
PROP-080651,48.91996790262727
PROP-080282,17.011426572165533
PROP-096491,96.90670872033375
PROP-041900,212.3560466600912
PROP-054819,103.82867740170275
PROP-080040,249.0482670550236
PROP-043614,164.32039866014554
PROP-098668,269.04587809845185
PROP-025684,106.82570975048223
PROP-041986,68.48137779234405
PROP-037249,55.620506165974795
PROP-025654,214.4405525155188
PROP-072901,270.12637226235955
PROP-045397,142.95522023513672
PROP-092984,373.78689249339754
PROP-007597,52.4757700073268
PROP-067301,312.9054432666487
PROP-049265,44.74849594342513
PROP-076324,67.57723081380622
PROP-096661,461.638759793943
PROP-072477,6.1220721654100565
PROP-064952,71.47999823436959
PROP-043726,348.9483000490291
PROP-005384,4.726136858518178
PROP-051929,30.17893418944678
PROP-017741,251.9904847071255
PROP-046110,340.19383464652043
PROP-049384,93.43947259368082
PROP-040171,-15.11561644970839
PROP-053342,30.30853056642257
PROP-086875,178.58856901623545
PROP-079480,436.57673681025926
PROP-060121,337.78343687741085
PROP-045555,178.87093610156052
PROP-066641,66.60192730591011
PROP-056231,28.11350054396096
PROP-047282,53.26523400999992
PROP-050588,279.84796559187487
PROP-071858,266.7836483765592
PROP-022837,36.37431453703351
PROP-077391,132.43838756176723
PROP-021787,99.3136041165823
PROP-003627,224.67325456606238
PROP-024904,245.43938980957748
PROP-024184,134.67094969442678
PROP-021697,192.00513230621647
PROP-080793,56.875674853330224
PROP-008160,-3.8014588225240082
PROP-039587,-3.553358356018952
PROP-060184,4.97803253409802
PROP-088825,422.7176836401187
PROP-051057,240.17437366854523
PROP-080594,306.41018825389364
PROP-035631,105.5850433697668
PROP-094548,138.92756329244
PROP-076571,140.91587768768312
PROP-014003,203.68187939729418
PROP-096136,186.4098411574875
PROP-098519,112.84330460528344
PROP-079345,116.03294468724955
PROP-010920,266.4372506891087
PROP-018392,139.50210226165996
PROP-014570,410.20229371946266
PROP-043453,214.08736775289142
PROP-056879,65.64498507989512
PROP-035254,223.45592019274417
PROP-024029,48.75649878599816
PROP-041933,51.9901592790389
PROP-019531,67.43076832685239
PROP-068169,-9.16733780787749
PROP-082302,32.74372244089572
PROP-026722,248.95942409510906
PROP-076894,109.57359239447354
PROP-003935,241.87095781680165
PROP-078873,243.2192845043237
PROP-029565,-1.954295932933519
PROP-054273,79.9932857326853
PROP-029667,179.95695236496647
PROP-069189,-12.846309853474875
PROP-002983,-9.85731648269452
PROP-022153,86.04442871021095
PROP-095804,261.3958198118935
PROP-008049,54.03807499813023
PROP-088835,62.78451422671278
PROP-020648,215.26408997090348
PROP-042785,174.88119676109636
PROP-044102,78.38429968912897
PROP-081379,174.92219007177988
PROP-034047,220.28711556774238
PROP-042359,244.4733139009224
PROP-015095,156.1269935002939
PROP-057531,173.41300984425683
PROP-028408,111.91208496476354
PROP-096379,82.08447105981786
PROP-059288,265.80382982839603
PROP-011251,83.18020151124792
PROP-039831,49.06781107110925
PROP-006588,341.5838831244343
PROP-001114,27.30387878812504
PROP-099360,437.95758334769545
PROP-043341,339.9182377511984
PROP-087286,-10.149645434914545
PROP-086000,18.496892106967575
PROP-030537,3.0503011095058135
PROP-001415,245.55468471170803
PROP-000474,182.39352787643415
PROP-096758,223.1180710459301
PROP-004672,27.2981326417013
PROP-028402,272.167826140865
PROP-064022,-29.440607309325713
PROP-092453,86.37862680208369
PROP-008869,267.93858837175327
PROP-075929,210.88191295206568
PROP-007621,91.24875310323353
PROP-001379,27.48282406983619
PROP-055904,19.016560348890074
PROP-094642,-13.999435660783572
PROP-093769,43.7479458670342
PROP-027529,170.80288525175348
PROP-010418,262.08025827561517
PROP-021350,63.92266901702847
PROP-070038,164.05061179820672
PROP-056447,412.520092717246
PROP-002078,137.1950990607139
PROP-028093,100.94135247754721
PROP-078427,97.83351534830553
PROP-075200,151.10082386137432
PROP-066164,24.758615404881283
PROP-025284,246.97077628566294
PROP-060234,78.95779409497511
PROP-089033,148.67168131523886
PROP-008593,58.89207164124127
PROP-090523,129.53718348661252
PROP-009591,76.95459313002553
PROP-063584,131.44863711864932
PROP-089739,284.1061576413217
PROP-024285,150.0604422453721
PROP-077742,188.6554756382765
PROP-040080,12.679261402048581
PROP-072962,386.9712938813593
PROP-061916,154.06993901071354
PROP-071897,235.84570683835915
PROP-092801,167.9508482638841
PROP-077333,212.74721784298714
PROP-027241,138.82179173443294
PROP-045903,499.1748105525051
PROP-072241,121.57017045822539
PROP-046857,389.9591303547819
PROP-099685,51.97181399429913
PROP-013270,141.31866947305923
PROP-086587,72.25882341786325
PROP-059019,157.60169126638962
PROP-078410,251.64159882754126
PROP-046418,123.79547690128797
PROP-095221,156.83910378129653
PROP-037934,141.4929815663779
PROP-017346,133.4083111538622
PROP-084535,-31.192283139908415
PROP-089123,18.525942326385024
PROP-052575,123.77032417393599
PROP-092186,249.39462340330286
PROP-074003,57.65916808083061
PROP-025923,197.50181865655486
PROP-073049,152.84578243055498
PROP-028278,78.587164246568
PROP-074971,174.57387899100593
PROP-038954,57.77119367557004
PROP-004759,23.855843209890608
PROP-086258,86.71376647442912
PROP-038701,203.26248821639766
PROP-092060,52.04653896915828
PROP-007811,308.71895451141245
PROP-096506,41.74560429732573
PROP-059518,49.451844176472115
PROP-034909,79.30692834779275
PROP-012560,317.0784062647437
PROP-072311,53.82581543935521
PROP-078900,101.46169721733132
PROP-040891,53.55249508351163
PROP-061907,232.46936038029713
PROP-017654,77.55752771349572
PROP-019871,80.11561481916931
PROP-083617,197.88607256078558
PROP-051194,254.13145554382996
PROP-023529,182.29057628612617
PROP-068518,230.45149081132098
PROP-038299,184.8678482062279
PROP-004611,192.78118505727105
PROP-067187,92.14365778762448
PROP-059378,68.28434911551484
PROP-009374,43.99440132501317
PROP-050426,262.49773519106134
PROP-065380,-19.286268346295433
PROP-032363,222.5629806995957
PROP-022224,42.0226398754924
PROP-015096,14.114583870186062
PROP-051347,79.71985240927918
PROP-019318,118.0372958652776
PROP-063864,290.7678804795758
PROP-018910,-22.625123806769654
PROP-065020,20.817531062705847
PROP-090145,-62.5714920309687
PROP-030209,189.62905983832695
PROP-014411,2.7713164223722657
PROP-057738,215.29483470424069
PROP-097388,3.996687160879265
PROP-089655,38.648162994789416
PROP-049391,327.47407058837643
PROP-086298,163.6499683691538
PROP-055670,52.22539578678386
PROP-059261,-3.0935978172508456
PROP-063232,57.14754875654903
PROP-039465,65.0573421386518
PROP-010327,85.92906782488154
PROP-083378,83.92358242082823
PROP-085045,174.66691686463366
PROP-027178,4.384620490456548
PROP-033238,504.51429412764423
PROP-037631,301.54799942011107
PROP-089818,87.35337387658294
PROP-098888,-14.632608779601707
PROP-084314,70.96684735828194
PROP-034460,60.932754237364165
PROP-034703,71.3136794148158
PROP-027856,248.50310403232257
PROP-082756,197.61699312813204
PROP-088310,374.9393880879414
PROP-043715,46.1670305338964
PROP-068818,132.80455425541055
PROP-077806,9.474817465059878
PROP-052679,54.71828228429628
PROP-032456,288.07802142921696
PROP-094918,-5.214846842106137
PROP-038176,323.7810787141619
PROP-047484,68.33179737642232
PROP-073411,94.03858593750041
PROP-053918,12.650667586893459
PROP-007990,23.093767102653015
PROP-020661,194.3596563655529
PROP-069352,134.85817150857883
PROP-060746,115.56529037156636
PROP-033833,391.79972619136464
PROP-012796,242.01785789553287
PROP-004046,273.0238718769296
PROP-048545,133.22966426753354
PROP-002324,363.5063538534895
PROP-063466,83.33173926603313
PROP-086590,139.93860083864203
PROP-015291,73.09228480222816
PROP-044167,6.189501744992487
PROP-066731,110.0001697069739
PROP-039702,250.87853237575544
PROP-037990,303.470852903686
PROP-056200,127.3931793552986
PROP-078746,45.814030116281685
PROP-020541,338.4170488743187
PROP-058289,189.2498913791294
PROP-076305,57.89990803381593
PROP-006555,5.710570907588462
PROP-021901,375.2175711612884
PROP-052123,311.94680591503305
PROP-090677,38.30074495214779
PROP-080288,58.69525170252982
PROP-034657,417.1283879060054
PROP-062898,-16.902138881110073
PROP-061125,67.55217416398874
PROP-055392,265.40898304068526
PROP-056511,17.007129429319892
PROP-031721,56.31757382292389
PROP-033426,78.49561093487229
PROP-081435,48.43640337623783
PROP-004198,259.41219277950864
PROP-087972,189.3773671218393
PROP-000664,113.97959702320406
PROP-059612,0.014890569454145464
PROP-058825,-112.62511986627861
PROP-010469,193.46102804584817
PROP-013013,88.3318462932001
PROP-050927,176.0101743623053
PROP-003354,144.81621787941657
PROP-092633,14.340576791513687
PROP-049970,40.858166587128395
PROP-041445,-24.896980221324306
PROP-017908,-12.054494231175898
PROP-070717,147.31504619549372
PROP-090570,388.2002803726329
PROP-094258,30.562227040949917
PROP-059869,39.68928822781368
PROP-084942,344.30250506564005
PROP-011706,240.51227666876218
PROP-087675,40.720771810250824
PROP-063672,43.79226909829642
PROP-034086,119.26755626438299
PROP-047682,593.428023961481
PROP-043679,424.7621401730901
PROP-038329,31.127816761297872
PROP-028910,40.87180951178103
PROP-052794,-5.72975034312511
PROP-089862,127.22883161049714
PROP-030647,329.3648581948967
PROP-058239,88.41096000841192
PROP-033309,120.27954612178016
PROP-037619,263.2908130518807
PROP-017783,73.79400816343113
PROP-064617,-11.570418773563109
PROP-058203,280.1897972706053
PROP-090436,267.83903413986815
PROP-035795,98.08246169739786
PROP-025968,-3.607971664175384
PROP-016302,45.43430743816424
PROP-020809,290.73441727774525
PROP-050018,218.85022472187165
PROP-027676,115.27181130663602
PROP-057741,45.05597392067553
PROP-065013,39.48595059680737
PROP-073873,4.352803763651238
PROP-024351,18.42945793315723
PROP-044135,174.34143458997173
PROP-016262,62.68180150316835
PROP-061520,298.72801446247126
PROP-003959,190.9472647427981
PROP-049917,474.9849258062346
PROP-020641,36.39455453124208
PROP-094690,36.60015514864839
PROP-027000,415.1404169261334
PROP-081668,333.43898713174826
PROP-026348,129.75816569168379
PROP-073782,96.95032161419329
PROP-049211,-75.30272435847247
PROP-080182,38.423916299105244
PROP-084442,-15.950963269696135
PROP-028264,78.22973716534982
PROP-061124,157.6248450532192
PROP-032965,144.15929943236517
PROP-091103,171.2389891277261
PROP-089917,402.0211971057602
PROP-009315,135.32521302716225
PROP-033601,80.51615190128435
PROP-047166,38.79720811402157
PROP-049291,1.9287943821341074
PROP-094163,132.32577261244938
PROP-060661,58.912841856156305
PROP-085474,195.35464771192284
PROP-071407,205.89977236662753
PROP-040545,48.65805285093834
PROP-083902,97.91096741563004
PROP-040131,221.67102566084125
PROP-054513,13.037709352852104
PROP-025151,231.52930057976008
PROP-088555,272.3492583001655
PROP-051131,307.8152923957476
PROP-019258,436.4871722286696
PROP-089035,15.166843087430905
PROP-066545,67.99285674344081
PROP-052698,102.75670893186226
PROP-024195,133.84760703066706
PROP-040525,228.8867785990778
PROP-041556,92.15401586067776
PROP-043611,26.42829244853244
PROP-040872,171.67711275467587
PROP-081452,218.1424901530606
PROP-049011,67.99104652916677
PROP-079973,100.3906425966532
PROP-040409,29.495646860127557
PROP-047741,214.89694075706257
PROP-094070,81.40341295464977
PROP-023244,24.272312818881566
PROP-041178,305.11706686931063
PROP-036824,142.71485157523267
PROP-064491,55.914251216140094
PROP-008243,334.800715257395
PROP-054490,76.42439810074427
PROP-054342,205.20345056784132
PROP-076834,161.4304439096527
PROP-078168,97.0990178475933
PROP-076379,16.90576478519334
PROP-025186,15.489969206829102
PROP-029035,312.6148843365301
PROP-037202,326.2552869770434
PROP-088299,115.80821796460343
PROP-092858,452.61803951995694
PROP-038750,45.19286253669689
PROP-004033,156.1303813305112
PROP-089416,162.45660988551185
PROP-067378,261.70519143238573
PROP-042535,94.09200136219938
PROP-056901,182.25992689716867
PROP-020993,155.32086143329528
PROP-092508,309.5898329055262
PROP-099761,72.91387086923703
PROP-062604,203.56295957189187
PROP-051381,80.8675841126119
PROP-075344,225.52516397381976
PROP-095365,160.35793519789195
PROP-059474,154.67885901131714
PROP-073436,118.24482034748306
PROP-049289,-30.73333072090211
PROP-029583,1.9941445736361825
PROP-033288,-29.90226098020643
PROP-033502,40.94861374176914
PROP-002477,344.04735120199615
PROP-015105,313.5332287368543
PROP-065633,127.93885610840155
PROP-098882,129.74403235547516
PROP-020256,144.77010351156483
PROP-068431,96.06658282966143
PROP-088557,-66.92314804517501
PROP-089940,-76.24671925383181
PROP-016519,107.42849360502713
PROP-010462,37.968769817417865
PROP-031425,47.05871982362817
PROP-089698,364.96743638815997
PROP-006132,11.440065485411107
PROP-094375,200.86483298208282
PROP-079915,28.852169523359336
PROP-075206,3.3812759677128525
PROP-093065,4.25116727170761
PROP-005614,55.347666567058084
PROP-052493,461.1035386488258
PROP-093964,209.9315929800049
PROP-048537,162.82873465355718
PROP-082038,-73.92181159155878
PROP-052807,201.37146622959898
PROP-019931,86.7158784940676
PROP-045082,49.79493394484993
PROP-055776,243.28594630907995
PROP-046312,133.56927745822605
PROP-009068,204.4043952790537
PROP-059159,-47.79006517000505
PROP-089841,281.2564662185802
PROP-047148,160.48505335508713
PROP-040057,136.0077015421444
PROP-044228,-10.403407407660842
PROP-039409,221.72525893651928
PROP-088871,31.057774856827024
PROP-017222,26.382353221152492
PROP-049364,58.247849813050436
PROP-026267,36.37574694107171
PROP-084071,141.65967634591857
PROP-030757,103.19912089823526
PROP-087299,81.5791257843183
PROP-088696,55.111011127628885
PROP-049449,473.88758396135415
PROP-068222,59.86423043855062
PROP-064957,58.53596359058677
PROP-062219,153.4143615000897
PROP-076197,16.37273824338285
PROP-065677,258.3939722211495
PROP-044778,102.78586978265855
PROP-040722,55.44756755918927
PROP-021440,322.5175960957693
PROP-006946,221.61475051508683
PROP-033773,75.05045909782731
PROP-001421,308.1408023888039
PROP-024700,-4.653652812175888
PROP-076181,6.585813610378118
PROP-033556,-7.700274328616288
PROP-083561,133.46127218220636
PROP-033074,93.94963278103407
PROP-080272,327.8956535876983
PROP-040851,53.716743993690045
PROP-081962,190.32006003749333
PROP-043723,274.7572594951723
PROP-024648,391.6906362048212
PROP-098638,422.7005965607156
PROP-065944,9.809772047700239
PROP-092148,106.47941128179083
PROP-030749,395.64354558436196
PROP-063143,309.98375191847276
PROP-077389,20.00081197384718
PROP-058534,168.23371852797698
PROP-033452,198.03485283705066
PROP-028316,17.08194543602313
PROP-087469,-87.85259884159323
PROP-030833,41.14803502084603
PROP-058907,114.40076635868772
PROP-056754,90.90695820834232
PROP-030403,236.07092839742302
PROP-040698,78.86025999846315
PROP-011011,119.64467238118142
PROP-006764,185.98232071847576
PROP-066466,87.62587332980428
PROP-069281,225.23715287324288
PROP-001022,108.88968241996912
PROP-087268,64.93888297147022
PROP-034011,483.59775333456
PROP-056002,310.7722773338658
PROP-002920,228.14354938283304
PROP-094628,228.6987024050942
PROP-059988,294.3986499128205
PROP-034340,67.33239327575228
PROP-015403,-44.60256744056825
PROP-022875,268.339765954156
PROP-037077,39.881125364526554
PROP-097835,61.14189707253847
PROP-047503,238.18512720675113
PROP-018930,211.49835756829088
PROP-028867,87.32747547679335
PROP-037916,325.45314327063886
PROP-074347,40.78203240905854
PROP-075989,184.06856737537353
PROP-097061,76.8624672503877
PROP-012810,127.76150802443124
PROP-095518,271.22997513918307
PROP-082259,268.81885897211384
PROP-065098,70.72861085835487
PROP-060230,108.52143697844498
PROP-030434,74.72910639352595
PROP-025867,255.8955713561669
PROP-076390,-7.179554079751043
PROP-028270,38.1968229934724
PROP-066155,109.28737021623499
PROP-051627,8.928172205935876
PROP-008258,110.19953589200503
PROP-070182,187.75706672083868
PROP-055350,548.4624774034962
PROP-083088,221.62539952502317
PROP-096692,208.08608287318134
PROP-073264,245.53518330005292
PROP-001970,195.49063588320712
PROP-084277,249.6931674771797
PROP-073882,383.6813225207828
PROP-090696,213.1646200834628
PROP-091401,204.13708250264625
PROP-048573,251.44374495516988
PROP-001874,196.07877501427532
PROP-047564,80.04132740260793
PROP-071144,6.0267983981380375
PROP-076641,51.37324126529932
PROP-096420,18.339016377661984
PROP-015753,-38.47049755322567
PROP-078503,94.98237853206803
PROP-074712,345.55093909033167
PROP-001044,230.28426187463185
PROP-063807,134.86657899420075
PROP-032546,125.1869076878197
PROP-006838,182.5388853647382
PROP-064714,61.315642890164966
PROP-072511,39.38172318747546
PROP-034276,9.90323794557947
PROP-090434,128.55534561441388
PROP-033554,88.93110209362004
PROP-000447,128.9861307983146
PROP-060150,128.4414069913553
PROP-062798,-59.29821921383119
PROP-037011,271.41723151865386
PROP-093863,234.0596671424254
PROP-020369,-50.752299802545785
PROP-071970,61.95353845983546
PROP-081815,91.7696462481592
PROP-091070,239.55877972269457
PROP-034158,210.49138842504803
PROP-072093,60.33661568516381
PROP-032560,6.749605789295021
PROP-023274,147.58137000776327
PROP-003177,-4.337030842818196
PROP-065012,40.65280705928265
PROP-079071,70.80149763566993
PROP-078402,-11.233283206182755
PROP-095537,82.38923423087017
PROP-039020,187.01823206907937
PROP-057906,600.2613153429817
PROP-086463,77.75506042597327
PROP-006504,77.85552013002516
PROP-067400,50.88355268569234
PROP-057341,11.026336218443445
PROP-033438,76.88603967110842
PROP-070979,51.805699571055506
PROP-045569,349.9106039408399
PROP-057633,299.1509998103846
PROP-008342,165.00304339396376
PROP-090390,37.539795597699175
PROP-072697,376.376459111546
PROP-062066,147.7926168936326
PROP-083655,246.89071815375746
PROP-052349,123.46753892124457
PROP-060507,106.38220915308477
PROP-000601,105.1952651322737
PROP-049060,3.6447471869517614
PROP-026383,260.1900406578574
PROP-058549,49.800647061946066
PROP-098804,66.10024587921687
PROP-045810,423.84244277574027
PROP-040927,408.9469157162613
PROP-066031,-38.36693499233471
PROP-024875,357.16324967726837
PROP-057007,102.05175135161139
PROP-013847,143.51077849854678
PROP-057581,125.27525733339729
PROP-025831,306.9255572114791
PROP-000692,129.5003945433325
PROP-027091,201.16625655845297
PROP-080329,118.76637096337922
PROP-081402,257.5882946580839
PROP-065224,44.516108674248
PROP-034609,262.2070046172068
PROP-080256,219.13450185804993
PROP-080378,121.40019524971044
PROP-030577,43.18196009836336
PROP-070981,146.13979592781814
PROP-001417,45.493951155564176
PROP-016924,69.20330249132414
PROP-027720,278.54923621685816
PROP-043731,127.8757793798854
PROP-063607,29.957457888575714
PROP-019507,40.77867967760827
PROP-019912,111.19502726305302
PROP-081376,95.07347417314801
PROP-067677,290.52508933695606
PROP-057373,42.90296570563977
PROP-071209,322.877489573474
PROP-051860,131.7968210918572
PROP-040161,-39.77077442650315
PROP-052227,132.10946372418408
PROP-010269,114.31183499259487
PROP-092868,72.76083822929299
PROP-062509,138.8690452741984
PROP-036211,108.31092257739198
PROP-029729,-19.79545619853911
PROP-036159,16.679440928268072
PROP-044880,6.0330864258825905
PROP-064711,88.17535265370559
PROP-065912,206.5675424470276
PROP-083733,52.389236015447274
PROP-038631,185.66830731050922
PROP-089683,46.80636611467993
PROP-020486,135.88656217635005
PROP-022882,82.60692104568956
PROP-031638,62.162058137099365
PROP-097813,217.1662840249943
PROP-092654,24.664503804039164
PROP-004716,318.003722237689
PROP-078775,65.25950023781967
PROP-066441,50.811898300660005
PROP-084625,49.85872924368053
PROP-088844,60.00781545829958
PROP-098941,297.67863836744914
PROP-074717,257.6779235322017
PROP-020382,137.7887757735462
PROP-041573,186.4334620110834
PROP-023364,102.40092892594781
PROP-063911,114.28638737666508
PROP-008790,135.3540720978691
PROP-003015,113.9874658049138
PROP-087588,196.8806776867233
PROP-027052,251.08992251537217
PROP-081448,135.47011944528714
PROP-098730,216.927019378568
PROP-097866,305.91543941244674
PROP-086026,144.31424994475904
PROP-043554,161.70480230733193
PROP-043829,29.65084764653949
PROP-091379,208.4569160426086
PROP-081483,84.20243712439279
PROP-012885,97.55079650726023
PROP-026274,88.01064050357363
PROP-078631,122.8906685054945
PROP-021071,121.43855632353073
PROP-026995,36.00553432534715
PROP-056522,104.68179756711231
PROP-040915,140.37733059750235
PROP-038941,87.76197820470256
PROP-016416,83.44962969323787
PROP-014096,303.976247723137
PROP-019808,230.6901135822103
PROP-067927,231.54589831888632
PROP-037205,247.66468669074965
PROP-069859,212.0687558123062
PROP-050094,9.302777769802235
PROP-063726,567.045133486726
PROP-002561,88.89581042423744
PROP-095988,24.96391353565462
PROP-052584,68.90786068950497
PROP-087320,276.75629240389816
PROP-023295,50.938304581137366
PROP-039862,27.86176089778669
PROP-091494,2.4112121345677355
PROP-011055,20.994469217115736
PROP-097030,217.7875058372158
PROP-073366,29.239087064318618
PROP-026141,25.398632913550887
PROP-022151,24.924715227703608
PROP-085211,73.0309339122846
PROP-094730,93.77364662257189
PROP-025116,53.7771590535866
PROP-088378,29.482097862244093
PROP-027788,267.29374331563275
PROP-062737,100.08660385399753
PROP-007104,89.68791610687626
PROP-030541,126.26656634977246
PROP-070776,169.8345989540303
PROP-009014,104.18537794092015
PROP-018060,119.27249697560192
PROP-027803,83.36402956499893
PROP-099051,70.06069595788733
PROP-002754,155.52248403972095
PROP-022406,98.56286976501134
PROP-012080,341.0962588172051
PROP-063427,44.75555464257316
PROP-088849,281.1266576533093
PROP-085805,128.23581316499474
PROP-098973,146.34522853429473
PROP-070341,-78.5119547563474
PROP-060318,195.6755249183696
PROP-023195,260.28503376014106
PROP-004170,167.40347376984562
PROP-077271,315.52206509240756
PROP-067883,117.85492529902159
PROP-030185,68.49414054651463
PROP-028894,5.366940508385795
PROP-036700,64.95388684920714
PROP-030132,406.87517031594405
PROP-075214,115.44259916795693
PROP-085080,-38.93864094572206
PROP-048062,14.222407434503996
PROP-089247,281.11118259234337
PROP-027321,166.75335498359067
PROP-054440,135.48925268034125
PROP-035050,3.234156893593548
PROP-014226,209.09672436049706
PROP-027180,264.0192527718276
PROP-088957,28.363975234818128
PROP-040202,122.28840078188115
PROP-080508,42.574293525671486
PROP-098833,231.15630766785927
PROP-037220,78.16463772199947
PROP-016265,268.3644817592151
PROP-017453,378.82704789584864
PROP-016042,76.85151864398296
PROP-014635,188.00205045138426
PROP-078384,42.78344625959915
PROP-076345,15.054304709088886
PROP-046933,44.005300027377295
PROP-090091,125.6675640122086
PROP-019223,57.699043508331826
PROP-004207,126.3014761582676
PROP-028139,67.84142557489736
PROP-067453,236.96562694908863
PROP-091917,165.83929678479763
PROP-058384,27.57257583536878
PROP-043155,108.91476898155614
PROP-048082,-2.057244105790411
PROP-096402,117.9563401651775
PROP-081275,50.16428909906413
PROP-080528,291.37619574199175
PROP-064036,7.861236496605611
PROP-029361,258.78186226639156
PROP-066233,343.8364206832561
PROP-062738,-10.243225279509758
PROP-068787,41.11147087658818
PROP-007243,99.2066712986301
PROP-009229,78.7194288019046
PROP-044264,310.9354466808331
PROP-031761,294.41858876811676
PROP-036977,57.47138094810452
PROP-036221,123.39423072490106
PROP-086431,280.68017814203284
PROP-047607,181.56578757160415
PROP-025420,18.32352000810996
PROP-062561,122.63895833665833
PROP-036359,166.76290749013117
PROP-047407,117.62161224608931
PROP-030640,302.8261995092456
PROP-065086,217.027755038744
PROP-086575,-17.59457435570181
PROP-079838,58.86042178581423
PROP-075149,115.22283187662141
PROP-039878,73.92179430851844
PROP-062352,43.21899260535973
PROP-009256,7.895408012909066
PROP-030081,94.60925607415781
PROP-098136,52.72523966081217
PROP-002434,68.7220337019316
PROP-054729,103.9388046452847
PROP-039132,109.67341678910574
PROP-070530,73.34399649729495
PROP-054616,525.7887098632325
PROP-069456,143.42844877699184
PROP-042264,41.06421591750949
PROP-008517,15.682276739215645
PROP-047635,95.23424940182295
PROP-076403,43.565022069896706
PROP-031582,213.6010929116631
PROP-088974,73.9086248792342
PROP-005125,247.92327757788578
PROP-098225,32.30625950599246
PROP-073707,86.56534731530255
PROP-053793,270.0717512201321
PROP-093622,84.26699835643485
PROP-018565,13.034325156623648
PROP-054719,94.31795024314007
PROP-073687,91.87291767638496
PROP-030213,11.582457185406753
PROP-010047,251.332418404638
PROP-095425,342.3996151979087
PROP-018349,182.08124488844172
PROP-076722,92.9432595689266
PROP-043289,69.42916722408938
PROP-010978,29.20195416587983
PROP-036432,303.1394883193882
PROP-041922,460.4564299250814
PROP-003964,106.18398205416466
PROP-052342,156.45039805516996
PROP-018620,33.498186905935306
PROP-025533,-6.89930222846038
PROP-029443,159.98545176780158
PROP-033937,119.7850804995587
PROP-062864,66.99314645956153
PROP-016940,43.10317900883435
PROP-053557,232.96473100170317
PROP-047634,196.4878403349171
PROP-017860,54.457357294973484
PROP-088113,495.0388330940524
PROP-020794,201.95899997782266
PROP-003497,59.032700746282934
PROP-054301,324.3599653150503
PROP-007151,262.1752792961695
PROP-048493,55.4844018862282
PROP-058483,-29.336846484811492
PROP-035166,135.68334083347395
PROP-070753,167.87553196656833
PROP-007832,30.146432324445414
PROP-013956,169.26227197093257
PROP-089722,506.11544988010854
PROP-013275,63.220816408663325
PROP-012843,51.29238420408147
PROP-037162,168.49976536409181
PROP-052623,86.5137355644078
PROP-018006,44.27910761890132
PROP-020091,267.516809498276
PROP-085125,41.04501885489334
PROP-018218,-49.521847041191805
PROP-050036,-28.112861256772604
PROP-034084,101.74960748091993
PROP-030453,22.55364724726453
PROP-077837,97.6490972345612
PROP-039734,172.5634533743834
PROP-036694,74.37377926480333
PROP-005220,-0.6101831374697966
PROP-049375,66.16478047102585
PROP-009243,207.14900356688273
PROP-017148,29.57837839869492
PROP-062637,364.65553316914117
PROP-098594,85.38127480152309
PROP-000487,52.918266989561864
PROP-037852,-7.207889049041185
PROP-085482,97.73241018824824
PROP-021251,38.336030281098346
PROP-057781,41.792175004994384
PROP-058708,-58.68054140864611
PROP-038808,284.4917679745253
PROP-030819,44.546013037146395
PROP-082790,226.98418371128568
PROP-044538,34.493774753893284
PROP-021790,59.20841568454922
PROP-091208,217.80393137071235
PROP-063784,288.8396541898784
PROP-095608,117.01679871999252
PROP-025841,-3.6661741040192775
PROP-077638,53.121856798766785
PROP-010836,328.7761668358763
PROP-064213,117.36471632508407
PROP-090567,81.27161837281706
PROP-040443,292.5659984851407
PROP-094245,84.14688390768416
PROP-063375,-7.65755713236466
PROP-000694,135.13249033216962
PROP-021096,35.59916585811773
PROP-014348,188.7346879916563
PROP-059250,218.79209314122713
PROP-042675,67.35047725908788
PROP-075484,107.59031426036194
PROP-057983,45.27156747336259
PROP-094068,36.30622181878285
PROP-010587,187.04416485649995
PROP-015882,-11.213598223852687
PROP-044095,252.23724276673994
PROP-097071,113.36642240554164
PROP-026652,93.69312080307303
PROP-023327,273.78501550603175
PROP-031320,121.99854083955884
PROP-069538,281.93631365833625
PROP-057786,45.14852076681884
PROP-086638,166.34346517688593
PROP-066573,91.93911901282425
PROP-034390,441.10425493228746
PROP-068721,232.7470173683871
PROP-093096,79.00062155703893
PROP-088692,315.6049119113021
PROP-029093,47.53004758185887
PROP-000056,189.6430734272959
PROP-097254,321.3744265438622
PROP-056645,5.4245311814281365
PROP-087845,26.28087400608497
PROP-078125,257.9719651627115
PROP-013326,76.7784445589541
PROP-059489,75.28709373184093
PROP-065987,89.27327660308686
PROP-001046,37.9735008304238
PROP-070472,222.05363740049614
PROP-034842,157.94448825830025
PROP-044881,170.9271884707564
PROP-007150,152.03259134546042
PROP-093475,-24.693902640999564
PROP-031195,89.38012347789575
PROP-020273,303.26138303269755
PROP-064405,273.5103676696607
PROP-054389,60.30064352690255
PROP-059344,149.16254483072663
PROP-000343,253.74356750048747
PROP-013279,116.78810990139918
PROP-084205,-2.53003214700189
PROP-001064,62.81310786922313
PROP-047908,372.8920677632541
PROP-006330,-32.54369245457171
PROP-083736,95.69919842366379
PROP-055466,131.27470358419745
PROP-097576,47.36384987908459
PROP-047685,126.02142952236913
PROP-043025,15.983344751028767
PROP-096188,188.93098927987373
PROP-041028,103.49149025626653
PROP-086188,28.91906030201102
PROP-064313,-8.360735714026266
PROP-056633,285.7388916905319
PROP-000177,-4.293122957827507
PROP-044808,259.8181226142159
PROP-070796,5.75437242484003
PROP-096035,293.39556020878575
PROP-016174,-3.59564639852535
PROP-047224,62.102159597284135
PROP-072347,108.87272438063346
PROP-090890,136.54518861417898
PROP-040932,91.66956096943568
PROP-073973,62.13092342884909
PROP-024491,75.49262434991135
PROP-063878,-72.66799599447575
PROP-033690,215.63213889800375
PROP-082697,193.48471996311147
PROP-041427,23.417523278638395
PROP-022056,244.04897644890818
PROP-028621,163.05214288321935
PROP-031731,219.2065321885318
PROP-043172,16.106103875951295
PROP-049989,127.97824446291563
PROP-012884,141.68898526583325
PROP-032366,127.98969385301575
PROP-044138,145.6995292115291
PROP-021390,462.874999827863
PROP-054234,88.93571754875927
PROP-071846,245.40756744293773
PROP-028191,402.3348822793129
PROP-030947,33.209683780068715
PROP-069008,-2.5047564941523373
PROP-080801,470.8723414994077
PROP-052112,125.19282884088122
PROP-000349,59.179830490828195
PROP-046642,98.41702923780619
PROP-020676,71.43974300835967
PROP-094758,468.9304598621699
PROP-034162,24.6068635973713
PROP-091978,231.14809924089167
PROP-063622,201.4819689193886
PROP-027808,231.63703315035858
PROP-091562,176.00889932609337
PROP-084543,3.7197030982580834
PROP-087297,140.92506189810467
PROP-036240,90.27474012660149
PROP-059282,46.04989345823951
PROP-092558,271.2764028069105
PROP-088245,245.72881969925277
PROP-058166,26.08437634221948
PROP-065672,121.20710066024296
PROP-050029,13.450308696292963
PROP-051587,86.76847124815195
PROP-061008,390.1061675541357
PROP-071419,179.89965926616586
PROP-041979,172.97300393170661
PROP-070866,41.29332818546888
PROP-008239,185.29916521230294
PROP-071161,119.23050206865697
PROP-087205,21.139145495852983
PROP-043115,-9.561244631837418
PROP-087801,-2.6490151534790414
PROP-000203,367.9664104549775
PROP-092880,71.70057574755842
PROP-094208,119.56741626803037
PROP-071349,93.13594253347166
PROP-020194,331.7657209734053
PROP-063459,180.4380925981636
PROP-048828,53.82874980712631
PROP-063152,49.604664044864194
PROP-011342,323.05352747968345
PROP-057232,-64.89831135462326
PROP-069088,120.88919205825967
PROP-014754,143.5676780383158
PROP-094253,289.24579048734745
PROP-058060,303.4447305837276
PROP-036598,56.72550400318855
PROP-068297,55.71788927786493
PROP-072267,45.22116906290612
PROP-008402,47.75734749936614
PROP-062291,200.81773574640874
PROP-069297,358.510701031964
PROP-014027,-30.505303805356533
PROP-017978,229.38451784701945
PROP-030256,283.60878000796924
PROP-016967,46.8178906328164
PROP-075285,61.155810263604664
PROP-058716,254.8824157283413
PROP-031329,267.84630054367483
PROP-082024,513.3295588227321
PROP-079633,381.66224150964945
PROP-037391,70.85782692009586
PROP-006332,74.57897959903009
PROP-025526,171.82040580032736
PROP-006627,376.36502690320026
PROP-075904,37.088528005527024
PROP-047768,88.25133282676661
PROP-071981,107.13476182971995
PROP-097225,19.823203843370553
PROP-026266,273.09218392278257
PROP-068776,275.03478838239823
PROP-032448,61.169406444424624
PROP-029243,294.75870083486507
PROP-012392,54.562027613501286
PROP-002735,227.82316097550017
PROP-034335,397.4560710438021
PROP-006204,100.0582811186557
PROP-020312,43.30132393523185
PROP-060711,38.93502273325005
PROP-031307,38.86752531795909
PROP-065300,11.778629187086612
PROP-029410,257.02124599804745
PROP-089160,-28.003571190908325
PROP-085667,13.644561044037076
PROP-092976,117.11857946149799
PROP-012276,2.9104879954740692
PROP-007122,51.183313567099816
PROP-019672,192.97584105044558
PROP-071026,16.025411159365962
PROP-000719,138.97380873880795
PROP-056211,242.30239561815324
PROP-099477,75.70024455666518
PROP-074179,260.6548775422555
PROP-008156,69.20753350170499
PROP-080125,141.5905853844165
PROP-092755,389.38293046567406
PROP-004959,145.75649066986057
PROP-039111,98.39406402787534
PROP-067006,6.327848466043881
PROP-059418,115.6392006495947
PROP-012753,248.3902818095239
PROP-094527,325.99650529901083
PROP-032012,110.57455989514233
PROP-007956,312.59136284525607
PROP-065850,241.50700776474807
PROP-032793,51.56765642670956
PROP-084817,120.859235666444
PROP-006792,23.094482176035736
PROP-026504,52.838477226133605
PROP-006968,89.64407943720519
PROP-029598,43.15097217713066
PROP-077941,-41.671837326767736
PROP-041325,22.6962483413272
PROP-096359,0.4152625600412776
PROP-015256,40.94773163762336
PROP-054877,12.060990462030126
PROP-026885,30.637454909961463
PROP-083158,47.94233313269611
PROP-032912,150.7522078473794
PROP-045106,7.399843729684179
PROP-019653,150.08169410784177
PROP-022970,6.7547542927932955
PROP-005821,165.4038236500401
PROP-044996,130.12882719102225
PROP-058397,-9.29040486594445
PROP-060829,508.5086151416019
PROP-010293,47.892226770224035
PROP-087154,70.01368062419843
PROP-072984,160.4872826915327
PROP-042996,229.41726273044137
PROP-033957,504.99796632143523
PROP-001783,-74.4772452471961
PROP-018391,321.0639520892824
PROP-031362,146.46582422462785
PROP-004563,49.927136015971236
PROP-082332,118.73180438244405
PROP-079059,220.3176369508409
PROP-020470,324.6335743339718
PROP-090953,96.06606063411132
PROP-022698,129.89481939791577
PROP-056407,96.00543924310828
PROP-028025,359.16048625952396
PROP-069856,44.01532273076856
PROP-007477,89.97121553753172
PROP-054690,425.1042780047122
PROP-053572,123.96485421461203
PROP-006985,207.368047297358
PROP-013211,354.4940338727157
PROP-009632,152.7427747681919
PROP-020767,143.38563579716578
PROP-073819,144.1294839611839
PROP-085869,78.37766096536741
PROP-070028,-67.21613265574517
PROP-008902,183.45529976589938
PROP-092915,48.048572240161214
PROP-083687,114.32761206547704
PROP-001910,254.44236754127587
PROP-082498,410.6540950447864
PROP-064779,122.08672885139534
PROP-080391,42.58717261121418
PROP-059284,185.30166839163778
PROP-087391,48.38713944219302
PROP-078275,218.1823801824151
PROP-001000,157.4028182527545
PROP-002987,271.8525077781146
PROP-000228,337.5282898915899
PROP-011561,32.562315825543706
PROP-060626,225.17775967559734
PROP-067779,38.287002056922816
PROP-020948,91.30905112950546
PROP-094289,66.5494560414269
PROP-023471,285.09839647348736
PROP-095036,54.09920514964981
PROP-046937,26.318674588092506
PROP-023790,35.91276293625205
PROP-005834,380.2453275515818
PROP-091281,94.65615140370964
PROP-067954,240.6326899798771
PROP-029575,-21.774141017523135
PROP-047620,217.94508359579248
PROP-081966,6.331226309083494
PROP-093661,294.3460337628473
PROP-032180,289.20385671799124
PROP-018959,178.04421561052078
PROP-000216,328.8430646324707
PROP-013200,59.89830641400161
PROP-096106,59.769882033564656
PROP-083179,106.13732889626431
PROP-038461,76.88770139549207
PROP-080734,48.888031828297805
PROP-088613,150.37068051287713
PROP-047748,82.82116369187594
PROP-065379,23.6589099811288
PROP-003651,99.12413738046138
PROP-033971,123.03340494222354
PROP-034884,-46.25250022519533
PROP-007215,261.8775251724027
PROP-057900,294.9359585643216
PROP-090991,121.98757397723587
PROP-006658,151.34878005171277
PROP-052628,42.735993992814606
PROP-047710,378.8080525410866
PROP-001872,106.84701069832472
PROP-031148,189.41128443678767
PROP-014085,163.85218705988694
PROP-008319,202.32763591101275
PROP-018153,141.39276352067685
PROP-086620,248.25678280942338
PROP-043751,327.2059499577241
PROP-097811,389.9104822833385
PROP-040301,83.44777694589132
PROP-033322,373.04471559931767
PROP-094421,75.53215460352102
PROP-006415,140.03381997283896
PROP-049100,31.311543226530873
PROP-057344,47.20769372844535
PROP-039736,68.60553272653608
PROP-079235,30.497708428071068
PROP-069928,161.6621242424257
PROP-010290,102.48592276258753
PROP-045929,158.37759851758685
PROP-070952,16.195974787910764
PROP-069826,104.53893477592791
PROP-096407,39.71248766296407
PROP-047903,78.36721731285498
PROP-092941,254.0087473864944
PROP-019520,-24.136112243672105
PROP-021573,38.20240956960979
PROP-090922,245.1407775575075
PROP-078381,58.59994737835315
PROP-005352,263.21590125884654
PROP-070838,158.82937835016634
PROP-030144,309.32181929276896
PROP-094886,332.13902455077766
PROP-011379,60.8284664135286
PROP-029940,92.4532098582389
PROP-033058,266.5607701826042
PROP-091013,66.18554562470513
PROP-064780,312.75059070433645
PROP-074340,152.70688754816243
PROP-073625,134.08008955507802
PROP-035903,285.1944996000132
PROP-038644,50.767935400314464
PROP-001055,77.35935829467437
PROP-018515,220.87718760142718
PROP-050105,202.27084785021196
PROP-001770,248.39252697788012
PROP-064982,55.68375554139519
PROP-007259,135.25899164958082
PROP-061880,200.87924806110487
PROP-046726,119.88053869356241
PROP-009898,164.08143730932318
PROP-099855,214.544526558227
PROP-004769,112.05311140458798
PROP-088237,15.099452675516277
PROP-022776,276.6841116082711
PROP-016022,43.28030467638661
PROP-066730,109.82066991703037
PROP-014473,183.18601959292022
PROP-007978,115.36791774022885
PROP-044969,108.1222267412939
PROP-018825,135.69690902237176
PROP-057994,182.47750779050645
PROP-070808,132.72934040883877
PROP-084690,217.2364025257197
PROP-040914,246.8287292364253
PROP-063033,69.71114309611517
PROP-024632,6.152073094709997
PROP-003536,51.991374582040876
PROP-015785,82.4170379959706
PROP-052887,224.87103160630656
PROP-091107,489.7831487203807
PROP-094604,140.65765821919058
PROP-023328,338.4504164362173
PROP-054912,105.60774879025362
PROP-076884,113.06069956346987
PROP-016369,212.87752933171333
PROP-010045,41.45372562388045
PROP-020726,429.7679810491177
PROP-046229,51.49977557541131
PROP-070608,164.27582835991058
PROP-075251,48.42165076550373
PROP-037742,30.064752729105685
PROP-070456,244.6031875627234
PROP-092564,66.4519696924464
PROP-019176,238.4291823949152
PROP-061508,50.676249415631446
PROP-010662,145.8773137092634
PROP-056857,423.951352662733
PROP-065828,504.0696098047297
PROP-040599,140.88265999847215
PROP-001532,74.20562070334198
PROP-026887,528.2122499464905
PROP-016549,82.42419112233098
PROP-004271,99.33799314445733
PROP-065614,78.71330108720734
PROP-052189,287.120224042907
PROP-000274,-67.68585535149373
PROP-072844,189.19880150561215
PROP-072040,345.87166846776233
PROP-068743,189.15306652573804
PROP-032728,130.58830376539666
PROP-070755,52.217620806766746
PROP-017500,182.54800637005533
PROP-076077,317.65675552664743
PROP-069110,65.35865571543059
PROP-027374,92.7564318850203
PROP-044346,425.8508128308479
PROP-010036,323.86570003132584
PROP-064704,144.5804600264125
PROP-045651,92.65820975694128
PROP-038056,121.26592412486713
PROP-004093,231.61485134717327
PROP-084496,203.99899508290864
PROP-049597,102.85354535957656
PROP-007942,49.9982268553572
PROP-034727,91.20462539653988
PROP-035682,19.876507036678312
PROP-097269,10.380706157799436
PROP-067493,59.734204884694634
PROP-045876,45.773256988183256
PROP-011926,139.9852852479472
PROP-071609,-51.91609227174796
PROP-037288,74.47511046655445
PROP-008666,518.0118979291008
PROP-020863,155.4159700568944
PROP-089438,100.7510069825358
PROP-054085,57.43544691029335
PROP-060947,65.74150686536048
PROP-038230,33.86359557044417
PROP-054787,-36.350128698014075
PROP-097828,194.58594808912414
PROP-067109,248.8060241153784
PROP-060785,79.29833250077073
PROP-096710,68.91187027594356
PROP-030871,76.72446079983885
PROP-019954,237.1592771567914
PROP-084478,17.572589177134297
PROP-088881,416.9769584183602
PROP-069099,179.05898691440316
PROP-037627,64.39052056404103
PROP-027868,269.2299011431454
PROP-014076,24.413419343386998
PROP-033025,315.77962847295225
PROP-019083,317.43845979361015
PROP-085001,222.9037543329339
PROP-012691,210.25447541552234
PROP-007166,253.12634347021304
PROP-084085,198.03667167203642
PROP-000200,277.7036799097355
PROP-038521,-18.319263992502947
PROP-043641,317.99221230156377
PROP-005788,-33.77760296184968
PROP-045435,254.41358049457358
PROP-078744,178.57487926730386
PROP-036683,289.2466871793802
PROP-026356,1.3544634576407342
PROP-040361,283.9485374201135
PROP-051692,250.18720379926836
PROP-056861,83.26230569595216
PROP-049498,153.22557753841141
PROP-060223,179.34124052753808
PROP-073697,27.678032659242746
PROP-018944,94.49002237422582
PROP-018955,48.69461171717569
PROP-024779,191.11333157119745
PROP-008634,141.31743245952504
PROP-004303,246.48076513480922
PROP-055044,71.105573564759
PROP-052962,53.71490251434847
PROP-025424,101.26235767297956
PROP-083514,21.32653758207617
PROP-093064,400.08334413822126
PROP-069738,247.45651598867116
PROP-000292,214.9178054198062
PROP-067533,354.78382080771394
PROP-027283,55.00627236776874
PROP-052526,58.019602451391094
PROP-087196,17.45798454234989
PROP-013907,132.6893293344388
PROP-021797,69.2306747289041
PROP-081410,268.4816949246814
PROP-092396,527.6051368977618
PROP-062592,27.15261116937731
PROP-014660,57.82912897596134
PROP-097315,289.6800705855792
PROP-080819,-17.80449701304505
PROP-092873,293.4034807243264
PROP-019101,41.467133800006486
PROP-052886,323.42472637647387
PROP-086998,37.44537686802936
PROP-059292,44.66354003418927
PROP-014748,8.271286520267672
PROP-092743,152.1392010249951
PROP-026754,315.16351953019426
PROP-021529,-80.23913598478153
PROP-038911,119.4619071952273
PROP-045827,145.65521468372967
PROP-076710,69.0147820337964
PROP-076224,56.629065309863535
PROP-031961,123.20517236551979
PROP-051745,203.53654091173573
PROP-091985,98.24674053147251
PROP-024064,85.80997310588442
PROP-098588,236.7790086239785
PROP-046599,59.480310405723
PROP-063362,265.00114697998436
PROP-092295,424.7832722262473
PROP-060356,215.04424685397618
PROP-019902,60.18731927742019
PROP-010172,243.2857357352988
PROP-018131,186.4545633937415
PROP-033958,81.6046548657333
PROP-086605,348.090266262774
PROP-034806,186.87388928136357
PROP-001601,133.77169119085704
PROP-026564,46.38204130373569
PROP-071417,-28.938566843399183
PROP-013220,-16.518199512540686
PROP-014360,112.11438032001891
PROP-067397,49.860112433260426
PROP-053561,20.811158633793887
PROP-081777,196.17404135889527
PROP-003118,115.28672319442892
PROP-033512,221.08635667761123
PROP-081249,18.30776672788992
PROP-026752,88.54748648795518
PROP-027227,88.11505646451864
PROP-073153,64.02383009970043
PROP-056882,72.57100829969507
PROP-083830,243.79455591424082
PROP-057190,36.40042971986064
PROP-073872,140.26106738650788
PROP-071132,-7.758529208793121
PROP-070161,329.1022113626709
PROP-059315,132.63576997847278
PROP-042182,71.67393557621091
PROP-067738,339.38440539881196
PROP-045102,52.99909767628505
PROP-045018,174.576871106606
PROP-079347,75.76435858703223
PROP-081194,41.074192499005534
PROP-064091,236.21108045883798
PROP-094616,-4.015939447868021
PROP-032752,109.79563770620086
PROP-053096,29.998614424414036
PROP-012227,78.63870343165205
PROP-072203,188.18782681873103
PROP-029549,76.55523737580704
PROP-011653,130.50092079429626
PROP-040276,200.60983580394597
PROP-054499,-4.916417193610084
PROP-043977,101.07414480329523
PROP-085107,36.034655855677066
PROP-044245,222.90357233924556
PROP-000048,134.4941614998785
PROP-095273,66.90219101051296
PROP-057924,83.75387208587006
PROP-023619,73.08746149956328
PROP-084863,139.5356812833345
PROP-039435,32.36445441355209
PROP-011855,273.1269223725367
PROP-025182,79.3380104093543
PROP-069869,335.79387653797556
PROP-036957,7.680949327927926
PROP-093880,91.42253357852242
PROP-067794,231.03963612699215
PROP-099222,-23.02359178853514
PROP-020885,57.823350403660086
PROP-092389,237.01752521503877
PROP-034449,246.70484570742784
PROP-068224,-0.5727204780480193
PROP-017707,229.47347697727272
PROP-030073,70.63812967331856
PROP-046581,231.7743391714033
PROP-045537,17.84742014840543
PROP-019339,279.37445698987835
PROP-026585,129.48655857931192
PROP-000792,355.63517573596005
PROP-072841,33.85030375397022
PROP-033177,72.82712713313254
PROP-097657,418.06625408289796
PROP-021560,46.49872537435511
PROP-035036,-6.817755314670097
PROP-027778,287.9852110191197
PROP-009459,258.98539531404924
PROP-094890,233.30190737170318
PROP-080699,116.97685100230535
PROP-040222,43.474597013798935
PROP-017267,-11.488626716787202
PROP-005776,21.40262439930275
PROP-065500,105.49365832085772
PROP-056087,274.9562827699756
PROP-063941,177.66821181798827
PROP-020887,104.50288274918321
PROP-014762,27.076450802561137
PROP-088179,29.782834024128103
PROP-054406,74.83285916448216
PROP-084424,36.023166206393405
PROP-031619,263.3555571120674
PROP-058267,12.685453829616716
PROP-080587,165.55021020977003
PROP-086747,65.29205074341992
PROP-075801,-4.43827107224449
PROP-019760,70.24160587276685
PROP-017861,287.88343661924665
PROP-079358,181.6266755451834
PROP-054844,292.2235739531555
PROP-092739,65.62558964209678
PROP-002500,127.4251470230827
PROP-095174,145.52320818650827
PROP-061649,172.33659130971986
PROP-006376,-24.716765444144578
PROP-034095,65.69648419324932
PROP-027891,43.453997603554825
PROP-035269,106.86849397619187
PROP-017285,216.8565216648751
PROP-056195,255.45575210560938
PROP-087529,-16.56304254030654
PROP-019451,234.52660337109498
PROP-057054,252.6801709556264
PROP-094200,245.09029818011788
PROP-025147,53.82639165450318
PROP-047408,16.93250958790871
PROP-063394,-33.96580986711243
PROP-050711,10.00012461977494
PROP-039674,254.16451312168277
PROP-074482,218.03123457138207
PROP-050075,230.59100445815636
PROP-079571,51.6587151171321
PROP-056328,72.74938463291335
PROP-092175,271.64599875339684
PROP-046540,154.29714243984643
PROP-017208,84.67850357477461
PROP-033523,122.76516045588633
PROP-095561,109.24869403161415
PROP-071104,308.53675216514796
PROP-002396,63.974951436093434
PROP-099197,338.104266239737
PROP-076349,44.63950133951259
PROP-030671,218.51145647944378
PROP-012209,270.3051209548344
PROP-067169,325.01777536628686
PROP-010455,261.4836422697274
PROP-061177,33.65624234320266
PROP-058805,125.18592362558738
PROP-021122,379.70153513002356
PROP-038944,29.545617042277108
PROP-089053,175.548742487607
PROP-013647,259.00082532317623
PROP-060618,448.0371346959031
PROP-070457,-16.476686624038088
PROP-006245,162.28877529911844
PROP-088057,348.52525423542386
PROP-035604,350.7581799030079
PROP-024969,123.61905346658013
PROP-041749,195.24827227986438
PROP-044093,178.4881532008908
PROP-097310,298.1488949898069
PROP-031429,281.8105558816851
PROP-015584,139.47092689707563
PROP-067199,26.116592657770706
PROP-069442,92.9338820336451
PROP-015186,-0.10174500067351744
PROP-075405,-84.73683603278147
PROP-050660,62.463133980148164
PROP-049142,20.68205907540615
PROP-025824,255.20238226770053
PROP-085034,43.51108321336572
PROP-080845,29.979448530149696
PROP-096603,460.6288739277786
PROP-096340,212.48024557314068
PROP-060484,403.1693217153419
PROP-009047,129.70718566560782
PROP-010221,259.285586487081
PROP-069179,19.26409199467789
PROP-072164,22.953872057033237
PROP-085241,106.51537491914577
PROP-098977,276.49614144596836
PROP-062773,513.0322680808159
PROP-079792,438.5152990135123
PROP-027915,188.0355339116955
PROP-061832,232.36459625041925
PROP-033269,364.1056494018459
PROP-097495,461.2497244030523
PROP-065652,100.48677452951829
PROP-039343,230.01488180373653
PROP-056549,140.91219812262312
PROP-069513,276.0803339559077
PROP-071617,83.42264883040176
PROP-039762,292.12262404244564
PROP-080539,52.98416545696695
PROP-010448,92.02027584374923
PROP-086544,501.963741970263
PROP-089551,23.324530914946127
PROP-095685,133.00865959779327
PROP-042699,25.82261977039108
PROP-088824,39.2075483315341
PROP-094073,104.70685062768658
PROP-051112,102.07873465522707
PROP-051069,502.5645478046437
PROP-083230,164.7819741722426
PROP-036175,95.26335791273186
PROP-057549,493.6259890586016
PROP-042057,63.329592691392165
PROP-054415,166.8581272903586
PROP-007838,232.23555189467766
PROP-093279,33.12901394664196
PROP-002675,103.9015420487454
PROP-044632,417.50374364269203
PROP-029830,44.224485168489196
PROP-000162,163.5447797115215
PROP-008870,70.39272811570225
PROP-022942,115.54680749471989
PROP-016382,39.58096824544881
PROP-049875,304.8130962761136
PROP-001868,-48.18062746506108
PROP-052088,89.5340828983582
PROP-078956,-17.468233131003952
PROP-056254,277.9802638616221
PROP-060729,82.32833944668121
PROP-057439,42.06439995223866
PROP-087752,74.41069263945948
PROP-057997,112.21923909788912
PROP-016403,374.85350947287094
PROP-002490,23.014874822912375
PROP-041284,176.42587874342126
PROP-065038,112.12108949937077
PROP-038565,69.29116209616497
PROP-046447,14.131193464875999
PROP-066909,101.94562287736318
PROP-071067,-29.02007710815908
PROP-071300,117.4669964830271
PROP-080093,75.60349030554354
PROP-001219,297.26617070138644
PROP-026967,144.278352110494
PROP-074039,24.500364080782916
PROP-043556,267.5537337574623
PROP-097947,123.70890929925405
PROP-049697,61.42970534559905
PROP-046643,78.74764056508417
PROP-031539,75.1855720954051
PROP-064754,217.70912450014941
PROP-055446,47.06568897060838
PROP-098203,-22.813035292052817
PROP-021687,171.71085236073782
PROP-071740,91.33080412105664
PROP-046281,83.22138785185592
PROP-066210,415.5069036146045
PROP-000711,195.09400406464
PROP-060540,7.466933932334058
PROP-099818,179.51748230691706
PROP-049740,102.47639122794766
PROP-023903,-4.5274510801423276
PROP-001235,43.91038640142567
PROP-009718,-14.986334158639437
PROP-055066,325.64511327065236
PROP-054558,223.1304166160929
PROP-004076,-39.41072127821201
PROP-099786,264.86734736379543
PROP-055812,235.76678793440306
PROP-070070,288.8281005088147
PROP-027718,131.96044671103212
PROP-014461,96.39608715374185
PROP-070546,13.526039345770116
PROP-076228,82.19380428713863
PROP-014137,24.030303230457605
PROP-034131,163.4014013969908
PROP-066654,101.86040379602619
PROP-045313,222.70667671917712
PROP-038564,45.43647901081383
PROP-004214,176.85316977750506
PROP-060274,70.05403259913695
PROP-055271,139.34824221380586
PROP-039603,315.51937646388063
PROP-052104,108.11516180410976
PROP-019539,325.5653900589677
PROP-039241,60.38015773711568
PROP-028911,71.03849563484204
PROP-018149,320.18418399241835
PROP-093899,233.47663085848063
PROP-036190,208.34183964335364
PROP-066550,508.4487669480263
PROP-060003,187.80384227626297
PROP-077541,182.85546024773063
PROP-064703,299.18316492972104
PROP-090581,-33.08019116888758
PROP-005039,-5.54434498874388
PROP-068889,15.209604947406525
PROP-014295,1.5742570368718631
PROP-023297,-63.8934862822077
PROP-078792,428.159708118492
PROP-039908,229.90049629751178
PROP-013549,48.59651443318047
PROP-060737,11.584124404273105
PROP-001637,205.3376979834964
PROP-086074,6.991157170648945
PROP-056477,99.23019646583161
PROP-041744,4.78100745638282
PROP-068363,347.276209897542
PROP-042231,272.922574671412
PROP-088703,305.81249558335577
PROP-009488,366.8938408677969
PROP-068802,84.78498293019551
PROP-000139,92.18871054907385
PROP-079271,-2.2228149666031873
PROP-047134,155.79082216621325
PROP-040030,74.23015852881431
PROP-098632,3.8453623264675416
PROP-028892,272.677105105254
PROP-096339,356.9969150590019
PROP-001402,92.69605399113578
PROP-013589,-4.256872208417917
PROP-079939,90.62399467849275
PROP-069741,253.96797821130917
PROP-087774,90.32850367697016
PROP-099374,-11.112664280566587
PROP-030645,216.49857327474706
PROP-084152,87.36105593526926
PROP-083406,141.44777337137828
PROP-035812,92.41944297351729
PROP-019924,250.43320525043563
PROP-079351,36.60931597948494
PROP-061431,209.57806386669318
PROP-019853,128.07280149150415
PROP-097056,445.8247642472988
PROP-053224,43.18065973357054
PROP-063116,308.5527203715096
PROP-064326,73.84165043504485
PROP-085124,111.52864558719182
PROP-012155,26.700823438365973
PROP-032006,41.27122652150388
PROP-036546,96.79033051553974
PROP-063148,223.356156170519
PROP-030468,79.27637865041854
PROP-037854,484.5678819906242
PROP-041706,87.87806426404362
PROP-030249,96.46335999640146
PROP-023127,299.4127618747964
PROP-077363,84.92993226252847
PROP-078536,127.8720314263606
PROP-016345,224.89468235686388
PROP-073267,323.9303681533705
PROP-016572,123.85689338997469
PROP-038192,104.13900114964318
PROP-030931,118.09216202890983
PROP-077035,113.91865531262039
PROP-087122,86.70431587852052
PROP-012098,393.1999425613704
PROP-043984,114.54566580842528
PROP-023142,114.00961544330559
PROP-060547,23.413608033300786
PROP-055427,40.32478844288412
PROP-010312,93.3109073991288
PROP-069092,109.35790611318035
PROP-009363,122.10589701444616
PROP-029855,73.33942292490596
PROP-071591,60.484773538216444
PROP-016977,67.38069450517969
PROP-004636,50.204418596226105
PROP-061604,98.57112100065602
PROP-076778,139.29286995202057
PROP-019190,23.53324115285608
PROP-034025,9.584314247726347
PROP-086749,131.23929756358197
PROP-045271,298.1370894223752
PROP-053525,289.99224629623234
PROP-076007,199.4457656988054
PROP-082275,30.088543081426153
PROP-011579,223.4928259553874
PROP-086678,132.8331746785548
PROP-071704,132.9358333899606
PROP-050708,171.0839062998743
PROP-090646,197.40128934511935
PROP-060513,17.367900840973448
PROP-013134,170.7002439506204
PROP-005960,373.75080855735706
PROP-017479,56.953156678719765
PROP-008671,49.44658140343858
PROP-047296,402.55471676199284
PROP-034576,130.6013006063075
PROP-065837,170.64119916373585
PROP-072991,230.40293568553045
PROP-077319,447.31271072120967
PROP-059600,127.00339976717207
PROP-006060,64.56886234210658
PROP-056813,93.73830474105836
PROP-063038,0.5829808294131702
PROP-035102,277.8829134298976
PROP-046555,62.22560738446019
PROP-039201,-72.2815548410307
PROP-023482,86.44028723604242
PROP-075311,21.832432475329497
PROP-003151,180.49021753865583
PROP-028690,167.6440766994868
PROP-066113,57.891966982435605
PROP-081055,24.2907004313738
PROP-066204,232.2449333303151
PROP-098965,8.257723885675368
PROP-019660,-25.64097887219912
PROP-012075,212.81031756842822
PROP-070241,-12.483517425615826
PROP-033248,43.2202865360193
PROP-048649,415.62028868135053
PROP-025624,296.7396857434595
PROP-004220,76.01514971790928
PROP-050281,73.21307608152927
PROP-056978,63.673380222283285
PROP-056226,268.785602401601
PROP-033328,7.386366462997778
PROP-025918,94.71673885553805
PROP-056553,110.43653614574491
PROP-052085,121.08217482607667
PROP-062417,50.49649600477887
PROP-074600,114.0711275531289
PROP-021838,322.7192906879891
PROP-028610,73.1059045379111
PROP-052006,32.93754459485042
PROP-003390,-16.080685908215827
PROP-057952,13.915688771790304
PROP-043067,84.81552853035073
PROP-029128,38.559252385683294
PROP-084373,221.34517790562194
PROP-035381,73.808257914428
PROP-099054,56.55033028524361
PROP-005592,96.49709631138404
PROP-057585,331.79770858415543
PROP-041572,38.77679094193615
PROP-086615,158.07875473983546
PROP-083096,107.46860051515421
PROP-000732,210.333936340015
PROP-028724,54.83741452763962
PROP-023840,141.75020963660367
PROP-019997,160.88987317727106
PROP-036046,94.94444494190932
PROP-057514,205.33272517476087
PROP-044684,480.1762986963981
PROP-054196,122.63864085814015
PROP-054380,404.16530342273575
PROP-063201,75.94284049260828
PROP-025340,8.759055228028629
PROP-076175,85.02580628825459
PROP-050047,42.736495001028246
PROP-004171,205.00104904991326
PROP-036289,85.099040674626
PROP-007238,78.30178328138349
PROP-073885,144.86366247669568
PROP-069123,145.45934122970166
PROP-028195,111.56230183225898
PROP-029678,11.680274678602657
PROP-067721,212.3203623875649
PROP-054183,66.97651632382296
PROP-028482,96.6245250767796
PROP-068716,209.02288337549152
PROP-093574,89.37220819704334
PROP-059181,345.2066472329813
PROP-033335,361.0547207039009
PROP-082590,63.52332360193452
PROP-021911,-15.53457302318256
PROP-048374,144.930091009608
PROP-066707,86.07304527185386
PROP-085225,-48.788040058281176
PROP-051419,148.68827620833446
PROP-071257,66.48581672066328
PROP-088119,89.8427472327489
PROP-039124,129.48457537203052
PROP-075611,22.660542287358894
PROP-045646,101.57774692776934
PROP-056015,95.27226857951948
PROP-016984,133.85670986901346
PROP-007028,-25.21135429038496
PROP-093891,147.0561107592452
PROP-057147,127.37067632784367
PROP-078663,180.7446632064237
PROP-020688,69.68716320191967
PROP-062433,-2.935108732299611
PROP-075443,194.82781742688147
PROP-048023,209.78509200219673
PROP-084122,65.41317895925913
PROP-028510,32.077042473213254
PROP-003469,92.29183571510525
PROP-044383,330.7217118619285
PROP-043484,149.00713859896914
PROP-059273,97.41626997470476
PROP-011502,200.8744807458856
PROP-088876,42.03440556136028
PROP-062130,29.61279977846995
PROP-084484,-21.803703294860746
PROP-081290,255.43340062003563
PROP-014058,-22.822257694436086
PROP-059777,256.50827472839376
PROP-040791,185.02446401777732
PROP-013396,112.0445210079362
PROP-059798,472.4848002741516
PROP-039073,-53.28798803706847
PROP-097637,-48.10513522836397
PROP-076388,-7.146764113219658
PROP-040052,161.88115314924798
PROP-085586,234.07675244915418
PROP-069061,90.34538319083428
PROP-048202,9.63558735442643
PROP-064737,169.4571616067347
PROP-009656,362.39412398697294
PROP-080471,271.97260719718224
PROP-088522,181.20480261350798
PROP-058812,80.7146140986623
PROP-007676,91.47420796394816
PROP-011437,-12.35252669552004
PROP-065068,376.39142320432256
PROP-038984,33.093008059623045
PROP-061351,264.47540644826904
PROP-010855,14.632386898583782
PROP-080989,200.00182333088765
PROP-002997,9.646341654792906
PROP-003598,112.83264555303855
PROP-093869,284.92112931877546
PROP-085878,-18.704280129609664
PROP-079841,38.94834096401334
PROP-094969,328.3568819828751
PROP-070424,35.04910870160487
PROP-064791,296.21549437553955
PROP-094434,3.6595561886389287
PROP-070968,178.07616507715332
PROP-035551,348.08676696767475
PROP-058210,214.33110564594006
PROP-096951,325.86231755972216
PROP-013766,514.5031996401792
PROP-014613,202.55736684189657
PROP-052094,73.64179083110278
PROP-079791,17.20849408384911
PROP-033517,60.3231814431228
PROP-015220,288.58792520217764
PROP-023277,-16.37716099897338
PROP-060464,161.72935992563566
PROP-043158,372.62636646685735
PROP-066312,328.5586667203983
PROP-012839,66.39308761930297
PROP-024119,229.1348793439873
PROP-088116,42.27685393786144
PROP-004550,262.7841803121713
PROP-052824,187.27799250064405
PROP-010093,168.25497426528105
PROP-095703,200.55766282156975
PROP-041551,229.02216179198635
PROP-057736,92.5657616850396
PROP-066410,133.29650366914854
PROP-059952,119.00692667112257
PROP-031709,85.81721950754235
PROP-072092,46.28641768157381
PROP-015805,165.73830450218753
PROP-026134,122.68885781056025
PROP-092802,366.3775109373215
PROP-076651,18.54804951909688
PROP-028164,209.4483592393987
PROP-067239,66.46245896448525
PROP-041207,182.2463332942175
PROP-099991,64.59354829048868
PROP-034730,73.7601940955796
PROP-088451,32.371519896763886
PROP-082470,303.5271087458764
PROP-073545,352.8653332189528
PROP-063519,77.07256843280358
PROP-036233,265.8283875849562
PROP-076299,122.4215970325125
PROP-062942,135.2801630263297
PROP-040490,43.161273096667216
PROP-071102,212.12099024662274
PROP-035825,179.56646148712272
PROP-028708,73.69151895215052
PROP-089299,171.9480079883466
PROP-015611,114.57969653697234
PROP-089859,131.65209245664352
PROP-038678,75.26143324380836
PROP-018888,-20.931200185853903
PROP-006251,81.76480055611641
PROP-008267,80.89572221101588
PROP-095951,54.42123115591146
PROP-087963,373.5962821113794
PROP-086093,29.073952255051235
PROP-075802,143.1746517545965
PROP-006542,33.98052911266791
PROP-091355,144.1632407881293
PROP-077120,141.1704558034882
PROP-032540,268.4915362824737
PROP-013687,333.04402611577314
PROP-089909,273.92916626676214
PROP-094144,320.0822989108857
PROP-063958,212.77980262397293
PROP-005750,233.19772958498964
PROP-040475,62.81099942902637
PROP-066694,73.51778273692
PROP-092424,99.56077049864825
PROP-018989,173.29125114741595
PROP-018298,230.5407265220339
PROP-019120,24.475251692082278
PROP-095495,41.12245202822362
PROP-074128,62.124727580134405
PROP-016480,57.01428221965566
PROP-028341,44.854045077214636
PROP-061694,110.81786043910026
PROP-071159,172.13044573968727
PROP-099961,294.62690323277127
PROP-060741,258.14852173278064
PROP-001051,242.88707119621475
PROP-035880,127.80301329983314
PROP-085731,377.96492151377214
PROP-093166,77.56200740338424
PROP-042672,169.08519843081106
PROP-040119,172.3940695518823
PROP-000942,105.89608781922978
PROP-078085,148.66015103575353
PROP-023311,315.11502791562384
PROP-074638,232.47584511676308
PROP-028136,75.74500770151128
PROP-036738,58.91235244635709
PROP-044168,9.075282664429722
PROP-042480,372.85924087481504
PROP-044916,106.37830464122052
PROP-060783,191.19433925298068
PROP-002390,31.676050130400682
PROP-039180,144.17303195174964
PROP-051116,180.21193781957464
PROP-001584,-4.635846253940205
PROP-083320,189.9249255045798
PROP-055054,27.869715545822412
PROP-062572,-8.786107476635857
PROP-014132,125.60720870810195
PROP-074162,97.12993966243815
PROP-013348,261.01807932614173
PROP-016972,247.40955977046755
PROP-088226,152.68319102252735
PROP-062742,112.91973039469812
PROP-029626,180.5190436288661
PROP-053598,239.97276654539763
PROP-059437,271.03114067265284
PROP-025030,67.10490928562949
PROP-076238,-21.90595791526914
PROP-089677,220.85375931558764
PROP-081988,64.98611055451752
PROP-007242,429.42690055157993
PROP-037584,257.4221412643451
PROP-046427,165.00788140161228
PROP-002384,53.783131957102455
PROP-053567,105.3210703013867
PROP-074228,1.0555728267799296
PROP-099088,50.36644038224496
PROP-059921,542.8066007626953
PROP-033505,114.96143231214208
PROP-082751,265.31818209356953
PROP-082937,134.46279088719612
PROP-038813,8.095255752108336
PROP-046928,11.571710909254524
PROP-053058,261.6301963198822
PROP-065043,269.77402603081475
PROP-032034,71.81844492967818
PROP-080353,129.82319216564193
PROP-035318,354.666067051348
PROP-063139,362.6191691289389
PROP-056527,153.95687451449348
PROP-086456,16.37405901285925
PROP-082469,49.20316342065332
PROP-056441,84.68872752020395
PROP-012701,61.11730370422228
PROP-074651,324.74127339057287
PROP-008367,115.43871402253214
PROP-003907,291.194299699555
PROP-060541,136.0322740223833
PROP-000271,49.71899718347797
PROP-083525,296.627216303457
PROP-048131,73.68499647651603
PROP-078097,71.15809957632455
PROP-020723,-80.96941780187005
PROP-011496,183.42559317568202
PROP-029386,273.292283130069
PROP-075244,207.8728816475042
PROP-050413,326.8295201334491
PROP-097829,52.98951676654836
PROP-004970,211.7737021395922
PROP-049493,152.7528806654299
PROP-036736,119.17498211411024
PROP-096890,77.4117830792303
PROP-097832,209.6086414079572
PROP-084637,-26.050888742710335
PROP-040402,161.06084712460924
PROP-019073,123.43960999148196
PROP-049571,140.85355427379602
PROP-005682,289.5252141335766
PROP-044506,-17.99066066098804
PROP-018972,68.80292280772781
PROP-095401,280.7792146727031
PROP-056471,-2.528941420282778
PROP-077004,127.46573801509707
PROP-044189,277.985449680096
PROP-077433,93.19008128550726
PROP-087018,271.04310337389666
PROP-067668,179.904524539622
PROP-014124,521.7061637638368
PROP-077590,124.54993528580005
PROP-046028,423.8513239470997
PROP-050877,29.03805746931481
PROP-031098,285.7720356476433
PROP-001346,148.97368563901563
PROP-077966,375.6435749410715
PROP-051285,107.04007479285943
PROP-072363,58.724352597118525
PROP-076120,55.308996775835325
PROP-059552,280.1184602595435
PROP-006193,127.21394581883726
PROP-080130,246.2297126074177
PROP-029171,354.8357335894134
PROP-013133,207.4113520882029
PROP-005811,322.6320900847876
PROP-062758,29.20537206111122
PROP-027369,138.3373064387284
PROP-086221,456.3578801815405
PROP-078535,81.39989751735246
PROP-031737,125.14826408881675
PROP-042500,301.6147433476312
PROP-005965,95.61103071333238
PROP-060501,152.12924519642382
PROP-054851,263.0412410811796
PROP-097550,45.88165357944844
PROP-067581,-21.831781186430824
PROP-086080,153.30917695330578
PROP-066612,86.04193744770748
PROP-025053,229.30594224190375
PROP-017503,32.83174274564127
PROP-023430,116.70947999088256
PROP-018795,5.165969858002245
PROP-008925,237.87529800828696
PROP-036073,302.1121163975102
PROP-061463,101.60335750358274
PROP-094638,122.3041315631963
PROP-088927,193.3871771006059
PROP-002949,312.47174340302865
PROP-001207,-44.68861669309976
PROP-012203,232.03498434008253
PROP-085437,291.4439651825542
PROP-003922,52.594954856057754
PROP-089003,-39.35629330915259
PROP-007989,438.79149034877344
PROP-002059,-55.089857612505924
PROP-020219,42.66692925184667
PROP-084374,-80.59239630957788
PROP-084968,271.6034101171279
PROP-058295,44.431868492609986
PROP-047643,308.71805052941875
PROP-075356,374.0692661828246
PROP-091390,300.767210516061
PROP-046594,261.62272497720164
PROP-021388,212.50803418837307
PROP-012272,228.9858238960312
PROP-066907,37.97283176512581
PROP-057384,146.5795385183459
PROP-004828,213.96201427050266
PROP-049231,160.80683397500547
PROP-067933,80.65995594176303
PROP-065859,322.00147358076435
PROP-086260,59.7146103989469
PROP-009703,267.2164211158439
PROP-014809,247.86278481766158
PROP-087341,263.39260156152943
PROP-073570,261.84882459852133
PROP-059303,33.05004864031927
PROP-090069,279.28181309199607
PROP-098235,-3.1386910994230988
PROP-082733,490.65446992408346
PROP-096005,-26.831417985233934
PROP-006896,185.42630444872918
PROP-001120,339.1676539427188
PROP-042376,204.8612548669148
PROP-094848,35.500361554359856
PROP-071749,90.55966541211279
PROP-082513,122.44397395717344
PROP-076949,-43.145040341275504
PROP-073318,50.18240176801353
PROP-099249,90.07938088669425
PROP-020292,259.780821834755
PROP-070489,69.14321757621519
PROP-068298,366.06867907641794
PROP-034886,-17.795868371624938
PROP-024858,78.6980492766206
PROP-081021,49.49911463099944
PROP-026842,36.60186578903646
PROP-033749,-52.65354668780533
PROP-081403,217.46311349658976
PROP-024249,-37.231415942319444
PROP-095880,131.5889227117722
PROP-025003,27.94114828910584
PROP-000985,38.217571015550895
PROP-067457,413.14304424428497
PROP-010754,243.5970792710687
PROP-017905,86.14971790100633
PROP-062052,23.235953940912083
PROP-085490,75.7734253579483
PROP-006221,201.93973090533177
PROP-089880,288.8104809018811
PROP-044616,102.23019994363577
PROP-065395,-69.27954708175464
PROP-037558,323.6644009015015
PROP-092178,203.28413691365995
PROP-011492,56.81557594537723
PROP-035314,55.92211258896283
PROP-059792,125.4904945491083
PROP-070810,166.0734187072345
PROP-056608,133.2151730201481
PROP-006863,-5.199152283120949
PROP-035043,33.74048914040861
PROP-009168,201.6626316983539
PROP-027328,141.15536558905737
PROP-074050,74.72460481583039
PROP-059700,235.66950152942442
PROP-001362,17.070118096045896
PROP-025469,88.59555108126187
PROP-067602,36.10575221454257
PROP-048657,265.3576814506519
PROP-011852,16.671433777882072
PROP-039289,114.14884725656475
PROP-010202,123.36864505097861
PROP-001244,46.800120696805784
PROP-089555,1.7152981102558318
PROP-075990,194.91249483741734
PROP-013218,365.69205776584323
PROP-074619,265.61139838069835
PROP-020198,208.5643267485503
PROP-092846,6.2156635876447694
PROP-079132,20.095727592813297
PROP-092225,160.0293861819409
PROP-040741,324.1626002006838
PROP-061331,159.13860928518122
PROP-007754,135.96481597430724
PROP-092022,86.27931110450518
PROP-012826,153.29628168563366
PROP-051151,242.0479218659176
PROP-061592,93.46707563867005
PROP-052649,26.52077969693207
PROP-030005,287.38845001429365
PROP-017877,217.93992492255848
PROP-029010,30.45228372638699
PROP-043576,119.36336857270142
PROP-006933,466.3636197278272
PROP-088819,208.86769475633412
PROP-034713,275.25072341239564
PROP-020990,4.9731728714766685
PROP-042045,269.90213588674294
PROP-043197,147.25567741971307
PROP-002435,330.8837179952125
PROP-034383,90.04796885311106
PROP-040027,119.13243871055377
PROP-086032,72.10064191288129
PROP-076602,508.6468112261018
PROP-025901,-32.621761738771355
PROP-023892,106.01663318359621
PROP-016640,283.75448292116846
PROP-055934,214.15932642266498
PROP-062137,6.569117338240223
PROP-047624,-5.424836281600733
PROP-023540,35.787501970838065
PROP-022149,14.309393836662593
PROP-075541,338.36962163959197
PROP-080943,173.2067613469969
PROP-095559,123.3880924539364
PROP-015367,283.48425050748534
PROP-085704,30.527494834351362
PROP-069700,95.8944619455232
PROP-045713,277.45961621874415
PROP-066248,28.694254511735153
PROP-056484,214.9553365995942
PROP-096275,160.80588249753157
PROP-085669,150.45120075684986
PROP-057420,-7.159335206706288
PROP-033363,197.15103030205563
PROP-018106,78.18015223435977
PROP-029944,242.37302174320484
PROP-071957,43.38500992356837
PROP-094901,323.0170185999283
PROP-012603,95.65388629659876
PROP-079818,141.4287634179285
PROP-040226,-49.09987445157002
PROP-012249,140.88438050156785
PROP-028429,264.4483298188078
PROP-040446,133.65782783761415
PROP-006845,257.00884838169685
PROP-002520,113.31031550680281
PROP-076503,140.36839046621088
PROP-007738,301.3425387378466
PROP-042077,144.63366448037362
PROP-028707,57.84954691097101
PROP-044469,35.20032943657825
PROP-023321,283.88653374786827
PROP-080241,54.01315148787636
PROP-046449,58.3636670030549
PROP-063752,20.628189371180248
PROP-030405,11.004658205909436
PROP-045147,93.5460753629865
PROP-071545,166.2759386596642
PROP-005887,98.30371867344019
PROP-098541,72.19911832879401
PROP-044490,-13.4061812855358
PROP-012487,190.34596536799666
PROP-077130,122.66082379804739
PROP-040533,208.93650597738647
PROP-023318,210.3059639147284
PROP-023863,33.82273740531344
PROP-021851,303.81481013454953
PROP-076764,341.91871039867067
PROP-022870,104.41752842566203
PROP-017125,163.3830118123332
PROP-053420,263.0736651993233
PROP-065216,30.634120868262983
PROP-095206,420.9409507040408
PROP-088415,-6.1169038291533555
PROP-043103,137.83952884336884
PROP-067043,24.826426371235634
PROP-038468,175.247871119125
PROP-063169,277.8215625395461
PROP-010651,9.120777323093375
PROP-072952,375.7065392530049
PROP-014004,102.34624705509815
PROP-034278,20.01960871371014
PROP-066214,93.90827600535842
PROP-099121,27.536155385585758
PROP-050088,98.78089255453098
PROP-053063,107.88780097197129
PROP-013579,91.99835601590578
PROP-083007,454.5480197489755
PROP-007749,24.380021629488024
PROP-036716,79.36241146106579
PROP-016183,61.838640469293665
PROP-054947,-4.619707176969399
PROP-078263,318.57062818679896
PROP-084594,50.71298288180796
PROP-011517,151.60442766292238
PROP-051227,247.79159295007963
PROP-000199,463.8349202438038
PROP-000870,218.73865353363578
PROP-043171,-22.767037249489217
PROP-088605,34.6778772835999
PROP-040673,22.329236205778464
PROP-003139,140.16363797160318
PROP-022767,217.99089084908445
PROP-073025,75.18322829260472
PROP-099033,31.99160688231021
PROP-007707,135.47894322012075
PROP-068782,78.11728220276963
PROP-024530,293.5394643081891
PROP-077968,298.67541904927816
PROP-060514,97.11371373737266
PROP-091255,6.257616038997096
PROP-075679,19.05122875101376
PROP-078774,264.7756758345558
PROP-059162,373.85484462854845
PROP-014476,-24.572248371517777
PROP-069503,290.3703031138433
PROP-097054,113.78119046275911
PROP-013118,278.3675174624947
PROP-087489,90.94931651792672
PROP-069648,370.4658853605075
PROP-036715,125.85329861738833
PROP-030723,47.785620775750054
PROP-076908,271.51147492626905
PROP-076399,238.7252796649273
PROP-009317,44.121589635705305
PROP-080844,49.33687974024901
PROP-071057,28.359044756374157
PROP-088175,127.46444767878259
PROP-012542,212.82994242915737
PROP-065705,87.32249276823994
PROP-063137,25.515636473325625
PROP-036413,120.75504656975941
PROP-082253,99.88518685326557
PROP-068928,365.2492826863821
PROP-081612,56.62161794875085
PROP-037420,139.08959263784163
PROP-038681,323.05187136222327
PROP-050511,35.95174534381198
PROP-004068,215.57398880788259
PROP-020855,381.9900086368373
PROP-058308,54.283783300188006
PROP-061045,110.8796070503749
PROP-077620,39.49457488421288
PROP-010975,344.83105270572395
PROP-016449,71.5607677691026
PROP-072254,242.51468280048184
PROP-048324,182.06543825992816
PROP-020649,69.5057105376985
PROP-035116,64.04216677894331
PROP-093038,272.9605531534204
PROP-070704,254.25648896645555
PROP-094585,226.40981076973324
PROP-006297,38.277511380772594
PROP-094922,200.05060825640842
PROP-039246,50.35440199956079
PROP-011292,428.7769257025609
PROP-025760,40.818978491159534
PROP-050998,138.34882876689548
PROP-098602,63.498847541341235
PROP-063562,278.91369070149165
PROP-045793,304.20001447356094
PROP-032916,-9.407833771070779
PROP-081039,132.7075708185797
PROP-062539,206.84096920596386
PROP-074223,275.7433131405413
PROP-069404,214.46581004287032
PROP-039264,2.3020267237607612
PROP-058775,57.23071028029189
PROP-037910,-18.91999652647563
PROP-058917,303.2488887022828
PROP-058625,168.20656024337447
PROP-008558,20.662837186244307
PROP-074592,-1.8485341823057055
PROP-018979,186.99337672969054
PROP-019687,282.5057586036377
PROP-069335,214.27866565680256
PROP-068099,92.36315202657023
PROP-046094,278.5155381462163
PROP-047258,100.81650797014686
PROP-092413,62.773866425080755
PROP-045839,106.8939845656449
PROP-067784,301.2860818366099
PROP-051515,-33.21783000076702
PROP-088298,-22.480827312755334
PROP-043439,-28.222791738932077
PROP-059052,-21.014694376501474
PROP-067637,50.293469186452725
PROP-078953,250.7330765277706
PROP-053751,287.21155107670756
PROP-044603,162.06729961825198
PROP-067082,206.03559740506688
PROP-066065,-44.36944159044201
PROP-033580,271.142368504804
PROP-070104,69.86503411020453
PROP-037399,-50.92206646192744
PROP-059504,19.043938500972406
PROP-037021,158.8397759641966
PROP-071661,71.34237552231099
PROP-017452,38.43418404039307
PROP-064077,53.128142506249574
PROP-037199,113.60707804556246
PROP-005922,45.130247420749825
PROP-098233,214.2029273055927
PROP-024958,117.0031446476039
PROP-082737,27.46469147059677
PROP-000649,174.70233549441946
PROP-036875,65.2677720334012
PROP-053440,329.4273007667341
PROP-041982,241.2982655040301
PROP-056741,148.38979876798857
PROP-021563,56.69149975318469
PROP-085584,95.1673851229117
PROP-023133,-5.051237636616115
PROP-005082,111.19528449173788
PROP-000839,14.283996180886023
PROP-013996,71.51988836102056
PROP-001299,43.234815442466335
PROP-065061,38.62381804359691
PROP-078761,179.16781892040655
PROP-016290,158.776185524777
PROP-098318,99.94752980381239
PROP-033079,84.4902597133695
PROP-026940,44.478943268823635
PROP-058832,228.9914958449689
PROP-063774,270.0757343110886
PROP-055765,-19.260233159976615
PROP-015712,44.47633636139824
PROP-030224,-57.347558820680774
PROP-052813,53.483751721952075
PROP-066926,283.19746767689486
PROP-024277,266.7922761039637
PROP-014391,5.832621437817764
PROP-011908,423.95044319845795
PROP-077856,277.4551550912432
PROP-098223,-12.09636710294037
PROP-009041,277.1046152090853
PROP-082591,177.98207502230179
PROP-007957,27.12479737154235
PROP-039068,108.60300432910252
PROP-085537,90.35091331266068
PROP-044846,85.17113510405932
PROP-045817,-44.368869738838264
PROP-044930,273.12169651803646
PROP-059214,82.03637295587252
PROP-053625,80.7060268993893
PROP-089169,-17.066740975354094
PROP-041189,233.34751939594443
PROP-076235,127.82678682552462
PROP-022106,91.62413332310916
PROP-097258,-24.3761898704372
PROP-034106,276.08340880350625
PROP-077832,-7.999640612438563
PROP-035084,187.91765292289818
PROP-020418,39.524840060235746
PROP-061928,89.3939358308234
PROP-053902,77.89964778033286
PROP-028260,326.7380246976005
PROP-015938,170.21545275513228
PROP-081377,161.46715358257504
PROP-086036,113.37482539467482
PROP-051750,11.846083671514233
PROP-050410,123.9916322607369
PROP-017462,192.0372800026962
PROP-037528,39.65719036867512
PROP-038883,223.8335425340286
PROP-025478,329.0013962210413
PROP-091464,42.210373601548625
PROP-076162,266.8463928136197
PROP-027505,121.87641637226774
PROP-011981,61.213710934134184
PROP-096706,242.2407300907458
PROP-020537,-16.420817820482558
PROP-030956,347.3691738424046
PROP-020279,17.639121165713668
PROP-051408,282.6601638931403
PROP-058010,80.15397839697857
PROP-038093,316.890159239778
PROP-084627,59.159935092752946
PROP-074325,-9.283870107752378
PROP-084696,50.302974133179774
PROP-051266,2.736778091941325
PROP-011406,547.0625370276938
PROP-041645,170.03527550481866
PROP-023703,531.5409874241254
PROP-040166,-38.73190782870989
PROP-007386,186.03408371773384
PROP-084399,44.85500301327321
PROP-044257,235.17440779010013
PROP-006957,49.06586818942367
PROP-093982,-15.509327409375707
PROP-029531,199.8307587361314
PROP-012025,228.73555362749852
PROP-078728,137.36412466386565
PROP-032934,63.57055676356569
PROP-050988,34.06140087134224
PROP-068669,-5.626186496343976
PROP-004302,314.83043942167944
PROP-070752,-30.71917209649115
PROP-051187,289.0323393073487
PROP-082009,-27.81616948580166
PROP-051854,79.50828530346271
PROP-037888,-59.88178741261728
PROP-044401,223.8203716192718
PROP-016935,237.39216487782232
PROP-013615,141.14118720582212
PROP-037258,-44.85210413200727
PROP-010307,45.85131792519086
PROP-027664,93.62651329470333
PROP-060575,90.13184029421959
PROP-066955,98.84645862511798
PROP-054895,137.47957237185386
PROP-008212,226.46883061909315
PROP-097237,242.45262538716565
PROP-082610,190.99873440166704
PROP-098183,7.142543022967445
PROP-099504,122.03904904929297
PROP-013044,16.170476340492783
PROP-074782,179.76683925007606
PROP-084549,146.42272135621408
PROP-076487,71.3750030757384
PROP-047281,-34.796212833496284
PROP-069400,101.5756949706809
PROP-022568,45.78049881545485
PROP-058853,215.3743712990768
PROP-044713,93.45559330269205
PROP-050447,242.6383435167484
PROP-037201,369.0693402516598
PROP-040953,120.89046172170497
PROP-021405,84.81998071131777
PROP-041030,335.533972236486
PROP-004929,101.71148660842428
PROP-012853,155.3160125360825
PROP-067488,164.70575530037885
PROP-017192,165.40860563558255
PROP-038319,78.99631675149323
PROP-028888,95.56753645297728
PROP-006924,38.33432455224167
PROP-021168,-109.47599676211004
PROP-093331,379.026754181156
PROP-009203,282.1568205420938
PROP-063066,152.52536901047296
PROP-012322,96.9891915795976
PROP-045790,95.70219061879042
PROP-058642,56.28608359597597
PROP-004456,30.333254386983256
PROP-076428,78.2610972483604
PROP-081725,254.43294593351663
PROP-082319,9.535700725418959
PROP-016602,512.7573619939362
PROP-021543,126.82226178868572
PROP-022680,307.4846378652545
PROP-036569,82.09701045083308
PROP-024618,-7.8391867723240125
PROP-036858,143.57971181492832
PROP-057037,177.55635715279115
PROP-013520,178.60901506302946
PROP-031482,69.5263356801064
PROP-044296,57.90705135882641
PROP-010708,273.3840908465497
PROP-037446,121.4697952097321
PROP-061827,36.86344193492907
PROP-041409,76.45519520840315
PROP-029248,325.61265881997195
PROP-015255,19.174218649873175
PROP-008425,46.81766123750685
PROP-042034,141.95697394015787
PROP-097620,33.2460427670255
PROP-082014,107.63271125494748
PROP-026640,255.65671928620395
PROP-010058,187.10375988707432
PROP-071420,-37.03582264611045
PROP-083788,281.57799274434706
PROP-003782,22.511850376095932
PROP-019319,93.8383173007969
PROP-056209,-17.858468315335283
PROP-039277,117.76268987010472
PROP-005485,81.06785535573383
PROP-016210,17.56197930668118
PROP-027979,281.0296932717921
PROP-013614,246.8843704234432
PROP-092481,102.982173944061
PROP-080966,420.1120795123508
PROP-065229,83.41687603749062
PROP-051192,108.56856180519348
PROP-023173,174.42382141111926
PROP-023691,112.01919564938731
PROP-062432,-29.75210100636735
PROP-089897,231.22028438011228
PROP-056840,194.25429951930258
PROP-061091,279.8313442013117
PROP-099181,227.05425646367155
PROP-052177,170.58488933021067
PROP-065718,126.4406191573164
PROP-096439,0.9498041716567727
PROP-077116,115.0018585646241
PROP-085541,63.596381071536584
PROP-005898,207.97147733816905
PROP-069296,338.31736996634015
PROP-091330,121.8843273539186
PROP-044220,17.458567719545954
PROP-084137,290.92334776213727
PROP-031500,70.26343200462627
PROP-039387,378.8878774046791
PROP-046464,523.016114565796
PROP-003867,167.14450448447988
PROP-086567,27.227966621115208
PROP-062538,283.6346928033582
PROP-052355,272.51988091279014
PROP-050077,-42.431801742814955
PROP-077851,-0.5076166209655142
PROP-019186,52.00738421109873
PROP-025613,86.27022269493376
PROP-015285,-12.829551363170914
PROP-028646,165.23382587270814
PROP-049485,15.664745543114002
PROP-045274,146.53899155871977
PROP-067478,317.6395055440263
PROP-033017,43.60849602881355
PROP-005827,86.1164769663344
PROP-059974,187.99154067223017
PROP-082422,265.94869401243716
PROP-091316,275.61510276421063
PROP-029696,21.167476913860305
PROP-022092,50.120520799133025
PROP-048772,25.111009335102604
PROP-077453,11.751614703928073
PROP-061590,101.44686372010135
PROP-007042,235.68795278641937
PROP-070305,135.68235734234693
PROP-068896,238.511344993604
PROP-067589,109.18909937759129
PROP-017553,-8.073333542149577
PROP-024909,331.9715535162794
PROP-043690,81.96224464510664
PROP-058663,82.423949078657
PROP-031766,287.14121128379264
PROP-006341,290.0223015447907
PROP-099501,125.0389813059859
PROP-004629,298.9503487623811
PROP-088717,91.97250466581805
PROP-089027,26.695070543652555
PROP-034705,211.15669606793918
PROP-052098,311.83172121158304
PROP-043793,21.247839893560514
PROP-087557,50.03389462980884
PROP-022403,78.08753321866075
PROP-034387,20.291794088525194
PROP-006484,30.221160491398003
PROP-079509,48.65669208920236
PROP-071878,209.88303523415507
PROP-020139,203.41105690433804
PROP-030874,58.869561143713426
PROP-091627,54.553058673607346
PROP-089723,34.304632441812934
PROP-051107,125.8057682375752
PROP-041334,439.91903159196414
PROP-002213,39.26043891830328
PROP-010509,391.73585261091375
PROP-010750,94.14973605648444
PROP-019620,272.354499874357
PROP-033316,105.5082082839755
PROP-071881,0.8094018426455101
PROP-076945,132.9995224102029
PROP-097675,395.6273378887023
PROP-017406,82.74876408280758
PROP-093068,138.7388490425565
PROP-016499,407.2342700619512
PROP-068569,79.71204581805908
PROP-047788,245.5664043402547
PROP-040931,-6.362145544110454
PROP-073320,-22.986679682468907
PROP-029146,125.39562411768944
PROP-063879,92.91411141132338
PROP-046414,191.37063834478778
PROP-081035,245.2023951375029
PROP-070205,282.98514372411245
PROP-050726,127.18297017111173
PROP-059743,299.55640235091795
PROP-046977,318.97121643068886
PROP-010870,47.95552345154526
PROP-017567,-5.324537381328034
PROP-085552,174.98055727226063
PROP-065095,21.065869658716167
PROP-083639,29.250095938017708
PROP-019794,47.853819636100354
PROP-088503,226.26180826628072
PROP-047881,231.95831966167572
PROP-020347,287.19206276866953
PROP-031386,206.12180459306813
PROP-072665,174.08060595930237
PROP-049527,-22.37289836807001
PROP-057410,-41.24722685173556
PROP-096902,88.0800211437845
PROP-006261,269.45853770856945
PROP-004648,64.05190141265606
PROP-058474,39.54650487652235
PROP-078541,301.7274854454474
PROP-080427,191.34407610830522
PROP-088911,5.780325022713534
PROP-083860,63.06884665989142
PROP-062576,27.07303798506574
PROP-069428,132.25133881613274
PROP-066040,146.5574854791014
PROP-083442,54.154150538529045
PROP-030186,105.01706131943044
PROP-028938,244.95193215188917
PROP-062687,29.872938707245105
PROP-067126,105.77770211510287
PROP-088982,407.89091300431073
PROP-050277,250.3659327534549
PROP-072582,190.53753454479374
PROP-082355,-7.089031383825699
PROP-025783,96.16154419538151
PROP-075866,235.9587625022627
PROP-098952,310.53319890466497
PROP-050777,47.18071302110402
PROP-046750,89.54707848122543
PROP-019623,321.86337147618553
PROP-082673,12.831801319688635
PROP-009606,15.211244724677663
PROP-081674,195.56884439154936
PROP-056233,257.54086974123175
PROP-015272,280.9296233015681
PROP-014525,78.19253438608646
PROP-089399,349.4996748853933
PROP-049009,125.74738686057617
PROP-083394,45.663344371287565
PROP-013613,52.44046555848628
PROP-003428,79.04098558504994
PROP-048555,207.5071116035209
PROP-007525,31.714651391972268
PROP-052045,90.75734821272725
PROP-041455,241.42775859354995
PROP-000291,249.27649797495707
PROP-001656,76.52752189464064
PROP-094113,75.58114268660971
PROP-075147,43.50913374001988
PROP-003237,25.096745869564817
PROP-000608,164.1255488302378
PROP-056867,228.73281289757864
PROP-005603,92.31985516878696
PROP-025132,212.65603345734587
PROP-014603,103.78804909545403
PROP-095270,77.74426735213282
PROP-012518,325.2155563420832
PROP-018145,54.357610559923955
PROP-034164,266.9938072194243
PROP-029252,275.05243362693545
PROP-040984,61.376852776666546
PROP-045423,351.8403717149794
PROP-042883,331.2393346539119
PROP-095093,79.23931491372882
PROP-045656,185.40139700516494
PROP-061472,-8.571348245232002
PROP-088187,-37.11667327360278
PROP-099386,209.29570658189292
PROP-033927,184.73151551182798
PROP-037103,336.4634814639182
PROP-051993,16.461119458227266
PROP-005910,45.096530919830045
PROP-036154,245.2219334816359
PROP-001760,210.2353635735917
PROP-019358,110.20575768589752
PROP-043708,294.4682947742533
PROP-039608,162.25158940126624
PROP-064857,99.47654176753053
PROP-006697,187.8088037150289
PROP-092269,181.9363081950869
PROP-085804,299.38268925868687
PROP-078837,280.36503811253135
PROP-091624,30.25557959416469
PROP-040089,-9.26570383043768
PROP-031385,74.70923404312596
PROP-026351,66.84287839759926
PROP-012052,106.65955186431053
PROP-036327,144.2816876840349
PROP-050279,-6.744055638237207
PROP-032201,73.12232746923007
PROP-027984,90.24683308864898
PROP-072827,68.74238222585154
PROP-098837,2.207053856458379
PROP-065231,324.5585014088489
PROP-031111,127.56415992602689
PROP-043985,6.101532230314716
PROP-027352,375.92351270980294
PROP-033358,164.4952955358106
PROP-033824,-31.16815156232314
PROP-002906,49.914437426278546
PROP-025594,201.39212093455671
PROP-060525,205.83074015021288
PROP-084013,85.01018982336655
PROP-083376,-50.93100858594538
PROP-008313,193.4023884773925
PROP-086728,25.80304763372836
PROP-013582,4.097408510032533
PROP-070570,78.37937730433528
PROP-023553,126.51982061321176
PROP-080292,254.9104592065485
PROP-086245,-40.25255552573312
PROP-085801,10.184284955513888
PROP-080034,38.125098953507454
PROP-037018,304.76565291002123
PROP-093031,185.50254362289832
PROP-086677,111.72402595665464
PROP-064861,134.46143441695096
PROP-064109,79.21026284621745
PROP-085108,139.5036221254578
PROP-081244,7.099483362753787
PROP-071648,-23.361948063990297
PROP-057009,241.04112944374373
PROP-063279,312.06093573835045
PROP-055605,121.4226275826302
PROP-096332,174.0860044792136
PROP-033704,141.98123285426982
PROP-023094,30.221658021978534
PROP-025986,363.4953455369272
PROP-013313,73.86528175321307
PROP-064727,275.4144665542021
PROP-030604,99.14481257554077
PROP-067521,86.05074247431396
PROP-082684,385.86359809936044
PROP-041493,81.53734127086634
PROP-066473,184.39079998923575
PROP-029175,88.35352565625689
PROP-004524,63.331886842478106
PROP-035886,278.56902766066844
PROP-086821,137.7396127946794
PROP-045512,277.1022663454707
PROP-038935,314.6871636208142
PROP-077497,67.10856914991007
PROP-015193,-6.808507246043975
PROP-025928,70.48573961121397
PROP-061434,416.18764323992434
PROP-044983,69.93030626726062
PROP-097053,40.5756528782454
PROP-046638,10.522466344375765
PROP-095238,79.09492176938201
PROP-033981,-4.58335218572197
PROP-006035,82.48243826051508
PROP-091929,-6.9790793128906605
PROP-098035,82.61839414699237
PROP-001284,144.86948911272864
PROP-089333,133.36366229294848
PROP-024823,250.84451550576864
PROP-080469,73.2588909618121
PROP-005607,86.41869801509716
PROP-098535,-3.3650979425402756
PROP-017774,21.324621606774215
PROP-098514,-2.107211122124408
PROP-080919,57.45817824350476
PROP-088847,-53.653279823267056
PROP-079751,179.79187633388213
PROP-026659,29.433767152198207
PROP-041072,288.4222013790461
PROP-024464,76.22345318141622
PROP-070211,10.732882165462556
PROP-020105,-17.171383863337635
PROP-006230,85.57942969057626
PROP-073425,43.37236920396218
PROP-097821,541.0425137721943
PROP-032377,115.99151020371018
PROP-072054,221.6249027094808
PROP-080232,257.61035233333695
PROP-070797,-80.98444658024398
PROP-058366,219.08508028306744
PROP-002734,366.92230021933517
PROP-084674,302.2357244550365
PROP-053491,124.26358567479801
PROP-088784,295.61907715090626
PROP-083364,190.10139777877922
PROP-091453,10.902301031357604
PROP-081973,29.098772842662736
PROP-089776,57.519835902717205
PROP-097381,212.34016910651115
PROP-021031,20.345253906172317
PROP-065323,246.15610500064713
PROP-075168,225.97960969555453
PROP-005906,68.06564612138106
PROP-079145,208.84927283440896
PROP-041067,213.65197533630308
PROP-001470,212.73382707423553
PROP-077793,181.08264031004342
PROP-019055,24.502369169452226
PROP-086423,66.64960566308741
PROP-064293,-41.85739066624896
PROP-091850,304.8004667778754
PROP-053228,256.3025904520999
PROP-001604,370.5046866525521
PROP-088929,445.2658792023017
PROP-053353,193.71097983219073
PROP-093544,258.1138174219401
PROP-055264,50.42659270152827
PROP-038717,47.821063457734134
PROP-051683,250.173104102784
PROP-022894,36.01161740167708
PROP-079159,42.864775824160816
PROP-050960,25.855670854375944
PROP-039868,38.61843859073679
PROP-090626,86.12767745650586
PROP-021301,218.7731168285046
PROP-020524,24.044408523712313
PROP-014519,53.615008849391444
PROP-080969,50.512123110924136
PROP-061142,24.728732453626407
PROP-040608,60.23415568118953
PROP-021311,165.8549834266048
PROP-053931,236.71703450843228
PROP-029365,-4.525290794193552
PROP-073634,203.89883971076407
PROP-086429,109.89726889705
PROP-074241,112.75039799122752
PROP-017106,-30.92386162489303
PROP-065923,62.55065085407771
PROP-079176,175.6571782452462
PROP-062491,43.30700353284182
PROP-094384,272.5639132531067
PROP-055877,13.171292260886151
PROP-067343,200.75852402853468
PROP-095982,314.4364794757676
PROP-021155,271.8218162022395
PROP-021193,198.06981849675665
PROP-066940,72.42726836738537
PROP-099545,138.39257645756808
PROP-062238,-28.286882314950518
PROP-037291,102.58840446557036
PROP-055923,323.5188849804109
PROP-014781,432.4893510386231
PROP-019427,151.35132052985193
PROP-073238,180.4387751072179
PROP-095846,103.19069043058437
PROP-078457,180.95994443496534
PROP-001834,163.47251446302772
PROP-082489,42.10021133172708
PROP-025502,136.3232313966136
PROP-090981,108.52618871665018
PROP-094627,28.483067194114717
PROP-075377,330.5757508584057
PROP-039939,178.48806403511352
PROP-021037,90.40239658276775
PROP-017920,322.0533698700321
PROP-052291,6.903084379797248
PROP-089811,342.76516599523984
PROP-003029,208.20942896529888
PROP-084973,268.05216219276247
PROP-053730,87.90189393022587
PROP-069072,36.66492002805304
PROP-055185,456.00745194870854
PROP-031222,20.44871281521915
PROP-099205,339.3672686697828
PROP-069398,282.62303260501056
PROP-087033,116.10609795401507
PROP-041232,303.7453476441214
PROP-067204,398.9549349897629
PROP-038951,125.3455146062418
PROP-061672,338.2925317269155
PROP-004383,-35.602911647441644
PROP-032333,36.47098973111975
PROP-060802,307.3903880357186
PROP-054344,119.79102771405758
PROP-061684,60.467598481115004
PROP-057535,50.69330038931719
PROP-095746,138.35402409876195
PROP-074150,107.94182019551214
PROP-082855,360.3003345084059
PROP-078848,68.20492420005812
PROP-082111,89.26574081958333
PROP-070440,37.45678005854347
PROP-072958,52.97206122111014
PROP-019889,27.167072082875407
PROP-053445,-16.518390920143137
PROP-044667,32.626496386726686
PROP-052706,54.800242758663224
PROP-010970,117.10260560988829
PROP-036940,240.8672692780097
PROP-009472,111.7465186857365
PROP-038124,104.91596595808701
PROP-044879,140.31895875239056
PROP-073097,44.81076537063674
PROP-038425,338.1104425513704
PROP-045804,315.1742850818026
PROP-011910,52.57010974260104
PROP-031364,55.42754558663499
PROP-031031,259.799631974383
PROP-011152,30.484734242255847
PROP-021908,66.13434747398418
PROP-049334,135.16312170529142
PROP-040903,115.99473471053643
PROP-094143,80.28720774146603
PROP-051662,-26.985609406413282
PROP-015964,32.6825029023712
PROP-087501,4.340805164555388
PROP-043704,16.747225797171115
PROP-033695,67.66793310885984
PROP-036668,88.01825860282875
PROP-048977,67.71564025451332
PROP-067420,41.31380950826267
PROP-073505,60.336438601988554
PROP-094895,182.50204017935647
PROP-096797,114.5837457916065
PROP-086861,-40.49021147684404
PROP-030031,80.64441613430078
PROP-056094,308.5861668953844
PROP-089708,36.99546231380379
PROP-071665,18.34432549811276
PROP-047118,216.28415494813427
PROP-024652,169.9049225606236
PROP-094963,32.94594416671946
PROP-039710,42.10760387082243
PROP-052009,62.10631179032749
PROP-096631,120.68013448245414
PROP-046677,343.26990436684537
PROP-085012,98.58305630496136
PROP-095696,65.14292567893798
PROP-021561,234.2060901502164
PROP-031632,203.65442442100544
PROP-049857,63.167530289964844
PROP-041298,210.01085441170292
PROP-068441,167.49975683054657
PROP-049489,-5.969071772730011
PROP-007254,113.15620156056794
PROP-039452,278.1569074789107
PROP-064138,80.2062982074397
PROP-073220,222.16900470516373
PROP-015576,49.52789407365045
PROP-027333,150.3749686924823
PROP-013185,224.0982547472978
PROP-052507,90.47870372020607
PROP-026686,200.48177516162394
PROP-090872,-29.206511234943964
PROP-037159,158.15324966037656
PROP-043090,22.657690409675986
PROP-084457,301.76038224012956
PROP-023444,241.99775024381051
PROP-017232,83.0878194709536
PROP-078406,375.2139089266585
PROP-040751,278.76222766683907
PROP-038739,52.59050825208684
PROP-072574,177.3303712609655
PROP-090140,318.92054909845393
PROP-007441,108.85979175879785
PROP-097693,217.2462076342704
PROP-081702,218.18853253487055
PROP-029763,-32.90443959857827
PROP-048178,327.13529999793184
PROP-068958,-9.17394077807977
PROP-054728,307.86893802900863
PROP-086962,-32.741779331273506
PROP-002976,12.192008254207053
PROP-058476,4.314009789883237
PROP-049191,557.694398474467
PROP-006413,179.654520891328
PROP-082744,58.68057459313717
PROP-024211,-26.744710902800275
PROP-040336,159.1542509086113
PROP-091785,95.78511449366815
PROP-041225,94.4597678329149
PROP-063832,57.98136281087038
PROP-097427,105.48470937050848
PROP-080951,2.6540082036226424
PROP-049390,-29.347207707367048
PROP-074974,17.119513430112256
PROP-072376,104.46109579453275
PROP-082484,241.6229047163647
PROP-060242,12.959762638328776
PROP-081685,66.85283335979234
PROP-014423,147.66953360916276
PROP-002325,224.72130738548708
PROP-090011,38.38954150587225
PROP-077999,-17.286684138750473
PROP-089445,237.57276523138256
PROP-073459,158.75934469719402
PROP-054924,194.78626274234077
PROP-004493,58.592243369632676
PROP-091545,262.88720207847854
PROP-006072,84.72748741420737
PROP-096810,132.27745364772161
PROP-065498,120.94315914434677
PROP-018094,-22.509067382150768
PROP-059062,182.71138154032258
PROP-021843,3.7884448664615746
PROP-057431,-65.6077104344805
PROP-035741,299.7916832079993
PROP-092541,99.69122892338288
PROP-085465,-9.192527298134166
PROP-098280,249.34064403069735
PROP-088775,382.0223196468194
PROP-027744,376.17349292343636
PROP-019608,32.83949046014722
PROP-085197,54.69765377120613
PROP-076806,0.34439687650591466
PROP-009410,249.49116228136262
PROP-033926,185.43163805031807
PROP-040520,277.95840487218913
PROP-032629,147.1497480074951
PROP-083488,338.1585769999099
PROP-004018,-19.428139477255193
PROP-061622,187.7945147407864
PROP-086525,54.102988019412486
PROP-010329,106.75188085643856
PROP-065397,172.25319374099516
PROP-098049,417.41769718802453
PROP-057520,94.31553826643491
PROP-064532,7.146297508948393
PROP-073351,254.17144631291757
PROP-092166,82.37097474236603
PROP-005756,40.1505378945871
PROP-047743,124.59049501768678
PROP-087548,19.360121310386234
PROP-021208,40.28161707887715
PROP-068479,38.09632227278477
PROP-025924,79.37545591111366
PROP-037400,126.07613263657196
PROP-059419,301.7496638734176
PROP-081455,-92.06565439254868
PROP-007722,54.22945967327077
PROP-091606,133.17335670096057
PROP-081200,386.7312241034654
PROP-013884,319.48599343865783
PROP-041930,269.15397566814863
PROP-075666,59.70584591813815
PROP-066957,238.58097645320717
PROP-080702,90.02406616083007
PROP-009761,270.7937753501397
PROP-018053,96.63524226281554
PROP-036107,28.558424553420622
PROP-015452,64.73717336949163
PROP-065757,127.63534301346594
PROP-033112,96.69988370256746
PROP-015397,297.59534834990245
PROP-016438,-6.295906755516281
PROP-092347,155.8296986718884
PROP-038687,34.34442825204197
PROP-096177,154.479065103585
PROP-052875,119.33968460479933
PROP-014218,182.08082561315885
PROP-039007,190.64426692685342
PROP-015691,16.873981787410322
PROP-010815,180.16568008403254
PROP-054747,160.71570270598403
PROP-059126,237.15903533268133
PROP-000358,120.21391402058319
PROP-068282,62.017241830742144
PROP-052780,63.94899812760017
PROP-079066,224.24413100782053
PROP-012731,292.88881839529637
PROP-068901,415.97591336341304
PROP-020858,110.88837877892337
PROP-021857,76.5274715280115
PROP-022786,143.28862468581167
PROP-040833,285.38272902569486
PROP-085131,199.9026221945599
PROP-032223,81.32761332250087
PROP-010409,349.5170340366618
PROP-000266,92.32766635127324
PROP-019347,325.8509577627505
PROP-021280,178.01236337867954
PROP-081809,544.0750422557833
PROP-090237,95.9921669055142
PROP-047486,291.4614217799865
PROP-007322,125.59150841683697
PROP-099208,191.70827243662106
PROP-078881,279.4051373185199
PROP-085881,324.14126541014423
PROP-029006,162.068580642603
PROP-085286,89.95347253526427
PROP-068030,45.62924388415186
PROP-030580,217.95027679024216
PROP-017686,289.22875133767656
PROP-055449,284.6572866894654
PROP-093179,167.74333965260598
PROP-055499,128.64417567608842
PROP-061512,17.146465807275824
PROP-008087,-9.070811070471933
PROP-016777,234.06586043446697
PROP-063218,139.34656519212126
PROP-083555,88.90425265322902
PROP-099754,25.022631813051305
PROP-068367,169.42631113983617
PROP-080336,214.0349788350003
PROP-015617,229.97030633660796
PROP-033945,65.02865369962494
PROP-089437,74.89561496487192
PROP-039589,43.53610742381593
PROP-082829,295.6345341153863
PROP-013106,247.6189870672706
PROP-002770,71.31697919582986
PROP-004225,242.27270970264055
PROP-064277,214.96084689914375
PROP-017384,275.8032161349021
PROP-000307,-5.610625061012712
PROP-046718,195.43014055489726
PROP-084527,327.75081692442984
PROP-006648,131.06460376825956
PROP-018768,32.959129508360206
PROP-072371,189.75434007798125
PROP-064519,562.6798733501853
PROP-073474,154.732822860536
PROP-010904,22.36064321510748
PROP-006808,91.25427259764503
PROP-023261,241.08514823952225
PROP-023229,192.69176702505536
PROP-007901,239.6508996913526
PROP-068752,139.1928712878289
PROP-063409,48.947818865798496
PROP-044655,151.74391009442724
PROP-035691,20.167794503669874
PROP-054801,190.05879764715039
PROP-073838,322.90689211807086
PROP-026499,91.66521905843311
PROP-033417,66.81357280806421
PROP-003599,243.2748051487874
PROP-001938,373.5075196986744
PROP-091404,108.55621682736752
PROP-036382,26.37728723323837
PROP-070010,147.79264618894817
PROP-016076,-49.35976105851153
PROP-029358,33.46656050866021
PROP-070622,80.1839693149376
PROP-003510,31.52218572334538
PROP-082004,448.07085689951407
PROP-052767,70.15301990000765
PROP-013992,99.85000439784763
PROP-045897,118.33620463230102
PROP-000156,75.26084823454106
PROP-074871,191.7741726948031
PROP-050580,396.03888364038016
PROP-055622,33.13983860396002
PROP-037574,28.191595309212175
PROP-037080,40.9536932453496
PROP-099408,329.48404277498355
PROP-018783,214.07254475717255
PROP-080976,182.1177280105029
PROP-008625,321.2551982602294
PROP-049446,235.38402782376727
PROP-097561,39.99708819158903
PROP-078799,73.69619394079072
PROP-027776,173.47087343267003
PROP-044231,76.2245652235606
PROP-050913,77.92640986225052
PROP-028913,91.59172546769179
PROP-089264,185.28534580681242
PROP-055927,115.33500035774061
PROP-013191,3.057519379737304
PROP-011959,96.27405618559519
PROP-071802,148.50293688373324
PROP-057565,-33.94058277958993
PROP-039045,89.47096859491653
PROP-014249,51.17754772500959
PROP-067411,73.91777448815557
PROP-065358,15.082534334389543
PROP-039247,47.897555199302715
PROP-028193,63.130096246138045
PROP-067918,161.64345147478443
PROP-041581,198.1108158292323
PROP-062764,79.89772297255408
PROP-076951,48.25400672155693
PROP-076901,22.496971483990823
PROP-048961,176.9032499171385
PROP-002472,89.0145125575631
PROP-054101,259.06206187430877
PROP-074758,213.05922301765483
PROP-068858,219.05626342522532
PROP-017733,94.4276442868765
PROP-005708,47.8987626648001
PROP-019972,-40.338518026781806
PROP-096564,125.95694861905952
PROP-098452,-17.66146666384031
PROP-056182,1.4238301657407764
PROP-082173,51.285479665604264
PROP-067155,-72.17240911920983
PROP-013852,62.529412918667596
PROP-036216,90.01746090318885
PROP-036577,283.4603842793366
PROP-081582,304.9631289745946
PROP-049896,247.5606851116055
PROP-049778,-122.86137671541177
PROP-066844,190.3380149427192
PROP-020674,69.08460606221617
PROP-073044,53.595434495192116
PROP-061527,101.77736407133582
PROP-044084,39.08781544033553
PROP-098301,51.092734920804986
PROP-051796,127.34479416336455
PROP-012389,102.23183346737163
PROP-046573,248.56710503001992
PROP-091936,185.0344654362773
PROP-075720,52.513397078671744
PROP-015001,346.6352511088687
PROP-092790,68.7213995881908
PROP-021367,6.041205604134617
PROP-087162,283.07650828877024
PROP-050221,51.012567442688876
PROP-068745,-98.23958759101622
PROP-009981,121.80479061919048
PROP-051840,270.94817813594193
PROP-011775,66.39425107097102
PROP-026822,75.0528010292378
PROP-014542,73.08335738083166
PROP-049851,18.05736491169948
PROP-084326,72.3084705962896
PROP-048170,23.09860723339533
PROP-083188,100.00659739912399
PROP-092806,99.61223947349403
PROP-090617,40.06879845080495
PROP-066908,319.48594596333453
PROP-092251,207.23668924097655
PROP-052970,143.4174766455169
PROP-021640,30.42136876223747
PROP-047613,474.2771428421384
PROP-042049,408.0892122748191
PROP-038779,289.4773819781792
PROP-014541,66.92801343804337
PROP-083170,337.10073298060416
PROP-042157,242.83971658782997
PROP-090818,64.39561257262923
PROP-017770,170.20534762027563
PROP-003228,27.768281490462336
PROP-091612,221.07425433892303
PROP-049095,-18.786643266376455
PROP-091266,274.90204444500614
PROP-044912,-12.644068696820923
PROP-028983,241.33479274850805
PROP-038505,224.66721654335376
PROP-056467,69.14605599527681
PROP-026506,283.2039993002836
PROP-074398,84.54489112755867
PROP-069143,395.00349008521135
PROP-001524,116.17506894393864
PROP-091823,-28.336406636132516
PROP-094508,275.3498913289036
PROP-088767,80.04026914094464
PROP-002297,11.666752775011233
PROP-084717,156.4352685232962
PROP-007975,157.33534613576973
PROP-054204,412.10825681998494
PROP-097393,100.3969884214454
PROP-034031,-16.961716260179635
PROP-012902,259.18537671585756
PROP-038797,92.45520605773231
PROP-001327,80.73370918121051
PROP-038640,309.7270574402456
PROP-050551,30.43448705491034
PROP-066349,-67.22446322816451
PROP-046886,121.0745116955699
PROP-067829,87.95664181843117
PROP-065064,322.1402045104282
PROP-003383,158.58724260467318
PROP-059671,70.3866542615573
PROP-080882,20.57442312703982
PROP-066329,58.42952427860227
PROP-050007,81.8854114045093
PROP-007221,55.194273245173605
PROP-053099,131.69279936127708
PROP-075161,49.55579425812952
PROP-074720,55.07747124823735
PROP-008715,240.83242918122647
PROP-009692,82.45939541250435
PROP-016665,99.60618934189927
PROP-078200,320.77765374707747
PROP-069992,41.193018216489534
PROP-063294,103.20029181649785
PROP-058749,83.11996936333472
PROP-096080,304.0088974454222
PROP-071971,142.42397419053748
PROP-008802,48.975094627036306
PROP-089565,218.70374653593652
PROP-018031,80.33641332416788
PROP-063239,209.4085064732269
PROP-086053,36.47262267482281
PROP-057767,166.8076277518195
PROP-043988,-18.816930305057845
PROP-016550,170.24474575761943
PROP-083437,172.86641319913656
PROP-042845,30.90458776118987
PROP-090461,267.9707835438846
PROP-048895,327.77512480092776
PROP-071518,216.1185628478931
PROP-097728,76.28320632455933
PROP-018528,163.33017020055158
PROP-082346,243.6608127197975
PROP-099986,104.93857202741393
PROP-012343,251.38848661108958
PROP-085901,-32.27464390512951
PROP-055864,234.88245743043638
PROP-028939,196.99367086964324
PROP-050114,95.03571301636369
PROP-023194,124.11865507904085
PROP-040725,359.56761257030877
PROP-040356,254.89123840520512
PROP-042859,75.54038392974634
PROP-054609,271.4394576496724
PROP-061985,295.2014267587461
PROP-029631,99.87386421538508
PROP-004858,63.70334498106853
PROP-062529,124.27403499650711
PROP-088512,437.3093193472969
PROP-028459,51.12849413768953
PROP-040398,49.952681232847475
PROP-088110,41.08173465211887
PROP-036111,35.54750918001352
PROP-094706,80.98840244532958
PROP-052219,81.63895385826362
PROP-044589,210.7350961452191
PROP-060279,47.051475001879794
PROP-048063,192.12941220287496
PROP-003072,71.75165912400288
PROP-028813,31.007343121749845
PROP-070697,115.16024191583709
PROP-081076,181.38766130382876
PROP-050493,193.5249946380998
PROP-022709,141.58418644988205
PROP-081581,120.25850593489216
PROP-078755,113.18428597458919
PROP-032796,81.29480547983968
PROP-013587,5.481004942913396
PROP-091008,-27.093900367220833
PROP-054791,31.154072354393108
PROP-037873,85.35530375991465
PROP-081270,-9.489632438132306
PROP-011232,455.22390769608893
PROP-063368,20.957435654781683
PROP-001223,141.52041985057144
PROP-091796,24.19571130801297
PROP-001901,200.23415145256422
PROP-026243,106.9159778572704
PROP-014369,24.013955481931745
PROP-053864,223.67032033239548
PROP-021269,172.86673179278262
PROP-022678,190.4721159883997
PROP-041715,155.0192263563545
PROP-086830,27.350626349754496
PROP-014462,220.9626134983426
PROP-017836,-40.40798271059524
PROP-023205,109.51238798560755
PROP-070430,186.02710635719197
PROP-039881,29.09842895303998
PROP-003343,90.98315970423197
PROP-076836,126.904879084316
PROP-018486,92.4778990076212
PROP-001986,27.323113478916632
PROP-076550,207.57335071626343
PROP-022997,185.77703588234633
PROP-087540,-50.22401885367081
PROP-015646,-9.949410090693906
PROP-005434,110.42043147204893
PROP-097011,80.72624737364481
PROP-042908,282.5272691576934
PROP-074603,217.2793937375343
PROP-055733,-6.417207954315058
PROP-051650,33.19566831840061
PROP-058592,36.92105079497987
PROP-001433,108.29790265243118
PROP-038399,70.49164135313181
PROP-046076,420.8999992519407
PROP-054100,125.75035207740544
PROP-065952,236.5720488701687
PROP-037902,24.783426655368007
PROP-024492,131.55320823103347
PROP-042793,-33.572087770462566
PROP-042121,-14.846707278689784
PROP-050679,226.62385973141704
PROP-029463,192.57879445704657
PROP-020353,163.05893460474294
PROP-063590,230.13931268325896
PROP-005838,32.36975276303178
PROP-081240,77.42806093639787
PROP-076490,126.57763410151722
PROP-026350,-52.1219301237897
PROP-053551,103.75697607933513
PROP-062435,153.0383783539794
PROP-030735,114.78067391202444
PROP-029551,100.24319803047243
PROP-004887,250.63172115073365
PROP-025933,120.90014280979686
PROP-077694,271.26619030702994
PROP-094407,115.89384073180577
PROP-058550,4.411216688888814
PROP-037028,180.88632398088396
PROP-047069,293.3851793324503
PROP-029385,247.78413208070376
PROP-030239,265.26342038629764
PROP-018117,158.46246971815822
PROP-031977,50.11891824619891
PROP-005629,122.46535521899031
PROP-018843,-48.480212836108315
PROP-049232,-34.472299363270054
PROP-069141,159.3864197789776
PROP-077026,217.8907453458101
PROP-053174,20.697523797874368
PROP-087261,316.06096386595027
PROP-021239,80.33315055314931
PROP-094420,89.97185347420026
PROP-042388,381.30616665921036
PROP-066276,114.04012096605486
PROP-018909,30.238866338712494
PROP-050066,194.2661671373619
PROP-086311,181.21835455069203
PROP-010107,28.37497944130001
PROP-057875,309.86151228953946
PROP-083749,129.3411337141966
PROP-061112,354.41076351344554
PROP-012370,112.19855286127505
PROP-079386,161.07478675221518
PROP-057853,176.39184722422456
PROP-058782,-21.15885678917281
PROP-095503,91.99356987260558
PROP-030103,86.99802751282871
PROP-040808,19.82190409773664
PROP-019738,127.26548021202281
PROP-053335,425.95965594020976
PROP-090703,189.52774407246005
PROP-002849,29.65129005537313
PROP-014355,411.2733478780692
PROP-061317,11.08572903924339
PROP-094920,196.62527688208368
PROP-017389,194.0596872619908
PROP-010943,95.56749318173894
PROP-030818,67.81640705163761
PROP-009802,297.4227312618472
PROP-052662,103.26550741236312
PROP-088652,230.15368555901983
PROP-032288,140.40582683909747
PROP-011029,60.29132477308983
PROP-046375,173.9869455005829
PROP-086437,191.3460265552107
PROP-033705,107.28910670211324
PROP-097792,81.95801098584329
PROP-091620,79.67134552980222
PROP-006194,136.17983161309834
PROP-022219,171.3903599137018
PROP-014966,278.0010372750147
PROP-063772,179.6578803378203
PROP-014353,447.0325702879944
PROP-095516,103.00637532360822
PROP-068925,210.33111205377827
PROP-007981,89.33648556960348
PROP-010408,472.77214928583766
PROP-013187,-9.130169640606494
PROP-061034,187.58440226089155
PROP-061126,99.11178539151821
PROP-044141,56.97485394163857
PROP-003562,122.94374886133271
PROP-017472,90.48297871858877
PROP-006843,366.8972720634569
PROP-035621,76.16288489913558
PROP-020464,238.11818361519937
PROP-084590,81.82823256890627
PROP-081514,156.59129458640857
PROP-049550,235.28878373321567
PROP-008099,60.552368820028164
PROP-021200,166.93316244598876
PROP-029778,168.48564204607442
PROP-054982,252.42152495432526
PROP-073202,262.39758688157315
PROP-091674,101.14436912975597
PROP-086207,17.21967558809051
PROP-013138,130.25377114752078
PROP-081458,282.4800751076567
PROP-071797,106.47800829353457
PROP-070553,70.10632578703358
PROP-043651,187.12670155878726
PROP-046118,260.1903486371101
PROP-006950,4.702658697669165
PROP-088305,48.187317150274886
PROP-071064,120.574221356904
PROP-052994,31.498899772591457
PROP-057575,95.7936003943954
PROP-041725,-18.41918429199032
PROP-031080,41.851486330268486
PROP-019424,15.125285238624762
PROP-007984,300.38756009946417
PROP-073935,87.27954274895264
PROP-084634,111.27415465431133
PROP-097363,15.623282372871632
PROP-063546,306.7189891801325
PROP-010335,467.0284796178561
PROP-096619,31.308309920032666
PROP-055440,293.3722505778801
PROP-047799,340.7702199280581
PROP-023494,115.4596219145071
PROP-085196,94.56332810290024
PROP-035673,262.68528160987216
PROP-056618,116.74354441321454
PROP-058315,6.961828449231826
PROP-058695,57.43389986528581
PROP-032280,110.80994257855129
PROP-069435,166.59983806437674
PROP-030758,31.317657365994492
PROP-014344,147.07849804224222
PROP-079180,231.53461438895192
PROP-042561,135.7401936148467
PROP-052923,144.1918189644759
PROP-044612,27.3573736161849
PROP-065313,91.65283051245211
PROP-078092,27.702369159336236
PROP-035828,257.0179298812372
PROP-091608,-50.356102433811124
PROP-093710,146.73547135768183
PROP-088203,33.51846144858441
PROP-002245,275.7180724704616
PROP-026699,314.94615989226537
PROP-047002,434.5445270084073
PROP-075105,87.1272654847984
PROP-083721,129.9148020358466
PROP-090772,67.89155723859653
PROP-031066,37.98104170031757
PROP-069458,318.9364559571376
PROP-060026,-57.23004575470436
PROP-075621,131.0162518014731
PROP-078907,104.29988857919824
PROP-068290,45.84015916359762
PROP-080417,266.6965990976908
PROP-073745,12.89750913270159
PROP-052629,62.67367609104475
PROP-023981,107.46869708291393
PROP-011544,291.42573543388824
PROP-046819,9.548895489759936
PROP-091413,41.54694337842787
PROP-070476,21.152722462395108
PROP-063640,-48.003959034988135
PROP-032489,47.476203000109074
PROP-073423,336.20476949918225
PROP-095347,160.28975863223826
PROP-062050,23.39099687406236
PROP-050107,183.46080771499044
PROP-015814,111.83793765150332
PROP-069042,244.2793117473378
PROP-035840,104.57944335536935
PROP-043472,49.776916735719794
PROP-024415,472.2711773639587
PROP-079778,85.54865666334275
PROP-098871,108.34938115569216
PROP-083877,20.60986553571149
PROP-038001,24.16538979755131
PROP-062522,135.05714293926835
PROP-022922,134.19074389060216
PROP-091884,-27.484103684056528
PROP-069995,132.3756887684682
PROP-048926,244.45309394246067
PROP-073779,134.05860197926125
PROP-058229,63.91114325445887
PROP-067756,146.17346960164645
PROP-080055,200.50753038931734
PROP-075036,343.35817474018614
PROP-015444,85.7826493404179
PROP-026026,67.94662670614458
PROP-020028,-58.98430590645698
PROP-081587,30.72459400768001
PROP-063350,64.45716006740085
PROP-025220,215.25480951611533
PROP-088367,-48.78269536727557
PROP-015673,250.4902580378273
PROP-097122,40.78920973789041
PROP-011642,332.2924397156096
PROP-068482,60.71989022537964
PROP-048037,38.63064531741629
PROP-070505,372.94751745804786
PROP-087147,34.26798353080531
PROP-015848,72.76894592550815
PROP-058649,210.4115907747487
PROP-077021,286.42237586066193
PROP-086043,109.95367264870134
PROP-068204,-14.355787218917321
PROP-048073,24.56217071065395
PROP-053955,166.6977136156156
PROP-097672,130.44927313791604
PROP-099256,89.32168474645725
PROP-093904,-33.03125328564376
PROP-026737,283.22751916740697
PROP-019579,34.890532641877506
PROP-053304,37.661215039662736
PROP-029730,120.46596421846787
PROP-046219,24.95408297704512
PROP-022518,65.79063690566934
PROP-063145,87.77570708665495
PROP-079782,98.32653606492508
PROP-009303,457.3583823027464
PROP-084782,223.1502672458169
PROP-007592,35.17947277895615
PROP-041013,126.67689691035147
PROP-084184,-7.0533892803776315
PROP-000490,197.95190800479662
PROP-012413,164.47866193262527
PROP-089398,90.29511842888459
PROP-001025,72.09611750337771
PROP-027105,124.81741171078336
PROP-091175,277.8092888026854
PROP-000469,225.06119509775561
PROP-030421,262.63969362760656
PROP-041192,203.3679470596147
PROP-079267,-24.582859610685077
PROP-067921,325.5119983740137
PROP-079192,203.8753874457528
PROP-021009,55.122141301396056
PROP-001112,188.3151419035785
PROP-040940,297.6281867591486
PROP-099052,95.7931646692803
PROP-004514,267.1141623611237
PROP-061841,128.35437618914824
PROP-036648,299.6892134129205
PROP-057503,403.9691002575947
PROP-066626,-50.62422017701257
PROP-012700,304.6474492125946
PROP-013989,120.43240696813893
PROP-002971,67.47787021594573
PROP-079338,37.038451822301276
PROP-070292,260.1744014520169
PROP-050501,138.04028913182424
PROP-061122,56.1795884151872
PROP-005686,38.053300317599515
PROP-097112,67.6721673988611
PROP-086769,247.61887032335767
PROP-091207,165.6800687217528
PROP-031586,99.91573957497113
PROP-058800,128.01491117920875
PROP-050601,42.06962936339286
PROP-023448,85.20262998286292
PROP-087679,40.00163492269091
PROP-024510,50.06205479494698
PROP-075950,263.2785384039368
PROP-083259,128.4837840309541
PROP-050587,144.06276658931495
PROP-016209,423.0347403149009
PROP-011396,277.3666353796459
PROP-019038,146.49600822739836
PROP-044367,178.77470887314473
PROP-089441,262.33358688283164
PROP-099513,27.331408361966265
PROP-064972,296.09559692202845
PROP-098763,51.686509463233634
PROP-042306,41.59943544004621
PROP-033888,159.6718275379007
PROP-036128,341.3650439021133
PROP-026871,76.63091743172832
PROP-039463,137.21753687374883
PROP-079763,24.311123219193256
PROP-040424,50.60605266652772
PROP-058930,282.808999608147
PROP-035329,42.50988403567483
PROP-050260,-36.58780161069018
PROP-014351,152.66498937438547
PROP-083990,78.15628047515781
PROP-081682,160.31081292601158
PROP-086833,223.71700983040435
PROP-051827,508.4544370116557
PROP-028144,84.50845577658126
PROP-049838,449.2846685798284
PROP-090471,217.42716809580932
PROP-005826,79.73684974486937
PROP-045467,311.36522445838625
PROP-099313,39.85111422209016
PROP-013339,395.34649591859545
PROP-003632,137.57853731920795
PROP-063192,57.42873538213529
PROP-081751,250.72810585722635
PROP-006533,202.9437144723866
PROP-020603,86.37824954859184
PROP-009325,113.5058964049223
PROP-061439,109.19382152277127
PROP-039217,193.52743233524967
PROP-023212,-29.550450042735925
PROP-084756,-3.2758936449761045
PROP-046637,219.7533608698247
PROP-094820,127.25370775301613
PROP-017765,38.495886259586676
PROP-035785,14.917151088896844
PROP-022274,238.41860428491955
PROP-062143,245.2685932949287
PROP-044783,114.64606964554133
PROP-033019,64.71736290976082
PROP-030788,19.976556884655487
PROP-018171,-74.72771087113343
PROP-052341,131.53420306326123
PROP-087772,340.1713934602906
PROP-056402,-31.60746130273
PROP-008777,233.76384530761047
PROP-014071,109.38468066821743
PROP-046338,-69.05893644691362
PROP-093306,143.04321518786432
PROP-022019,213.79747433562414
PROP-035477,127.69332803678505
PROP-042128,-80.3048708645664
PROP-059186,121.40896410991199
PROP-094701,174.02539176805402
PROP-030325,52.79380479384972
PROP-076229,29.323247448005983
PROP-076121,-17.544535525865182
PROP-098950,395.76592566164004
PROP-011353,275.2327354764526
PROP-000259,36.15654569594664
PROP-011000,122.60506128493671
PROP-017583,341.263815418817
PROP-071031,26.80992533685892
PROP-040567,233.07646388019677
PROP-019250,398.04842542519907
PROP-047471,109.46773145604004
PROP-068439,-6.673695437112478
PROP-052183,314.60440570789586
PROP-079770,204.60314191355403
PROP-003506,33.541671889038994
PROP-067192,185.05149263447868
PROP-045859,281.2850722178293
PROP-029098,81.45760570726273
PROP-032804,165.77959909017298
PROP-047230,51.74979337211056
PROP-054620,183.6577213425733
PROP-000327,101.05710220349897
PROP-093060,209.6167468732919
PROP-023038,37.05026049069214
PROP-017612,52.537671215756795
PROP-055287,44.35993663915113
PROP-080052,105.57187821962809
PROP-027447,211.2032526243022
PROP-047135,147.97038323095106
PROP-010311,267.454859893033
PROP-014389,27.468244491877748
PROP-009060,356.27665202011883
PROP-003949,120.02259728298102
PROP-025240,-2.3320507994476714
PROP-009689,78.04887630974234
PROP-050737,150.6288560541566
PROP-006836,384.66524944043147
PROP-030326,72.25246768485188
PROP-027451,110.07820520365061
PROP-048548,-8.602172069529022
PROP-029683,277.0369686988546
PROP-014297,168.13955194647946
PROP-007865,73.95849970040223
PROP-081554,171.47773925748638
PROP-013612,30.740413945625587
PROP-085420,10.619859311595732
PROP-068956,158.37741252938096
PROP-079895,253.18798593469776
PROP-054554,226.96207962280886
PROP-096617,115.18738291574985
PROP-019205,41.37604824416512
PROP-012257,219.16729086204228
PROP-007163,449.54467372676544
PROP-070200,-21.262922872654087
PROP-092578,312.22021671114123
PROP-076296,84.34851749269484
PROP-034509,39.13896866340825
PROP-091223,81.49769791437896
PROP-036850,-33.65546406939221
PROP-028554,92.09407420402408
PROP-058037,282.54237813537424
PROP-028321,55.60860940166066
PROP-019722,47.24818669272724
PROP-088075,63.29145713281933
PROP-033240,102.8914314559825
PROP-063179,126.2974685807773
PROP-085748,150.09236126309332
PROP-054070,21.894926729448265
PROP-049435,123.72088998399761
PROP-050176,8.22964311821049
PROP-025862,387.7882787485112
PROP-019352,159.6247342512291
PROP-026582,14.960403352987239
PROP-055664,239.13842297585813
PROP-046979,130.18416181313037
PROP-080433,87.59716554715162
PROP-082710,146.6319970827983
PROP-004412,298.8954651160207
PROP-093037,77.58476245633199
PROP-008865,119.68804483825333
PROP-050309,125.23494423813521
PROP-000562,147.2347453817668
PROP-010678,119.89999187854119
PROP-059110,29.788393550232932
PROP-069144,21.429691481840052
PROP-003179,266.4093486807635
PROP-039539,316.6302336549631
PROP-011769,130.97437533306635
PROP-002943,98.55121661516475
PROP-043209,206.1947223712729
PROP-053296,222.84998504032703
PROP-026634,283.37937284886175
PROP-082722,147.56844755802877
PROP-086946,297.62928493616994
PROP-056877,156.63235536041907
PROP-081014,76.92247759365424
PROP-025139,61.09756124331249
PROP-019509,271.43438722688296
PROP-070861,311.2672490575803
PROP-022633,26.028912176697467
PROP-068215,73.25593029013044
PROP-057494,150.9196784007208
PROP-010373,95.54157036403272
PROP-037594,152.5806874443475
PROP-080825,57.908869006152635
PROP-010043,85.46381799843088
PROP-039986,135.58539793603705
PROP-090279,73.83460043195888
PROP-067355,223.5539544735818
PROP-043767,263.13201579776285
PROP-006209,23.04603910565944
PROP-095129,49.70087134671115
PROP-083407,321.4281661696259
PROP-068631,46.5198832753334
PROP-019316,95.30738207080573
PROP-072651,93.00577998624848
PROP-081434,-2.7580124308695275
PROP-088193,180.74558682965227
PROP-033908,264.54177728640263
PROP-088813,201.93245708525149
PROP-010490,40.962974212172625
PROP-077286,-32.54759429633237
PROP-013176,66.18340623268976
PROP-054817,162.94246794553803
PROP-028916,372.5705908688897
PROP-056392,108.41060744388349
PROP-047713,161.07892950299026
PROP-030768,88.8970509015451
PROP-008993,67.75748479250134
PROP-033784,63.508762477371214
PROP-098720,39.91870760915457
PROP-082923,40.479428032293896
PROP-090215,40.71986386123037
PROP-068718,263.72794102716114
PROP-021111,282.1643809713857
PROP-041906,336.7160051378429
PROP-028267,57.171397910843574
PROP-075659,114.53272241365838
PROP-065875,163.32733439418496
PROP-045984,113.90818512547851
PROP-093987,55.00557316645896
PROP-054702,337.04237958001704
PROP-019875,16.719652873833827
PROP-014130,66.12276291276778
PROP-098784,-5.247105353568784
PROP-012418,-59.944251355707884
PROP-001565,206.91091652291024
PROP-000798,86.71755499080588
PROP-030270,258.8357867244418
PROP-055761,356.3250972992573
PROP-024142,11.23318142705726
PROP-022687,119.27257239512912
PROP-096636,372.3809031870728
PROP-067190,129.95634539086
PROP-009137,74.2808826078805
PROP-064588,277.01469618000664
PROP-070175,287.9945472130088
PROP-089167,110.0331651319834
PROP-050785,150.03281242204716
PROP-098785,235.10843470728423
PROP-089125,302.2555505263813
PROP-090971,319.6630795606997
PROP-078007,56.18450493977733
PROP-008892,20.35494805030946
PROP-007910,216.71774790563333
PROP-000625,356.57158414423026
PROP-081765,35.819150229721025
PROP-005676,-72.13032898449092
PROP-059195,54.49054783140579
PROP-060455,380.4651288739292
PROP-042931,300.39107997520154
PROP-040025,39.818773466855106
PROP-057533,17.172004535672603
PROP-094746,59.62052621234369
PROP-031891,363.75123787926253
PROP-062514,289.7522904384157
PROP-025122,317.9152694231559
PROP-048906,130.81227922384699
PROP-098528,70.17662355287948
PROP-036667,286.7668323025283
PROP-020748,106.12946411552211
PROP-063674,126.45384742523294
PROP-082893,48.76877874198724
PROP-089483,343.8277006486795
PROP-062554,99.3494715548325
PROP-099679,62.84184821450205
PROP-037688,29.189440601297385
PROP-020342,352.79850115996874
PROP-077799,46.92981927941048
PROP-011124,34.7409801590644
PROP-073466,162.87322354744023
PROP-037573,158.8922485516993
PROP-068029,223.87169237095824
PROP-054009,104.56156546697801
PROP-037535,157.11089530771096
PROP-033974,30.994884793409742
PROP-075185,96.55335260529222
PROP-053563,118.07758564571441
PROP-018402,309.8134783645866
PROP-089992,11.397213450210455
PROP-069723,108.1027478644717
PROP-099766,379.5444027774223
PROP-095004,452.3968500555826
PROP-063035,174.3936844080276
PROP-036153,28.06232841420868
PROP-086660,99.6437144794998
PROP-021764,352.499912673851
PROP-087847,99.77666143781207
PROP-016073,19.58508556588968
PROP-041777,55.94358691936423
PROP-077686,23.675344689470535
PROP-037148,376.04510038781706
PROP-080190,99.04168932297661
PROP-030094,308.91329264525274
PROP-028259,-48.71744470023239
PROP-096799,136.9094214891946
PROP-034619,250.12509700274978
PROP-069009,36.28130385463131
PROP-058484,154.85817668294857
PROP-098673,295.84474503007164
PROP-095039,120.26372421691903
PROP-080842,197.83083229737315
PROP-058771,225.18620298620536
PROP-003175,-15.693625715597223
PROP-017929,205.81339466647495
PROP-033051,112.70624884400262
PROP-031756,129.0421526246095
PROP-088335,155.41128882015641
PROP-054286,179.55367168124533
PROP-055706,48.97497784777027
PROP-056237,206.0938143800697
PROP-032714,111.00613647504385
PROP-055010,4.948619738629814
PROP-008261,76.18498537698036
PROP-046003,320.73678456123855
PROP-041138,221.4717867542616
PROP-038807,16.201830494285467
PROP-083297,209.11271529189457
PROP-056654,6.1961068072054815
PROP-088483,271.8788708647752
PROP-057260,-49.140757535048664
PROP-034257,79.67032865630216
PROP-023601,102.6060566505987
PROP-026764,-16.332586581529757
PROP-021106,161.8642168311958
PROP-056719,84.11750401655394
PROP-007509,6.392541093427193
PROP-014507,49.04052783153733
PROP-047493,172.62907892772142
PROP-060823,19.40353692593429
PROP-070403,66.405455838403
PROP-094218,-37.39455606809088
PROP-021762,219.09107594559885
PROP-052167,125.28155859274128
PROP-098572,-19.27821556122155
PROP-015812,121.00047212274224
PROP-059060,324.668904367281
PROP-042169,140.61625043743373
PROP-030259,177.76161124952736
PROP-081450,205.82510373825644
PROP-089025,109.78392450604434
PROP-053699,12.860949917675995
PROP-039088,62.02191108351248
PROP-069212,86.54407097207421
PROP-055920,105.64125526293903
PROP-004441,73.93685068775947
PROP-031428,40.74049411598193
PROP-074281,478.9146668097891
PROP-063355,23.062703204600354
PROP-056026,119.47251384529832
PROP-040954,39.073972863528304
PROP-099456,-6.285850640101728
PROP-029621,211.80357396694268
PROP-053556,96.56597360718256
PROP-029318,106.4361514005355
PROP-078249,163.90955824561252
PROP-073977,132.42285950418022
PROP-020614,29.74717087787667
PROP-007307,258.8112650721203
PROP-092692,268.75143622952265
PROP-012705,48.29124218256033
PROP-005343,88.97128828182991
PROP-043268,61.828340029627824
PROP-015057,172.5903391468474
PROP-084950,405.79034499578955
PROP-042199,135.1131856152498
PROP-029933,147.79398472686935
PROP-065180,385.7411862318531
PROP-047632,276.2883366134165
PROP-073621,154.47737427962835
PROP-065882,325.26140209959925
PROP-034968,73.88069338818423
PROP-048970,295.8031010498368
PROP-003351,-43.58658247598231
PROP-092218,215.98738750041832
PROP-077278,257.3648189149658
PROP-067068,217.94642524249417
PROP-024711,318.74863059296047
PROP-037823,-30.94043605586652
PROP-030098,174.77355409600972
PROP-046125,85.71929504644541
PROP-077390,75.55648255306693
PROP-090667,64.139258283847
PROP-048349,425.4945707935258
PROP-095865,-9.269280741943327
PROP-079361,74.5338474130713
PROP-064767,60.77340057135821
PROP-067093,-38.08635252264273
PROP-053085,289.69599861832916
PROP-025548,101.61769566280338
PROP-031217,117.69753348243026
PROP-075458,57.00693237621614
PROP-002778,113.78227373874142
PROP-033617,-9.87808378795448
PROP-041612,-43.76250527754318
PROP-039496,100.69398468353336
PROP-066834,107.04053594985086
PROP-074338,216.76503977102138
PROP-010303,37.358851467668416
PROP-055783,16.880087637538693
PROP-044109,-33.1226460922547
PROP-005914,206.32246847823393
PROP-010843,227.19215119956107
PROP-003030,185.82810513429865
PROP-047979,144.8383817764684
PROP-065832,314.4043876755862
PROP-086760,108.41770259881932
PROP-030986,38.691732194722604
PROP-003404,67.31773329016534
PROP-057417,294.3725144646147
PROP-091602,46.782745974623715
PROP-018491,129.9459949363575
PROP-031965,144.07916353090775
PROP-023507,245.7466142604847
PROP-058020,-8.763084511339128
PROP-036538,103.01618740500163
PROP-067917,33.617312354196024
PROP-023416,422.78053639827476
PROP-050669,81.79949936179159
PROP-099687,208.25813060458643
PROP-085765,186.87160071800588
PROP-085314,40.28444347465073
PROP-059465,50.43204737657385
PROP-017498,292.48037824892265
PROP-093474,115.6980266759374
PROP-053573,275.83512525659154
PROP-097326,171.82617714140582
PROP-053132,374.6368724270564
PROP-034024,220.83958129627558
PROP-045845,50.25304295386868
PROP-043326,32.406738046734326
PROP-089373,95.93796504445855
PROP-099230,77.17072842550783
PROP-070907,146.30534618512618
PROP-057366,259.50846138073507
PROP-051056,60.11092411925372
PROP-095209,308.6014240615984
PROP-091905,44.82896719152046
PROP-070102,206.4184355338964
PROP-069252,199.85808751446484
PROP-005429,106.68022350383927
PROP-043877,233.23745604087543
PROP-062495,173.9351382041322
PROP-054644,173.2227875662266
PROP-047071,151.66606021992504
PROP-029597,128.74919779242774
PROP-043419,210.64674304735686
PROP-043607,359.3358226358408
PROP-060505,17.119961904798906
PROP-010526,60.32176536488943
PROP-016193,62.58328919414685
PROP-045976,32.30445249617604
PROP-037850,90.62940317383882
PROP-065310,360.2813450606774
PROP-010456,73.15693388426641
PROP-003375,7.3095487265591705
PROP-095810,103.16017036312519
PROP-016159,219.93744504266402
PROP-092922,140.62573571204086
PROP-005861,58.8555048320502
PROP-097921,250.03343496394143
PROP-008754,214.86915054914877
PROP-058402,32.70739251662603
PROP-059254,49.117929499808355
PROP-044663,72.63639944400975
PROP-096068,52.76947635735794
PROP-042079,279.34460226155915
PROP-091371,72.8331697775613
PROP-072440,73.0658609297967
PROP-094979,30.257791395756
PROP-049826,138.84285097502183
PROP-029913,-21.159694144296672
PROP-056649,143.11131579825314
PROP-019574,232.787391848388
PROP-006321,-14.146721513089433
PROP-063084,247.13345960946663
PROP-039402,71.83762621428203
PROP-075051,332.08757289514375
PROP-060168,210.26098095172085
PROP-069288,10.215802719481776
PROP-057109,109.79385699004929
PROP-030944,384.09314639394347
PROP-065904,106.81720428142071
PROP-065674,117.4467173139987
PROP-042409,221.48363367456489
PROP-067905,107.0571879691847
PROP-072601,79.36769756908308
PROP-037950,134.09955729373365
PROP-076900,134.78888466927
PROP-030794,134.5316504026484
PROP-042493,73.13370858145655
PROP-064528,283.5114139100181
PROP-042123,109.69641207447415
PROP-039563,43.6624189320903
PROP-060346,215.76707607269606
PROP-020761,86.23486428053197
PROP-097868,164.23341141024886
PROP-000119,38.930181984659384
PROP-064027,277.53022224557424
PROP-042186,134.22122300268958
PROP-028779,118.04552327629659
PROP-006908,107.70846746631504
PROP-081665,66.07974262260808
PROP-050456,141.02618990819693
PROP-094909,84.7967946380614
PROP-052902,83.57162912670158
PROP-007770,16.26309759278754
PROP-076769,272.13407464344715
PROP-062452,286.688987556446
PROP-031360,227.93719539952787
PROP-085963,213.57341639752866
PROP-078958,147.19878682542657
PROP-071042,265.89196481691556
PROP-079444,155.90294922455385
PROP-064535,184.35450985333836
PROP-080963,139.3546022455296
PROP-007275,158.20907327105715
PROP-057935,158.53106416421429
PROP-038417,338.522896706331
PROP-021491,94.94768754868728
PROP-074653,130.01326234490324
PROP-070255,107.85604250575575
PROP-070997,228.96056450510542
PROP-077467,85.82413698137954
PROP-020734,-26.727910574473633
PROP-049968,36.8022572323864
PROP-026879,93.8461757683929
PROP-018617,126.05089362366176
PROP-052806,256.58111160164276
PROP-043919,67.90055257299147
PROP-088369,273.25344952701994
PROP-062279,34.57027873779134
PROP-022634,395.24136651725104
PROP-079599,86.08931482309572
PROP-035441,334.8203571846216
PROP-002351,61.41156405108943
PROP-059813,63.284196238996465
PROP-007035,104.03201827079873
PROP-039346,-29.13807564364526
PROP-015927,24.96243513497377
PROP-080285,301.2804875379558
PROP-063811,-3.5416535894024648
PROP-064620,237.1312621533989
PROP-061670,163.04917190653828
PROP-019361,-12.366522209160156
PROP-030358,80.66324056438799
PROP-032864,281.6188551716027
PROP-075126,178.47987484311213
PROP-033813,379.2786932061513
PROP-057346,239.21561250307457
PROP-092716,172.47360279875926
PROP-052001,62.79118806427786
PROP-025211,-24.82365485873494
PROP-027364,165.73002239075336
PROP-068879,-5.794346288760549
PROP-074640,36.230771539283765
PROP-093812,104.2367795417033
PROP-056497,331.1952083125555
PROP-007327,121.54750850824695
PROP-087249,110.01283957960374
PROP-039697,85.68286797615883
PROP-066271,121.56430676709374
PROP-040083,106.20998514182207
PROP-000240,272.7920146030436
PROP-063705,384.212743330689
PROP-066846,224.98265995180333
PROP-064237,176.07649674996907
PROP-035599,297.3539613043478
PROP-075604,185.58379441694765
PROP-060097,69.49211355580036
PROP-092531,386.4198160085982
PROP-078031,231.11340704656837
PROP-077207,27.032607882430945
PROP-019093,178.6171273210433
PROP-047438,74.85125972850553
PROP-022462,278.1517615840228
PROP-013431,272.75030684217586
PROP-022944,105.50521327132793
PROP-066669,189.67102200477876
PROP-046017,228.2089201816651
PROP-066504,37.93960840266365
PROP-035573,227.60981013937186
PROP-002323,271.1929850356788
PROP-016056,372.10099781224534
PROP-097246,301.9864706999204
PROP-043294,165.86682503507694
PROP-073402,51.63905607168803
PROP-016166,155.95650284717385
PROP-062350,347.1448784350657
PROP-006295,-0.7941919955886068
PROP-024468,56.55404143478749
PROP-042206,105.93369902857069
PROP-014033,303.56267991668466
PROP-067245,140.14542562347833
PROP-005409,302.58727259129387
PROP-091406,295.11448952145656
PROP-099290,350.2981918859514
PROP-087199,99.39146556267015
PROP-063848,231.03894253743462
PROP-015075,213.79365391114325
PROP-043313,300.54772049324544
PROP-008990,105.16561397750111
PROP-091980,-23.25261828663428
PROP-085714,155.98113409641718
PROP-042248,39.20238527628908
PROP-021519,253.5712264642692
PROP-050594,22.17850984289037
PROP-084274,17.47201899065321
PROP-049881,10.285759769672289
PROP-007004,93.53787068777152
PROP-085478,58.18760963933095
PROP-019519,79.9089743291255
PROP-054682,165.337007328685
PROP-038069,132.5335594021804
PROP-093992,199.42910553778373
PROP-033777,169.11655626262362
PROP-046019,184.1244044379278
PROP-056601,53.846708857566554
PROP-032184,57.59204096199535
PROP-030112,48.053772873893635
PROP-073316,89.74760386817964
PROP-000650,84.90225735386147
PROP-032941,368.60821679169015
PROP-026959,312.73081405966536
PROP-021178,-46.46946830704833
PROP-004114,33.575146109397
PROP-082116,292.43512405964213
PROP-080166,201.8943558322004
PROP-012644,67.93312578870729
PROP-072874,192.16135157595454
PROP-011554,136.4405227683046
PROP-001035,28.383457371620977
PROP-090999,121.19169969830955
PROP-082264,265.66328740594537
PROP-071701,70.96516942517616
PROP-010346,294.27430748151596
PROP-040207,54.0776578871457
PROP-036708,195.95549914709912
PROP-053948,15.13255025806967
PROP-005259,291.25827902215065
PROP-064758,95.41168941327591
PROP-021013,233.49751484803863
PROP-065473,57.69140387469244
PROP-093454,315.58805234587334
PROP-091057,103.65877206322102
PROP-012384,73.84155061834844
PROP-055297,261.93500409001825
PROP-034517,92.50845596982215
PROP-075817,232.87479330737247
PROP-093013,41.957188725888486
PROP-087624,289.3285677557333
PROP-030792,158.0642916783358
PROP-030215,277.67405875767145
PROP-051663,198.11692030644863
PROP-097951,74.1918334494192
PROP-047912,265.62614750087243
PROP-017676,178.79164548615478
PROP-023628,14.240904420493333
PROP-028375,20.367478199640235
PROP-042210,24.833010819652568
PROP-023064,-54.018084422560435
PROP-063801,28.159490876286263
PROP-082299,64.29409140908606
PROP-051825,26.563392297757638
PROP-059622,23.540533901886093
PROP-009949,95.50958949305384
PROP-038496,57.392435900035224
PROP-095989,42.718265775650764
PROP-087104,26.305873355883982
PROP-012825,98.69040416333625
PROP-027324,47.931114360247406
PROP-091994,73.78918453073385
PROP-051197,68.55418500773146
PROP-041840,40.790859244606764
PROP-022917,0.7093212719927493
PROP-066837,250.54134187105518
PROP-081738,-32.2762460503747
PROP-058978,200.38290894578773
PROP-017975,173.67519455908408
PROP-070126,171.98939508660828
PROP-041180,3.5200581016756844
PROP-017798,102.57993559835954
PROP-023539,7.767723175927439
PROP-059746,273.96726522733115
PROP-058615,73.07919122571197
PROP-057487,265.1782293297294
PROP-085601,-34.96079906940384
PROP-092386,52.14537525638136
PROP-056121,274.42666882569665
PROP-076869,201.97320697207036
PROP-032380,370.5563340383009
PROP-002553,-60.403500498929354
PROP-090232,108.72584846465148
PROP-082002,-19.21797988485585
PROP-031267,18.509729903009653
PROP-096182,252.34032835548885
PROP-087618,231.8979320922714
PROP-002985,125.17546509968557
PROP-024108,353.60024450705714
PROP-074679,59.24638310676685
PROP-032774,47.4317132010711
PROP-016901,90.42737258998893
PROP-088010,81.78886995258723
PROP-089270,78.30768440426354
PROP-074898,31.65144805704933
PROP-035987,227.5044411238307
PROP-078033,213.6811306779089
PROP-064002,221.95588337296866
PROP-039311,210.40050939583875
PROP-013726,325.00426544407054
PROP-027296,579.6308366934801
PROP-022281,59.58878752589851
PROP-055690,149.0084083190703
PROP-051315,303.7104329777704
PROP-058313,259.3017666421284
PROP-091090,52.87734095228416
PROP-070793,281.68925383460487
PROP-010572,58.85939958163853
PROP-040388,265.74351179831774
PROP-060631,60.13246550764745
PROP-018616,238.82551208156946
PROP-069026,85.71102677155797
PROP-053609,298.901680057567
PROP-065150,366.52588378600086
PROP-014905,243.87537482849396
PROP-013866,46.77101321777006
PROP-062761,53.17922208851803
PROP-060579,226.6047121956379
PROP-039660,139.19316609057756
PROP-052359,170.53965461333283
PROP-090719,81.16403420199484
PROP-082990,325.3065608985564
PROP-017569,37.894330042478146
PROP-089506,96.5318194650085
PROP-096202,174.469675558581
PROP-005631,151.917513816675
PROP-084263,10.274698219070281
PROP-084898,26.79571585351357
PROP-092107,473.71420696411536
PROP-073169,242.26673603987268
PROP-038377,309.5029868369375
PROP-094007,10.442708743707009
PROP-004084,61.48598657490121
PROP-037668,237.55419851355742
PROP-052645,130.52016781543216
PROP-036431,181.8730020323281
PROP-072447,513.3691707120632
PROP-042557,376.9635478673735
PROP-014973,28.401481399318975
PROP-054262,50.98135710483534
PROP-066146,11.835597988358167
PROP-008378,28.842547124533787
PROP-042756,-49.59177626555985
PROP-075423,54.91319663511784
PROP-034865,17.240343834138393
PROP-079020,88.97084739856034
PROP-016970,36.93387579224874
PROP-089669,83.606409084313
PROP-059291,39.73410953183643
PROP-095251,366.2583436280627
PROP-012244,181.02335290480158
PROP-006824,67.74882356478767
PROP-059112,44.27768285134461
PROP-078106,151.58596876058937
PROP-038335,243.38022688486762
PROP-023085,212.33505488717861
PROP-029459,24.93755303978831
PROP-041710,75.93447842513892
PROP-087671,22.123619332389485
PROP-003900,79.83598402836992
PROP-069583,96.97704589901369
PROP-084675,380.1132248098281
PROP-005959,30.947171695816095
PROP-016951,35.247635211524454
PROP-069363,73.54857584866387
PROP-064709,121.56640839468054
PROP-046004,87.18779069623548
PROP-016759,164.72728122016255
PROP-032090,131.06838445759792
PROP-012329,7.0922521243754195
PROP-082423,311.23576582978205
PROP-032149,237.46216223895857
PROP-038154,181.8310670360077
PROP-018947,248.42257704404184
PROP-040981,-10.487483738359614
PROP-082730,-2.3909373536463328
PROP-093866,392.68281441923034
PROP-005949,484.45510778123435
PROP-015733,55.07417569169604
PROP-074958,66.22155770879147
PROP-062643,87.03660600794883
PROP-019624,235.69310827882714
PROP-019763,297.5000408853226
PROP-062789,-2.5201574499552617
PROP-034761,186.83348047547122
PROP-056235,67.85213036718973
PROP-097825,306.2183660694581
PROP-064734,161.52448048555163
PROP-044234,187.89853894477076
PROP-049683,57.86847926383619
PROP-046612,81.46752683230343
PROP-036354,36.68081552809279
PROP-089672,409.5126715938118
PROP-050751,362.0645478105014
PROP-046155,50.14359548027082
PROP-066017,81.17786702720338
PROP-095120,120.8741447954716
PROP-075101,272.90327971653437
PROP-095017,-87.08693087923855
PROP-041981,255.98223550394334
PROP-061964,184.4590811795061
PROP-035453,133.77231497340404
PROP-052244,44.172237409536464
PROP-080981,-2.1299813837102235
PROP-038877,64.61465960839246
PROP-055462,2.5027344817493784
PROP-057278,234.68990251808953
PROP-082122,-5.851387221605313
PROP-071872,122.70272277180602
PROP-045321,95.19268562665206
PROP-053047,90.26199455279384
PROP-054062,28.43736274523144
PROP-026483,112.98806776240349
PROP-023292,97.51626282107571
PROP-058486,148.45857722785743
PROP-084566,145.87195139529055
PROP-095514,42.33992714465502
PROP-099441,31.826192182050832
PROP-011150,99.7198045776555
PROP-021076,64.16831950152184
PROP-016898,182.90685625189695
PROP-062030,175.97727135233023
PROP-066748,148.20421866099088
PROP-041287,382.14413842994054
PROP-009403,37.68069305499879
PROP-045040,83.00472943410865
PROP-054072,-94.09813983808695
PROP-013306,58.14851175426628
PROP-058759,253.48852274170096
PROP-086554,40.518835102755176
PROP-002578,308.89843982913
PROP-045712,100.98059724154801
PROP-078255,102.38125261126507
PROP-014837,43.02854123214406
PROP-053600,83.98079702862378
PROP-091701,172.47524287474565
PROP-011116,181.536446420784
PROP-047422,311.6449200030349
PROP-032836,97.73737297843475
PROP-057422,283.48530000056263
PROP-059123,96.68526411298355
PROP-050089,302.94264146086675
PROP-058066,38.50957273782241
PROP-017784,56.84601263614129
PROP-055121,42.17867592418202
PROP-043262,-0.36284379075872053
PROP-014127,90.31704586586208
PROP-076434,365.99683263200575
PROP-047953,20.491683311215287
PROP-018809,48.53183737324426
PROP-024972,153.9177419651932
PROP-039291,100.69832205340202
PROP-023671,73.8713587730371
PROP-003910,18.42954629061587
PROP-053652,-67.56084507694784
PROP-051902,48.39946518212211
PROP-063734,121.69298126984268
PROP-050407,307.10235182499684
PROP-012982,122.63498714192653
PROP-004517,38.13379845396164
PROP-006004,61.79810782387972
PROP-062178,53.24333779642834
PROP-052967,44.41265898925547
PROP-080877,280.97094843335026
PROP-013742,49.913555817261276
PROP-010041,263.1316239899683
PROP-063188,313.5331889112963
PROP-014089,126.43689494732386
PROP-042955,45.9353126944339
PROP-028804,0.8350468655300602
PROP-002978,283.6464528009665
PROP-031420,75.44942566704854
PROP-043316,172.89978959674121
PROP-096012,80.7805892198449
PROP-053103,173.29395091542614
PROP-002329,242.24557697337335
PROP-029472,42.00717023132919
PROP-071966,115.22896995582386
PROP-077665,110.80587134742146
PROP-041970,202.0794224547692
PROP-056550,2.426088764754086
PROP-002142,135.60965294056766
PROP-047320,54.575259265062655
PROP-068533,120.17621994985697
PROP-070508,68.2728617758967
PROP-047345,126.02783439918937
PROP-016352,109.96008950661994
PROP-004934,-21.82378475837841
PROP-076258,306.7307617311026
PROP-055197,44.45412107232978
PROP-068043,301.64405936129447
PROP-080434,70.95322175501428
PROP-034364,78.94525740952614
PROP-039544,342.92485710436296
PROP-069679,240.89378923861534
PROP-052409,-50.04018785308396
PROP-077148,-19.77326875716257
PROP-038889,182.96577504772293
PROP-027417,34.37532539838989
PROP-033046,175.60591159802516
PROP-049016,85.19118648403054
PROP-064895,341.23232918125285
PROP-012466,-4.395765349193326
PROP-060050,23.973035718975968
PROP-081321,123.69114130619349
PROP-098409,96.83024916850117
PROP-048240,60.06758535845434
PROP-045583,127.38224393604652
PROP-025653,289.0611989698376
PROP-055247,55.84899530795369
PROP-049909,143.72353933483475
PROP-062182,-18.05932200504365
PROP-062048,294.2423456586057
PROP-089898,70.82475345092648
PROP-078707,366.280904893026
PROP-060798,117.84322719313029
PROP-088131,26.183898652811283
PROP-094931,49.98891949962864
PROP-097248,261.5532323439723
PROP-035249,245.96035459259264
PROP-064568,144.12422248819922
PROP-014103,91.31922031957633
PROP-003734,82.2222056739313
PROP-063909,101.43892271759772
PROP-075460,192.09946801272076
PROP-067811,208.9557246329343
PROP-075388,223.3198249749745
PROP-079452,-0.21335875845431929
PROP-064691,149.51757390654478
PROP-085814,80.6415574736437
PROP-030154,337.78623764895633
PROP-074772,437.09128279618534
PROP-020030,115.7296706743088
PROP-017489,6.168901700546974
PROP-078349,-27.52532357164946
PROP-083897,78.66494378541272
PROP-049249,66.10258259070102
PROP-077677,122.70634974935987
PROP-018651,-43.70233748430258
PROP-069595,38.227817293020905
PROP-099069,173.52524579342514
PROP-048005,107.09271815699702
PROP-051668,145.61787582627886
PROP-063130,-16.68022666249107
PROP-074077,-66.5290245554933
PROP-002230,67.19657339145377
PROP-049933,79.91045341832563
PROP-020481,286.14312660092696
PROP-096966,123.63571872396307
PROP-043668,312.90397623077
PROP-059842,78.54498913740868
PROP-091831,173.98091846344553
PROP-090255,231.15549085452477
PROP-069382,105.1883402487087
PROP-016548,263.56534271144676
PROP-092493,42.13919680762312
PROP-012051,217.86489037730817
PROP-017779,91.9735201515395
PROP-058823,579.1492756073786
PROP-097457,485.9050683743374
PROP-089755,117.6915091466194
PROP-041175,303.2167512248524
PROP-014221,17.465141019537754
PROP-042942,284.2853659976559
PROP-001993,-34.893375562763154
PROP-036610,24.84293531756555
PROP-090409,321.53862098656305
PROP-094052,375.88179243124716
PROP-096429,363.9074292166624
PROP-020764,-17.14078371828942
PROP-052202,136.89052900781442
PROP-029814,362.5826529700467
PROP-078209,110.14021507928454
PROP-054880,243.95996502918507
PROP-034280,4.142295817211625
PROP-025316,95.76585941690959
PROP-064522,327.3272751292673
PROP-093768,-29.85725664675388
PROP-081382,224.01368775678486
PROP-071992,16.692152699451146
PROP-072703,82.42215830467899
PROP-085936,157.61339324416784
PROP-046239,-56.2094159368319
PROP-041195,220.12118527314675
PROP-041038,324.9756480112744
PROP-038337,62.6054020265161
PROP-024916,28.046108553807446
PROP-021932,185.89041462466338
PROP-036058,226.9939013982133
PROP-003527,180.071190870491
PROP-099207,-4.735751981362032
PROP-048998,284.3719009466659
PROP-010191,44.293917597657575
PROP-016487,174.40515786765357
PROP-046279,10.630554511297618
PROP-073706,24.865612379513806
PROP-034085,320.1799751545939
PROP-040873,292.68423888473285
PROP-031564,95.23485877407576
PROP-079810,-26.541995370057638
PROP-043577,227.43499984911494
PROP-062617,3.802148132885705
PROP-092709,161.77532974247015
PROP-041330,291.1221880997728
PROP-078042,28.48002755481034
PROP-046102,-32.68172292391378
PROP-040939,20.1744636669183
PROP-084824,15.633401222129196
PROP-033192,293.39013637208143
PROP-028647,263.2757461486844
PROP-047758,269.634910560702
PROP-055505,40.74020940306798
PROP-055764,78.39379935708854
PROP-027236,169.89055520491598
PROP-021569,-3.03365008620914
PROP-036486,125.13463115741224
PROP-060378,134.4886118566193
PROP-046420,477.3295936167165
PROP-093749,270.4206501043994
PROP-064236,27.545634602226993
PROP-076015,276.84230906125174
PROP-007144,76.97782696187892
PROP-099549,219.03675410072114
PROP-072290,354.59816447321236
PROP-045113,36.61780986081247
PROP-050697,5.030226877275393
PROP-056708,115.80668899213964
PROP-088102,301.6854844105941
PROP-067691,135.3198259893943
PROP-091367,90.03248149530917
PROP-069971,161.29171024443647
PROP-095617,-16.94634476762542
PROP-035975,210.99366864526206
PROP-015247,28.30226045939488
PROP-004380,394.05553420929573
PROP-022016,158.41592315010928
PROP-017940,243.41308324982413
PROP-012491,106.77233787503197
PROP-011970,303.4244798089086
PROP-017036,142.314691650047
PROP-072345,154.704532412275
PROP-049430,-2.197054670046068
PROP-040259,240.64302852605425
PROP-010952,93.74445375454503
PROP-047821,58.65579033365933
PROP-090957,255.3834502702276
PROP-022280,293.0217099334438
PROP-096138,380.08025337440415
PROP-038398,10.795266779206557
PROP-063297,180.35400967463005
PROP-039473,89.108837110092
PROP-056937,271.01987970656126
PROP-079320,80.96555774790149
PROP-095875,80.23992431546105
PROP-017122,123.44414203598407
PROP-026236,324.44879589185837
PROP-098336,230.11357642009625
PROP-046185,68.35243536020197
PROP-069310,-18.552091985485617
PROP-071311,116.34881203142713
PROP-020082,43.01698819699349
PROP-042269,96.10383690087212
PROP-008780,276.98971589805217
PROP-095850,283.88038316162783
PROP-004118,359.6323993293205
PROP-081733,111.38752438936399
PROP-001703,463.1675251115666
PROP-049783,21.412268638613284
PROP-062744,281.5458363293827
PROP-075490,85.20078137838978
PROP-006709,89.75725674629362
PROP-025189,267.23702390197593
PROP-078167,0.08915041554984882
PROP-028075,4.355850094959879
PROP-001815,63.17679385391293
PROP-069462,-26.06733932346397
PROP-077316,15.910678363092494
PROP-012556,261.93901496343216
PROP-042678,119.9401613639313
PROP-032573,193.6238449848907
PROP-044269,106.43256491732464
PROP-096034,200.63812340448663
PROP-034554,39.310619586609846
PROP-092947,96.36756534480966
PROP-091178,85.0764389363432
PROP-026183,164.85797936450894
PROP-030904,86.23142914137448
PROP-078510,364.8414833624156
PROP-044214,477.14605805523615
PROP-000401,264.9750611569717
PROP-062573,116.21100052087445
PROP-033465,35.23550244898703
PROP-053804,157.37817961417463
PROP-036788,397.84706340910276
PROP-054365,57.32952262310024
PROP-092883,383.3436468260827
PROP-084615,198.3012286236179
PROP-025681,270.7294448837982
PROP-088891,387.3297806550413
PROP-067235,102.3867191736833
PROP-079373,257.87599864519996
PROP-073486,187.09898329436916
PROP-075874,175.05257673017957
PROP-075398,441.4178602978511
PROP-056389,126.679727071103
PROP-046278,111.98006865142568
PROP-083935,19.39351495788187
PROP-049066,108.60766742699164
PROP-008168,22.909677057866553
PROP-026422,214.68308049853476
PROP-027565,52.958872081686444
PROP-091462,211.79230587649585
PROP-053367,66.85235235172583
PROP-096529,146.41111769929682
PROP-062612,48.770365473772785
PROP-023177,68.1984440479022
PROP-057093,82.07496845135314
PROP-023963,-50.776141642485975
PROP-073862,131.90726448528375
PROP-081112,369.34108010610476
PROP-011489,174.08198305767147
PROP-093686,113.88001298821419
PROP-091190,133.76866869380194
PROP-091490,48.75035346325528
PROP-049327,334.8372299010317
PROP-090132,101.72868530186057
PROP-058667,211.5716061013448
PROP-016963,-13.439639275476218
PROP-081616,65.05332067330494
PROP-028249,107.84726346628098
PROP-053686,304.47400314432525
PROP-022201,81.62052765911564
PROP-069711,220.15444517139701
PROP-074303,-2.179704692269482
PROP-051178,-7.229584800587391
PROP-053889,107.93897929450642
PROP-084998,227.75024776912667
PROP-084587,179.69007181019566
PROP-018582,100.41646386118342
PROP-081739,119.41517042693971
PROP-060908,176.41067356416065
PROP-080666,110.1290709948289
PROP-025504,290.8621268269509
PROP-096222,116.45568993621112
PROP-080523,95.2867869443219
PROP-026395,70.35062996997965
PROP-081451,79.11919622568884
PROP-022480,55.27991696484352
PROP-036699,117.37365131396831
PROP-070351,375.2877920476022
PROP-094405,25.949554024673567
PROP-065926,57.95719536716115
PROP-052635,140.8223772190202
PROP-022043,258.75274854489294
PROP-001153,55.84331439392297
PROP-012820,93.85474941952245
PROP-022957,331.3402782174645
PROP-022507,99.41504006983703
PROP-080671,277.2108267955187
PROP-044696,143.20900400108144
PROP-026488,-9.021138778703156
PROP-029288,277.7932756042945
PROP-012306,402.0004391218715
PROP-079367,-14.34000427814895
PROP-017045,176.37518544585603
PROP-000028,205.30480638588585
PROP-092209,105.1164285797754
PROP-063571,277.56708286323067
PROP-061638,295.68326218776417
PROP-034885,-47.408812148089986
PROP-000479,44.59826010010319
PROP-002217,-55.86627442395686
PROP-003318,301.0757977264125
PROP-082859,301.59072625081785
PROP-068202,88.81374857247657
PROP-043967,340.3863979241881
PROP-057812,257.75893084338156
PROP-070577,18.047286774832898
PROP-054150,23.40295665833977
PROP-015086,-11.2500064064003
PROP-041046,78.99302115209048
PROP-088072,160.18490438453324
PROP-017426,-6.438530859407373
PROP-048979,164.17073337287587
PROP-051113,175.76943594143316
PROP-096393,10.017784177170283
PROP-089195,197.40203574258678
PROP-074074,249.87958406798018
PROP-008907,90.13750746406056
PROP-022233,-4.100618212234249
PROP-090790,5.371703818238709
PROP-049373,268.23275905229406
PROP-044926,147.13147628571483
PROP-053339,94.51789807649848
PROP-030378,311.514220465997
PROP-026615,414.5408976744019
PROP-067755,88.57107560700953
PROP-019462,137.99156380464993
PROP-093748,39.49726688460298
PROP-017015,71.88435663585454
PROP-059649,209.42999643233213
PROP-009919,16.50737185940232
PROP-005026,144.5032502538649
PROP-094191,33.425055706765775
PROP-055623,61.349191170049345
PROP-098967,123.58294402379212
PROP-033334,105.61417979665939
PROP-093369,99.93370872279309
PROP-044459,119.17109890446112
PROP-046806,181.2257173285517
PROP-037334,112.27685304457789
PROP-064275,151.28935483440344
PROP-090914,150.467006101322
PROP-096239,28.13775601577538
PROP-093789,162.41661424819824
PROP-063262,267.63782953821817
PROP-056423,237.38960919199127
PROP-031089,372.2842626826084
PROP-041594,-18.56470345493935
PROP-003895,3.6506118523105187
PROP-081584,62.79706071757538
PROP-037311,-24.47620115910273
PROP-078064,45.9472327036127
PROP-021669,264.3139977147598
PROP-059113,-11.868437652132627
PROP-042880,455.4971639685499
PROP-024676,41.85614616201599
PROP-094796,0.054446174614340315
PROP-095170,22.060894736355593
PROP-073991,85.45362724095695
PROP-034304,90.6784808053738
PROP-061511,52.3693817447103
PROP-000909,57.133597934717145
PROP-027330,23.018429747808362
PROP-046141,244.53891283378167
PROP-042816,-11.202730328872263
PROP-048470,72.25491365124095
PROP-005480,226.6791653782185
PROP-040688,321.1686612048003
PROP-093654,117.81855744094644
PROP-033130,182.84533267670363
PROP-035502,114.47280509380613
PROP-049496,252.7608572451399
PROP-017140,65.76089073080055
PROP-050818,114.11509799776792
PROP-018157,224.93263226160457
PROP-007721,172.6265606328841
PROP-001482,108.26064556694925
PROP-028992,224.56797638405098
PROP-003140,245.05142027875812
PROP-035126,354.4052941548627
PROP-008047,205.4970328828359
PROP-094488,137.2355484000684
PROP-019733,73.91325531479286
PROP-024371,57.40406796932342
PROP-018206,54.65918648743599
PROP-075257,33.264083786136645
PROP-087156,114.34920199683582
PROP-024965,312.546909923243
PROP-068393,19.862349761699914
PROP-051760,20.2801139305698
PROP-037180,246.1843430715465
PROP-010845,410.3099091192064
PROP-027174,54.612145049468126
PROP-024640,483.60818449250905
PROP-029599,156.31752626022023
PROP-046498,126.39839245381121
PROP-095790,42.82006520668256
PROP-067208,332.3172434451229
PROP-010558,337.7606777343942
PROP-053517,112.81743218750526
PROP-050521,62.69817760999382
PROP-095172,232.67095665260624
PROP-066706,462.2303167729821
PROP-069692,241.32617067537012
PROP-078695,144.91031869795648
PROP-052118,109.90969338006987
PROP-090235,274.15069745904884
PROP-001553,81.15606865984515
PROP-039549,146.65967923046452
PROP-010711,18.422388818330013
PROP-026607,64.56443535179721
PROP-078743,151.25331286969652
PROP-021248,247.4059298893333
PROP-068444,55.466351965389634
PROP-001480,86.5836557367548
PROP-028028,35.48836289081729
PROP-038487,459.1441999708005
PROP-043042,152.02135317064446
PROP-045265,123.79277257772546
PROP-037622,128.21366700739992
PROP-057721,277.48220783834336
PROP-087722,106.839731274093
PROP-087753,2.6323547719031417
PROP-079352,259.17933502954577
PROP-042582,1.9800243867515483
PROP-083199,244.57639319520217
PROP-028235,260.1448889746597
PROP-089631,96.99618806360883
PROP-043407,17.961745550990322
PROP-023596,351.9814906268645
PROP-022450,79.08253319549945
PROP-074023,54.02922770345252
PROP-044420,166.82367195389247
PROP-071932,203.99573483405604
PROP-076577,224.86662509788957
PROP-028769,5.738306737317995
PROP-018493,98.25692842291815
PROP-079403,374.7706810887496
PROP-036514,120.80870312854714
PROP-073260,-55.366826670890845
PROP-063464,17.491163944293916
PROP-004501,270.0500300490505
PROP-002992,182.6687568894643
PROP-016055,43.07671831490054
PROP-044169,294.99514902675554
PROP-042163,424.37357225312826
PROP-005880,293.1262862994407
PROP-015320,92.72149604547617
PROP-069079,30.027863798076062
PROP-011650,91.31941010628364
PROP-089433,85.39571622910836
PROP-036840,-1.800091136466044
PROP-028027,84.94899261358847
PROP-053575,30.939459030602016
PROP-060632,143.64923970687045
PROP-080770,270.3965578346183
PROP-069609,-29.758377030291356
PROP-039607,328.6957900505214
PROP-079172,100.74324796016337
PROP-085075,56.768812545476216
PROP-088166,267.38595729654884
PROP-037094,24.622929193532507
PROP-087477,27.299965399169277
PROP-081460,66.11734391527716
PROP-070127,384.34188947981175
PROP-034270,243.40659631185258
PROP-096841,45.5898280657722
PROP-096687,82.33564274811955
PROP-078291,101.75437323575325
PROP-016203,112.4802601243396
PROP-040348,271.53434621131544
PROP-045619,74.99927020023607
PROP-073755,77.48971469632647
PROP-052658,61.6938394142105
PROP-087054,-13.153072583120263
PROP-058074,262.3595710664851
PROP-004134,-27.52622894201771
PROP-090992,191.80673863085448
PROP-073649,243.2359959551017
PROP-036223,8.399011736091328
PROP-094247,177.86231479321606
PROP-007611,27.447933732575898
PROP-044379,48.26175220404334
PROP-041466,72.66986601191721
PROP-000226,71.65875983552733
PROP-042764,68.82349236533906
PROP-079861,268.9998097794567
PROP-053274,208.937675548115
PROP-053866,79.34154156109713
PROP-035248,-1.0464184458755668
PROP-074449,91.66244839164959
PROP-051454,41.67073246161347
PROP-003073,612.0362091656709
PROP-038695,39.18002210394242
PROP-039834,104.01662291258631
PROP-096502,161.7668645784226
PROP-045851,155.069941522218
PROP-078517,157.4931572904246
PROP-024079,96.81930965994374
PROP-086969,162.70647041290187
PROP-004581,103.83432204699155
PROP-046836,37.1680947291713
PROP-053675,104.30712497891273
PROP-074906,95.24842458420363
PROP-019091,12.861451210127813
PROP-025813,61.66690301274876
PROP-030105,306.08482424849456
PROP-067357,-11.05911611803114
PROP-018177,4.555202299789451
PROP-022319,60.003548781471636
PROP-057046,103.57521513680284
PROP-002302,131.17448097224678
PROP-052060,425.6242121558088
PROP-067702,86.61968418456793
PROP-032770,77.26751318625104
PROP-099491,417.96810771999014
PROP-060609,139.07045544000434
PROP-000296,182.56745306565506
PROP-034682,61.044391346711905
PROP-092216,19.754762628681032
PROP-055608,144.86892104754816
PROP-074786,106.23569571449436
PROP-084921,274.37165965636956
PROP-051423,33.60344415341271
PROP-009338,-58.01835611783094
PROP-005134,356.9523774754034
PROP-077956,92.45813775342226
PROP-068344,348.260069951797
PROP-084328,19.419617904797647
PROP-070004,109.69449199720229
PROP-000450,58.27837765162925
PROP-009335,12.940467779409424
PROP-057360,90.21515512102616
PROP-016509,51.60303727352864
PROP-061496,78.82699068505556
PROP-013632,158.51166801300505
PROP-081177,129.83961062822846
PROP-077091,-16.34194598750697
PROP-052270,279.23535738805447
PROP-072556,-9.016328201627829
PROP-009173,313.2445482243608
PROP-047313,361.2189455683697
PROP-092509,340.0265869403687
PROP-016703,54.65618823774065
PROP-049612,49.882977463637076
PROP-098823,46.41098841344339
PROP-004195,196.61097947138168
PROP-067873,235.5806245503233
PROP-050358,272.2989109395987
PROP-066747,14.136555817249171
PROP-018769,93.1069981735885
PROP-017628,319.85122262190197
PROP-072187,159.1138165446581
PROP-027755,83.02522254944996
PROP-035218,162.29314195243848
PROP-018897,-45.65056595182091
PROP-007741,117.74248254974023
PROP-051291,175.72670802521088
PROP-038473,117.3612455614035
PROP-096391,123.22977861343585
PROP-068133,51.055894668504834
PROP-038989,38.91713959440154
PROP-029028,106.38072190607372
PROP-004538,302.02141735261347
PROP-064572,122.92732304683643
PROP-073669,90.6596936195293
PROP-015708,-13.645700212895855
PROP-013748,2.219549000593375
PROP-086250,163.48081790026
PROP-001883,-10.144042885753688
PROP-009956,257.07955018828056
PROP-049650,318.1447299930255
PROP-079933,266.7954504539244
PROP-092381,64.86351183063998
PROP-071405,55.45773561667181
PROP-026005,115.5408324216822
PROP-066544,77.14298529935058
PROP-012909,279.31010226671606
PROP-007968,18.868508463996676
PROP-029417,107.42812410348773
PROP-036509,76.36948094568994
PROP-005012,58.32237025429832
PROP-079340,225.42093424164545
PROP-095574,459.36001632167057
PROP-005232,302.7973600476928
PROP-003736,96.60098716597923
PROP-006797,120.89581461752392
PROP-058655,56.63839396508996
PROP-065476,30.99052301191474
PROP-072217,1.626739203041863
PROP-093800,152.74468286976827
PROP-026081,32.58980288858818
PROP-092898,130.0681575189501
PROP-097134,39.754448473819565
PROP-044087,42.67190596591871
PROP-097619,107.62332686508388
PROP-029647,167.3488540499856
PROP-001865,1.5955589140443394
PROP-010523,220.4587063302723
PROP-002839,76.12423981822936
PROP-055234,6.092424638093284
PROP-091933,73.24421195465759
PROP-027730,366.6714334753629
PROP-011708,31.59083833552521
PROP-029056,244.88699987045993
PROP-051969,359.3861132418224
PROP-058928,153.60173189089562
PROP-029680,29.123344477139234
PROP-051438,151.47995952148824
PROP-017083,129.82051053519785
PROP-018549,308.3578225121726
PROP-084757,46.002673651856554
PROP-070658,403.9205855228829
PROP-063163,10.924914856576887
PROP-068586,174.49609104817762
PROP-048436,39.10791133389277
PROP-055788,312.21522657949987
PROP-097993,302.08047064192795
PROP-030778,232.0307333593198
PROP-028676,244.38535379420475
PROP-097618,285.51542536161617
PROP-054860,7.133470474290718
PROP-044615,48.59144302211063
PROP-070264,97.09890384504024
PROP-057252,54.93911839154703
PROP-004737,144.95867527399804
PROP-091213,19.39414712442183
PROP-046508,19.342918124576354
PROP-098600,183.36233380501878
PROP-040949,131.78507349456027
PROP-037547,221.6983404211715
PROP-068593,147.44016434721757
PROP-015598,208.36800083558416
PROP-010974,12.211505899803988
PROP-094550,139.46462417671137
PROP-086898,106.90866677715334
PROP-045633,104.05518718039717
PROP-092419,175.69249656055695
PROP-033668,-26.906589076237168
PROP-085405,124.68328154729937
PROP-099499,252.36026944822038
PROP-036680,248.78837298310117
PROP-030566,-16.359405107970854
PROP-024243,298.00243521785677
PROP-028499,131.0765321149663
PROP-066608,333.29234323466085
PROP-077451,39.72427743634681
PROP-048866,123.22157504920634
PROP-057653,100.86490446334912
PROP-061807,229.42128559350977
PROP-022533,105.15243417360921
PROP-035548,6.3384954769853294
PROP-072680,60.256795244695645
PROP-036050,44.69097662333943
PROP-036493,150.04022563440756
PROP-053250,120.73827752914433
PROP-005250,116.07366928485735
PROP-081282,141.3511110357145
PROP-090137,49.40723663132596
PROP-072742,177.45403751726795
PROP-099808,-70.02245347213355
PROP-010154,20.18671443446399
PROP-017450,350.1349376374145
PROP-018351,189.3036026463664
PROP-039438,11.442804353559339
PROP-048401,-36.079007818789265
PROP-079605,187.5522323394344
PROP-088247,313.7316554018523
PROP-053458,124.98640295968008
PROP-076663,209.76849654671582
PROP-044547,116.40038529403054
PROP-053140,289.8413487214675
PROP-089257,259.68217463927465
PROP-082015,210.57642512564686
PROP-095295,186.73046268035262
PROP-049567,108.36500549408365
PROP-051691,163.73517643475662
PROP-036060,64.58754739449346
PROP-082454,54.62385457245025
PROP-032025,284.5450782988975
PROP-048987,139.21628763377603
PROP-019171,263.18529094524513
PROP-059718,56.48008888162636
PROP-071782,337.273038386498
PROP-046075,231.5906383455325
PROP-070364,12.577974967360841
PROP-033870,86.2270251869737
PROP-081344,133.1412351685406
PROP-067511,50.049134120979254
PROP-015555,120.22967645381696
PROP-090549,17.13762547654377
PROP-015306,387.1147006252326
PROP-010638,223.44427343215244
PROP-091192,34.113373941932345
PROP-049798,263.83498157228723
PROP-041460,252.39484538210897
PROP-013760,228.87939966677231
PROP-071184,-29.358174614969826
PROP-068437,183.90816103095233
PROP-081866,46.50326902236298
PROP-008204,-13.435591171744674
PROP-024212,112.69380383623015
PROP-014928,197.93228422334204
PROP-086666,83.19574949793704
PROP-074436,82.16079738953074
PROP-004433,214.35422495488515
PROP-086828,232.11520089948584
PROP-052770,159.87583829439362
PROP-001053,279.9654314882787
PROP-015924,350.1871115722621
PROP-026413,137.2343696379565
PROP-026896,-28.16499119064005
PROP-012123,260.5074273963757
PROP-064533,57.15739586744354
PROP-014483,199.8787621820918
PROP-012317,123.54609080240863
PROP-091752,90.83734623818935
PROP-096620,53.12999619325639
PROP-059756,7.130166202071209
PROP-014746,-12.134874338876923
PROP-034547,179.85354182652168
PROP-093778,29.379177321041766
PROP-028548,31.56157360241926
PROP-091071,82.80153994072859
PROP-064712,77.0349963692855
PROP-095274,-24.654615545889122
PROP-063908,27.08771808158186
PROP-078883,-78.82849591240361
PROP-038699,175.75194023958926
PROP-083855,66.40933129856246
PROP-066943,41.84793450639674
PROP-021197,198.7014773770382
PROP-031269,173.7724871975355
PROP-061382,146.70479620702974
PROP-056044,61.832896926303135
PROP-094045,109.7600116656426
PROP-085098,60.764389758063196
PROP-036834,14.448414369241727
PROP-068109,214.34302566016353
PROP-058500,174.06883355238563
PROP-020891,223.98218729315286
PROP-043630,148.1536252460807
PROP-067907,341.59859514236274
PROP-089558,115.77914752691007
PROP-054450,115.89149700918928
PROP-036081,98.13474229130821
PROP-043279,39.215331073186334
PROP-083985,111.7133980295476
PROP-095457,90.59436187879211
PROP-029256,17.757265428493472
PROP-032486,53.85761916293448
PROP-027318,1.3996505592242627
PROP-074294,464.0194308069657
PROP-033257,-21.520383131157534
PROP-086895,61.36146824172186
PROP-036121,70.02729580658875
PROP-001220,396.82441593893617
PROP-063699,213.36850972598538
PROP-053591,186.7655581879593
PROP-060702,24.73389067379814
PROP-066061,52.89808145983873
PROP-008584,129.1495605381697
PROP-008444,232.94888657795454
PROP-005820,341.53506573276405
PROP-018655,214.1657845527741
PROP-078265,-21.069181090982788
PROP-065698,-52.93711369121784
PROP-058149,138.07669769052768
PROP-041867,84.35736044755683
PROP-022993,34.26695728358281
PROP-065692,131.3393293681099
PROP-083295,67.4639306588227
PROP-026444,197.28897946176477
PROP-029275,3.738187471712493
PROP-083808,105.27524449170241
PROP-024378,126.69677302375497
PROP-096403,335.1492402135167
PROP-089962,45.88216108915285
PROP-020551,-28.62570662810181
PROP-051443,104.31053415649453
PROP-045535,173.67835026961643
PROP-019939,59.22803966694132
PROP-018140,98.78689770114599
PROP-027813,127.92207306446458
PROP-007862,332.06254032805185
PROP-066838,37.75264097837388
PROP-054865,249.93776867267349
PROP-046259,347.6138203865612
PROP-061835,217.37618079750615
PROP-010557,-1.4439066039351305
PROP-081178,132.1039993475872
PROP-021187,233.2033256226518
PROP-064132,2.2435505743024597
PROP-009548,215.87156111588035
PROP-049127,104.75690725005386
PROP-038885,150.83047260903697
PROP-066245,127.70950452062438
PROP-087382,92.05377904919354
PROP-089435,194.15498004405094
PROP-020507,479.48833046595314
PROP-087913,134.79356953860554
PROP-087809,167.0316771887343
PROP-045010,437.2748283501281
PROP-003873,452.54464409343575
PROP-084811,415.84873947007407
PROP-065843,156.80789263196186
PROP-017379,46.36017119745044
PROP-029221,343.9161775531991
PROP-048067,89.01581892539511
PROP-088426,368.70313877585755
PROP-022142,-104.96386665949383
PROP-044043,119.92913856301948
PROP-087519,32.4397202208849
PROP-083319,152.3548209524025
PROP-013388,270.71027423600486
PROP-081216,45.82606979561535
PROP-066398,-3.9186685759749675
PROP-092735,327.67401803350947
PROP-070521,122.14679772894411
PROP-067038,330.2751219185051
PROP-005509,136.76926722515879
PROP-063326,230.3300348876567
PROP-068720,237.92676021133775
PROP-096977,-4.609699736561221
PROP-051833,507.59133795291524
PROP-008418,336.26991146442845
PROP-027222,-16.8665416352591
PROP-011727,173.40650678422335
PROP-047888,167.07367155335976
PROP-009999,-59.44292712944933
PROP-032362,66.49994794834366
PROP-033201,103.30511976374412
PROP-033711,64.11283597051414
PROP-086582,168.5293270335696
PROP-083251,125.64560917734576
PROP-007776,250.80828625408782
PROP-007101,201.5521142618078
PROP-019893,71.70372344513311
PROP-075343,217.39379150683592
PROP-030038,273.9755085299635
PROP-077757,71.94521260710967
PROP-061252,21.68339256582929
PROP-023761,303.77779855885944
PROP-082303,19.565710503255485
PROP-002630,34.586207650404496
PROP-078972,270.7156018295211
PROP-021630,277.41761723060756
PROP-051059,-7.809900305974821
PROP-067363,377.1075427570808
PROP-093079,7.835435668371328
PROP-063391,357.0458609069063
PROP-056030,103.78933061409543
PROP-025874,-44.21961876335214
PROP-070914,-8.666466366627475
PROP-029775,2.975769813503714
PROP-009040,106.14376441801853
PROP-050312,172.0887619025427
PROP-015422,45.97136114547586
PROP-065336,328.991170549056
PROP-075115,117.91487802696686
PROP-014252,140.3358965735681
PROP-033430,516.838105594988
PROP-044748,73.44160894582076
PROP-049015,243.80415132631694
PROP-079866,18.196120379428294
PROP-081928,47.32458663693164
PROP-098549,235.59754693533495
PROP-017287,47.213425780220746
PROP-051944,153.18767759532426
PROP-075104,159.02408268991238
PROP-059696,299.12731847282
PROP-091146,338.4507868113994
PROP-011524,15.511813437930613
PROP-003808,103.85181350498908
PROP-096925,31.178087644400016
PROP-043844,45.32171350931965
PROP-093185,240.6093876242229
PROP-014453,67.89856515835321
PROP-021408,21.88046755162531
PROP-016160,200.96704352844256
PROP-075993,140.34343338513406
PROP-045803,89.55015177665317
PROP-042853,247.184736234863
PROP-053969,31.672061073308573
PROP-063329,53.13882684919092
PROP-082678,162.2795232686931
PROP-002580,16.86456127340059
PROP-074357,87.88485564006626
PROP-093048,182.53610742112488
PROP-039721,20.18783282732221
PROP-094612,-16.57584570869986
PROP-099193,138.29096426491213
PROP-062910,42.505841475608115
PROP-025694,290.6718296827064
PROP-083329,158.59319651599628
PROP-029156,113.22529705918961
PROP-023944,167.06545303424193
PROP-037613,-9.87950582567718
PROP-040396,320.69135869502327
PROP-059971,225.8776014152126
PROP-017188,200.47351367159274
PROP-092814,319.21367962391463
PROP-077716,267.0853914798297
PROP-060796,106.3760328875379
PROP-089746,35.140698936255504
PROP-082212,229.46778696722055
PROP-022236,36.75082079332507
PROP-065790,107.10231249741881
PROP-077302,46.83531310164395
PROP-083792,115.20154412391372
PROP-061190,3.0306090500984686
PROP-059885,61.40596978217714
PROP-006382,148.91093001326144
PROP-061975,14.018172960674114
PROP-004217,167.73798913697112
PROP-028057,171.36980735689045
PROP-012957,390.8523516051288
PROP-048059,70.7052745736625
PROP-045305,521.6981977016621
PROP-039562,132.94031107863844
PROP-039386,176.1948820783054
PROP-011328,65.05429298850432
PROP-076473,263.1094806631135
PROP-030919,328.7628758100702
PROP-012912,49.73674599631313
PROP-008359,45.83189142207844
PROP-013804,118.91555348052275
PROP-034726,16.975403116323093
PROP-092455,62.25852050872748
PROP-091911,220.56567483989127
PROP-060906,-17.55003753579013
PROP-034405,26.920484790253475
PROP-028505,-42.56986637686113
PROP-029074,116.26795470980638
PROP-091293,131.18726202026778
PROP-011248,-22.708017563167193
PROP-077145,76.43270714823251
PROP-062819,77.48202741557964
PROP-096826,52.96053085650202
PROP-072738,47.586827181543
PROP-051874,183.77631342586918
PROP-094004,135.72228724369631
PROP-015480,300.36026924174496
PROP-097953,0.15485016889336123
PROP-020618,239.55032966065767
PROP-094964,285.0829140958207
PROP-010428,402.7612972566958
PROP-037965,-4.0046107204169346
PROP-022969,-41.914911322063624
PROP-007419,262.1895334358463
PROP-061545,81.66753757000528
PROP-019846,65.88413172147685
PROP-018740,244.35578178080013
PROP-039166,78.09610691848741
PROP-089287,25.59376329040326
PROP-005267,130.56483087155186
PROP-081346,-13.298126638985437
PROP-049128,141.54091038900646
PROP-062220,-13.258804468925451
PROP-036433,131.94939261956043
PROP-012900,246.6314242775234
PROP-041542,99.20690601565124
PROP-071572,10.14137762552189
PROP-089671,314.2129300444806
PROP-016585,1.523691489418547
PROP-026498,22.663913557495825
PROP-098621,10.195276699130268
PROP-083716,195.8145994702537
PROP-092433,74.41990372592583
PROP-082538,34.53050962656402
PROP-061923,-9.115074276418296
PROP-014618,91.15894456593242
PROP-075258,73.75843762130017
PROP-037809,18.952453321037986
PROP-019989,74.42735204725666
PROP-067839,53.12348975735393
PROP-069804,235.66815627085444
PROP-069768,51.402510227158416
PROP-022950,160.04504456079414
PROP-086782,223.3142281352397
PROP-036452,46.56518383300849
PROP-038995,42.6252530828925
PROP-085489,219.2459143000104
PROP-008620,274.6568040350007
PROP-089814,57.57755318980631
PROP-000714,254.38218804124307
PROP-044925,301.2985163031086
PROP-081621,54.88810039891504
PROP-016289,236.8533401449178
PROP-078075,33.58298945186861
PROP-099018,197.9039516337781
PROP-006800,-15.94268922085342
PROP-014819,35.30811209842011
PROP-017153,-17.42434101999746
PROP-021594,154.01192435819195
PROP-022082,21.72194397172025
PROP-016106,-11.332295402312761
PROP-009214,33.397284924054944
PROP-017084,126.40338514899112
PROP-062028,75.06543315223502
PROP-016532,377.98632276430806
PROP-015401,297.8610315620449
PROP-088257,126.2653345986615
PROP-080217,61.79324606556635
PROP-086360,18.537721722509097
PROP-047018,177.51357073767647
PROP-080452,154.98594293934593
PROP-055727,122.02939598365833
PROP-098505,113.22599315888384
PROP-011297,168.53595018537274
PROP-055193,125.78570540489604
PROP-016778,44.03208512826126
PROP-041048,95.37146365690245
PROP-039440,-12.955740319164214
PROP-028080,96.95203170993611
PROP-030300,-30.7753187237055
PROP-047870,316.8044723561266
PROP-079241,22.596993019778786
PROP-085692,13.193843133151965
PROP-022517,188.20632735042466
PROP-038024,266.13005558364887
PROP-016243,284.3128667325469
PROP-015041,353.3558605426997
PROP-018841,30.240696535772795
PROP-088928,112.0954843422342
PROP-055769,116.83420225421027
PROP-034476,90.04363496846933
PROP-081878,119.26689015562377
PROP-078957,56.27659259184567
PROP-083675,-29.477797108294755
PROP-063531,-61.17669383573519
PROP-033851,42.35999197530018
PROP-036560,57.443727511138206
PROP-024151,210.30163199969618
PROP-038766,101.30235002335334
PROP-074341,378.0210658051128
PROP-088618,83.35415962933335
PROP-033472,170.90762394280097
PROP-060148,183.79226258095306
PROP-034578,124.97341952011124
PROP-065327,214.63358323638266
PROP-097614,99.31164915735621
PROP-089744,4.883831318702583
PROP-074233,91.56346817887112
PROP-011600,319.63713263728346
PROP-069206,24.08170070780156
PROP-011497,78.3189518512762
PROP-028535,258.5647333224779
PROP-007168,11.69740525279795
PROP-080958,286.57327933348967
PROP-084619,59.34775153936381
PROP-046112,345.44386886838623
PROP-001398,372.5175800907931
PROP-049027,192.59351958507418
PROP-084805,53.04258035021075
PROP-073554,35.62128615759178
PROP-025494,115.54190205971449
PROP-096583,38.649774198829434
PROP-075770,-5.395230870932842
PROP-076425,102.03717295468954
PROP-068076,82.87608011600426
PROP-007648,324.0808600585276
PROP-053622,53.652890812337354
PROP-012424,225.10450682465384
PROP-098151,367.91371822697386
PROP-059079,34.076410178107395
PROP-053669,10.982647388374943
PROP-020123,285.1508441776381
PROP-079243,24.06546677265804
PROP-026359,62.701886079044854
PROP-007374,99.04346471251117
PROP-047985,-15.370582657368233
PROP-098315,21.490492013644744
PROP-062492,15.086963808527262
PROP-037119,81.36354344223871
PROP-093956,109.4422853279668
PROP-077909,75.53960780230898
PROP-045829,66.56053651738151
PROP-004239,21.945014242700147
PROP-093973,269.5067900065131
PROP-026495,52.52210081713187
PROP-086057,52.0927537084209
PROP-042924,220.1425279393511
PROP-055933,261.6546585352226
PROP-055084,316.12640121725946
PROP-032217,211.56312766610426
PROP-028597,57.68964431784283
PROP-092181,205.66150952454342
PROP-077603,206.14441695021827
PROP-091024,236.98765233216778
PROP-049416,88.1144855234394
PROP-070599,290.8513895110493
PROP-081406,33.36830511901947
PROP-050800,13.19947908510945
PROP-008012,50.96524566884036
PROP-026403,112.10468084796214
PROP-050443,128.59290294239662
PROP-090147,43.89270013834574
PROP-036445,89.2094007066656
PROP-059940,49.46163676328304
PROP-057611,110.95780124876505
PROP-083207,243.98822019156924
PROP-003939,121.15264038978196
PROP-067316,39.46145877804571
PROP-009059,88.15792955693891
PROP-016377,140.51115766723447
PROP-018368,95.21593032594532
PROP-013316,113.67037430720785
PROP-008188,84.76475160774403
PROP-064485,410.6738252268366
PROP-003809,-12.860688138586028
PROP-062323,96.77564883396428
PROP-089523,63.06130075978518
PROP-029011,169.9171287663435
PROP-024268,264.6887425283506
PROP-007233,51.58512517721996
PROP-067878,90.12128460723162
PROP-073119,-22.630721910138917
PROP-074376,-7.857617011132945
PROP-040368,178.24582343958147
PROP-036146,174.75277902002983
PROP-095005,274.908692200139
PROP-095297,131.59192262836933
PROP-089584,155.4460271812535
PROP-079182,235.72756737953623
PROP-009980,55.32264547125202
PROP-083665,153.88546261374012
PROP-094955,99.55291197793218
PROP-088026,47.35231064349302
PROP-011541,229.15683461439392
PROP-056027,429.6235749125847
PROP-038601,76.93215957862574
PROP-081486,465.35267405163273
PROP-074353,106.63468603130632
PROP-062227,159.20652771747862
PROP-064812,66.8882649896525
PROP-098935,251.4329812220956
PROP-054432,73.62476083558415
PROP-012766,17.983455964308828
PROP-055349,33.19001821834675
PROP-004036,182.51739779963864
PROP-078704,101.0755531401035
PROP-049643,510.1782821695289
PROP-046444,145.83465623198165
PROP-076309,70.01899823970362
PROP-047079,97.6613165823899
PROP-016801,144.07968692973617
PROP-024271,199.40201373878205
PROP-051198,229.22313846482209
PROP-082118,-27.774731648881133
PROP-087523,367.7875275214634
PROP-025198,177.86120438118215
PROP-067196,-4.812814592243595
PROP-017181,347.7502285689207
PROP-044488,3.7901781068598472
PROP-089239,79.70877282697828
PROP-014982,133.0102733597604
PROP-069225,385.8805621875444
PROP-062469,91.59924357961981
PROP-042151,118.01794573967157
PROP-086836,33.993099277353224
PROP-005623,231.47599080970872
PROP-006635,242.97072394891336
PROP-088525,135.9436713320216
PROP-074020,185.26486927102147
PROP-012779,173.6875715888881
PROP-056321,161.8101207274824
PROP-093588,-24.57049941019387
PROP-080959,280.81725878847413
PROP-090900,349.51307924112433
PROP-055227,-2.6479353766732334
PROP-084864,71.70816056341893
PROP-084068,231.83473272803585
PROP-058776,21.768899482386495
PROP-082534,136.4080620717698
PROP-016279,324.12253462676836
PROP-039192,276.95875465931897
PROP-070517,-67.71997783873854
PROP-061862,193.01535826166668
PROP-088888,178.58260165158453
PROP-017771,35.28110299777396
PROP-002259,427.185198133393
PROP-024019,303.32092916756324
PROP-084321,290.1260351997015
PROP-095122,140.7735043765313
PROP-058333,101.88039018336812
PROP-033753,68.08591769453415
PROP-036181,257.1283477237497
PROP-060621,22.495398992031475
PROP-037857,139.4027408986379
PROP-013822,331.4828144010846
PROP-022342,259.4313984150553
PROP-075167,45.78984776387493
PROP-075772,269.3022326924927
PROP-086936,56.230686667690776
PROP-057259,-6.150381963847691
PROP-051260,15.79329472435903
PROP-073880,48.284661619040584
PROP-025217,210.63486110874703
PROP-079690,267.31038213917867
PROP-081187,86.58885667882157
PROP-066992,60.770635046520084
PROP-033869,58.53390107634697
PROP-045513,209.2104007434158
PROP-014417,14.015252619156382
PROP-066521,295.0920035104659
PROP-060236,45.53352896072107
PROP-023128,421.98946245356547
PROP-075547,105.46811000632741
PROP-017150,164.57576803071032
PROP-082840,275.39695156692517
PROP-095508,-47.432146588861976
PROP-061780,285.8818207071954
PROP-038015,112.86979062754152
PROP-032396,300.3323636767524
PROP-061430,40.9530621355679
PROP-064195,205.19148497648794
PROP-086891,64.67591926531975
PROP-070365,127.9292746807534
PROP-008926,208.51856050371208
PROP-098522,70.82367519094751
PROP-068321,191.04265272154032
PROP-045312,285.1593321740421
PROP-089115,472.17734041180853
PROP-044495,62.33661949576663
PROP-058547,48.16726900176033
PROP-027622,154.98874595163264
PROP-050890,43.49726099928465
PROP-014079,-26.72133559681963
PROP-063180,69.49174715771042
PROP-082279,262.90812245076904
PROP-071368,290.22211093936494
PROP-041584,184.13437836416605
PROP-055763,19.135315123352434
PROP-082935,201.18991161186366
PROP-059525,354.0470597960348
PROP-060950,104.499274459493
PROP-030218,102.54193186455221
PROP-030001,-27.46167411800077
PROP-044452,59.20568226850874
PROP-079409,68.9252523755926
PROP-019776,114.29829047283823
PROP-077616,359.0969559683908
PROP-089424,301.4483545939798
PROP-038265,253.4181348769717
PROP-006015,-13.009903795166267
PROP-079581,35.82203005813342
PROP-056590,146.2375331887939
PROP-046923,150.37363163772824
PROP-025446,78.7934730280771
PROP-036444,189.58959500586576
PROP-083399,339.27401098351834
PROP-051032,99.03503734588816
PROP-088511,20.942508748421858
PROP-035293,-15.819858457283033
PROP-060176,167.07433620251555
PROP-049808,25.031957569488604
PROP-049058,58.80095486531691
PROP-018292,236.1876912094586
PROP-062556,162.480955761008
PROP-074729,34.510482016151705
PROP-004028,162.5321216209589
PROP-099925,58.6784007888259
PROP-065683,85.0326744532054
PROP-059993,5.711128045640663
PROP-021072,329.9867196289012
PROP-008868,-42.71085004241164
PROP-013912,222.8433564143042
PROP-055125,8.884230787653216
PROP-053764,107.43723103969799
PROP-051163,83.40874437874162
PROP-039756,264.29017170332907
PROP-013286,143.06177696620884
PROP-007249,10.62629874101297
PROP-008698,-53.84168936410625
PROP-056727,98.4305176400368
PROP-028300,-14.668501864688661
PROP-077684,69.8892741267526
PROP-058761,104.77855771460364
PROP-065367,498.266387188087
PROP-007156,316.2553199840226
PROP-015590,219.87692152872404
PROP-022573,37.576217433577796
PROP-077032,36.07130055278778
PROP-082378,109.85364587549716
PROP-057857,231.9064175178084
PROP-081954,122.15850807754327
PROP-053580,88.43870534026682
PROP-054655,23.638680006701904
PROP-021603,124.96890143010619
PROP-070909,233.2146548304675
PROP-059225,384.06248703570617
PROP-008610,109.1229576250571
PROP-067633,-16.53152031687867
PROP-092092,160.70555626203725
PROP-070057,104.85373900005818
PROP-049993,76.04075707855709
PROP-078192,134.5367678063722
PROP-097365,156.69040231501418
PROP-087177,52.314704237537995
PROP-093190,144.71765942382285
PROP-064927,0.35163131647524004
PROP-031978,62.311124853265866
PROP-088395,111.69585461160463
PROP-079949,189.6122448446745
PROP-033562,76.37157160893511
PROP-078876,168.4567391024747
